species,long,lat
Karsenia koreana,128.054454,36.861441
Karsenia koreana,127.668944,36.211389
Karsenia koreana,127.824111,36.115583
Karsenia koreana,127.8663056,36.11852778
Karsenia koreana,127.872111,36.054694
Karsenia koreana,128.120556,35.904167
Karsenia koreana,128.1047222,35.8425
Karsenia koreana,128.1877778,35.77722222
Karsenia koreana,127.1805556,36.42055556
Karsenia koreana,127.1988889,36.30055556
Karsenia koreana,128.0537778,36.85672222
Karsenia koreana,128.0859472,35.788475
Karsenia koreana,128.0945444,35.80481389
Karsenia koreana,126.8939,35.48768
Karsenia koreana,127.3448,36.19985
Karsenia koreana,127.27834,36.05528
Karsenia koreana,127.263222,35.890441
Karsenia koreana,127.28592,35.87274
Karsenia koreana,127.68954,36.65733
Karsenia koreana,128.05853,35.67557
Karsenia koreana,127.27541,36.381352
Karsenia koreana,127.932358,36.288563
Karsenia koreana,127.272105,36.334752
Karsenia koreana,127.68877,36.9765
Karsenia koreana,127.200136,36.401251
Karsenia koreana,127.340298,36.211247
Karsenia koreana,127.217302,36.345066
Karsenia koreana,127.340941,36.196599
Karsenia koreana,127.20126,36.10125
Karsenia koreana,127.334032,36.185897
Karsenia koreana,127.5493,36.16719
Karsenia koreana,127.554703,36.136766
Karsenia koreana,127.409821,35.660644
Karsenia koreana,127.261162,35.811967
Karsenia koreana,127.85408,36.0874
Karsenia koreana,127.490845,35.711752
Karsenia koreana,127.25824,36.33601
Karsenia koreana,127.24623,36.34348
Karsenia koreana,127.29996,36.10571
Karsenia koreana,127.32811,36.08684
Karsenia koreana,127.24039,35.93868
Karsenia koreana,127.250948,36.086078
Karsenia koreana,127.2161,36.09537
Karsenia koreana,127.20005,36.247318
Karsenia koreana,127.44299,36.19535
Karsenia koreana,127.32974,36.1985
Karsenia koreana,127.251992,36.231387
Karsenia koreana,127.31609,36.13538
Karsenia koreana,127.2052,36.092112
Karsenia koreana,127.2201,36.35361
Karsenia koreana,127.33309,36.18874
Karsenia koreana,127.26329,36.35639
Karsenia koreana,127.33635,36.10182
Karsenia koreana,127.60431,36.43579
Karsenia koreana,127.282447,36.147578
Karsenia koreana,127.337502,36.200832
Karsenia koreana,128.157921,36.867262
Karsenia koreana,127.24245,36.15465
Karsenia koreana,127.33665,36.22797
Karsenia koreana,127.33622,36.18108
Karsenia koreana,127.57818,36.55236
Karsenia koreana,126.84231,35.48723
Karsenia koreana,127.27459,35.98721
Karsenia koreana,127.26,36.34807
Karsenia koreana,127.260626,36.33288
Karsenia koreana,127.60972,36.550121
Karsenia koreana,127.3333,36.2167
Karsenia koreana,127.27687,35.98454
Karsenia koreana,127.284079,36.065058
Karsenia koreana,127.187,36.36425
Karsenia koreana,127.192122,36.373293
Karsenia koreana,127.228632,35.874585
Karsenia koreana,127.343752,36.200426
Karsenia koreana,127.36313,36.19719
Karsenia koreana,127.239146,36.148722
Karsenia koreana,127.206917,36.371816
Karsenia koreana,127.09345,35.72715
Karsenia koreana,127.284723,36.336872
Karsenia koreana,127.2736,35.975
Karsenia koreana,128.10093,35.80041
Karsenia koreana,127.78679,36.64398
Karsenia koreana,127.468014,36.435597
Karsenia koreana,127.399178,36.265657
Karsenia koreana,127.54028,36.37154
Karsenia koreana,127.19481,36.39144
Karsenia koreana,127.19383,36.37672
Karsenia koreana,127.19932,36.36231
Karsenia koreana,127.19009,36.33736
Karsenia koreana,127.21095,36.35295
Karsenia koreana,127.20778,36.35305
Karsenia koreana,127.22631,36.35395
Karsenia koreana,127.21614,36.36065
Karsenia koreana,127.19928,36.31035
Karsenia koreana,127.23498,36.36767
Karsenia koreana,127.24636,36.36622
Karsenia koreana,127.25069,36.37171
Karsenia koreana,127.25786,36.35001
Karsenia koreana,127.27678,36.33781
Karsenia koreana,127.27992,36.35239
Karsenia koreana,127.28421,36.35008
Karsenia koreana,127.20172,36.38118
Karsenia koreana,127.20082,36.38467
Karsenia koreana,127.20606,36.34126
Karsenia koreana,127.8582,36.52549
Karsenia koreana,128.5436,37.47148
Karsenia koreana,128.715153,37.206931
Karsenia koreana,129.1771,37.09339
Karsenia koreana,127.4747,35.76491
Karsenia koreana,127.6029,35.11225
Karsenia koreana,127.351412,36.357776
Karsenia koreana,127.374993,36.238783
Karsenia koreana,127.586775,36.554361
Karsenia koreana,128.074907,35.788202
Karsenia koreana,128.084117,35.795724
Karsenia koreana,127.76382,35.685443
Karsenia koreana,128.075045,35.788007
Karsenia koreana,127.966988,36.258987
Karsenia koreana,127.339722,36.221943
Karsenia koreana,127.288671,36.200062
Karsenia koreana,127.244118,35.929603
Karsenia koreana,127.203816,36.394584
Karsenia koreana,127.22301,36.341021
Karsenia koreana,127.216401,36.345999
Karsenia koreana,127.193313,36.338947
Karsenia koreana,127.198291,36.342058
Karsenia koreana,127.218096,36.380782
Karsenia koreana,127.411065,36.124183
Karsenia koreana,128.092889,35.859778
Karsenia koreana,127.65361,36.61268
Karsenia koreana,128.012667,35.864
Karsenia koreana,128.174417,35.763361
Karsenia koreana,127.866875,36.180372
Karsenia koreana,128.05275,35.663306
Karsenia koreana,127.412111,35.949694
Karsenia koreana,127.414528,35.971028
Karsenia koreana,127.811722,36.113561
Karsenia koreana,127.945561,36.110819
