species,long,lat
Onychodactylus koreanus,125.716003,38.055698
Onychodactylus koreanus,126.551306,35.197889
Onychodactylus koreanus,126.708659,34.749282
Onychodactylus koreanus,126.85823,36.417609
Onychodactylus koreanus,126.86059,36.407813
Onychodactylus koreanus,126.883202,35.440323
Onychodactylus koreanus,126.8856409,35.48532626
Onychodactylus koreanus,126.892519,36.409886
Onychodactylus koreanus,126.8962311,35.4881505
Onychodactylus koreanus,126.9643852,37.61988308
Onychodactylus koreanus,126.9645575,37.65400944
Onychodactylus koreanus,126.984949,37.71230264
Onychodactylus koreanus,127.0177342,36.65962032
Onychodactylus koreanus,127.023611,36.994444
Onychodactylus koreanus,127.0423058,36.67612913
Onychodactylus koreanus,127.087655,37.943296
Onychodactylus koreanus,127.089672,35.730489
Onychodactylus koreanus,127.103405,35.723799
Onychodactylus koreanus,127.206917,36.349974
Onychodactylus koreanus,127.21035,36.095719
Onychodactylus koreanus,127.2133331,38.12138748
Onychodactylus koreanus,127.218847,36.344651
Onychodactylus koreanus,127.232151,36.342231
Onychodactylus koreanus,127.236357,35.957583
Onychodactylus koreanus,127.2391865,36.09896771
Onychodactylus koreanus,127.247814,36.330469
Onychodactylus koreanus,127.258244,36.336009
Onychodactylus koreanus,127.272834,36.157558
Onychodactylus koreanus,127.279015,35.983563
Onychodactylus koreanus,127.286267,36.335352
Onychodactylus koreanus,127.288028,37.690528
Onychodactylus koreanus,127.289314,36.158113
Onychodactylus koreanus,127.308622,37.882292
Onychodactylus koreanus,127.330105,36.218605
Onychodactylus koreanus,127.332659,36.191369
Onychodactylus koreanus,127.33665,36.22797
Onychodactylus koreanus,127.342095,36.201317
Onychodactylus koreanus,127.351641,36.010313
Onychodactylus koreanus,127.376999,38.636398
Onychodactylus koreanus,127.389908,36.092945
Onychodactylus koreanus,127.393053,37.92305
Onychodactylus koreanus,127.4003485,36.01735759
Onychodactylus koreanus,127.4012941,35.97863983
Onychodactylus koreanus,127.405701,36.215471
Onychodactylus koreanus,127.431794,35.671801
Onychodactylus koreanus,127.436522,37.919942
Onychodactylus koreanus,127.4458333,39.1475
Onychodactylus koreanus,127.451131,37.875583
Onychodactylus koreanus,127.452004,39.089802
Onychodactylus koreanus,127.4558258,37.54729941
Onychodactylus koreanus,127.462608,37.985444
Onychodactylus koreanus,127.470736,37.7392
Onychodactylus koreanus,127.476147,37.911925
Onychodactylus koreanus,127.478683,35.735714
Onychodactylus koreanus,127.492974,35.744643
Onychodactylus koreanus,127.5073861,35.36689965
Onychodactylus koreanus,127.507709,36.592171
Onychodactylus koreanus,127.5167904,37.56650118
Onychodactylus koreanus,127.5326,35.2942
Onychodactylus koreanus,127.584978,36.55699
Onychodactylus koreanus,127.588917,37.931222
Onychodactylus koreanus,127.589778,37.902194
Onychodactylus koreanus,127.589861,37.845833
Onychodactylus koreanus,127.6015876,35.03183509
Onychodactylus koreanus,127.603472,37.821861
Onychodactylus koreanus,127.603501,36.560354
Onychodactylus koreanus,127.608944,37.735669
Onychodactylus koreanus,127.612833,37.725806
Onychodactylus koreanus,127.6296357,35.33420769
Onychodactylus koreanus,127.6405556,35.34212817
Onychodactylus koreanus,127.642677,37.571862
Onychodactylus koreanus,127.65361,36.61268
Onychodactylus koreanus,127.659996,37.975936
Onychodactylus koreanus,127.661587,36.356449
Onychodactylus koreanus,127.66485,37.851852
Onychodactylus koreanus,127.676071,37.879994
Onychodactylus koreanus,127.696,37.817528
Onychodactylus koreanus,127.712556,37.991167
Onychodactylus koreanus,127.728842,37.608858
Onychodactylus koreanus,127.7305,35.3373
Onychodactylus koreanus,127.75222,35.300835
Onychodactylus koreanus,127.760056,37.681083
Onychodactylus koreanus,127.7733897,35.86839968
Onychodactylus koreanus,127.7774703,35.87676584
Onychodactylus koreanus,127.782667,37.780333
Onychodactylus koreanus,127.8121889,37.77454663
Onychodactylus koreanus,127.826722,37.662972
Onychodactylus koreanus,127.842833,37.822361
Onychodactylus koreanus,127.847214,36.076506
Onychodactylus koreanus,127.8563528,36.54956374
Onychodactylus koreanus,127.865756,38.218242
Onychodactylus koreanus,127.878801,35.083753
Onychodactylus koreanus,127.888927,36.014116
Onychodactylus koreanus,127.916565,37.499376
Onychodactylus koreanus,127.921028,37.508364
Onychodactylus koreanus,127.945561,36.110819
Onychodactylus koreanus,127.9597572,36.7902023
Onychodactylus koreanus,127.978583,35.833833
Onychodactylus koreanus,128.012667,35.864
Onychodactylus koreanus,128.040806,35.736583
Onychodactylus koreanus,128.0506921,37.40049423
Onychodactylus koreanus,128.05275,35.663306
Onychodactylus koreanus,128.081111,35.510278
Onychodactylus koreanus,128.092889,35.859778
Onychodactylus koreanus,128.0955532,35.77433612
Onychodactylus koreanus,128.1019944,36.86192801
Onychodactylus koreanus,128.1036184,37.38488276
Onychodactylus koreanus,128.110992,38.6287
Onychodactylus koreanus,128.117004,38.638
Onychodactylus koreanus,128.1747437,37.3769781
Onychodactylus koreanus,128.1868605,36.8495194
Onychodactylus koreanus,128.2008879,37.1005879
Onychodactylus koreanus,128.231478,36.817187
Onychodactylus koreanus,128.2319966,37.01019529
Onychodactylus koreanus,128.271361,37.04572
Onychodactylus koreanus,128.276111,35.608333
Onychodactylus koreanus,128.288596,37.13785779
Onychodactylus koreanus,128.307906,37.66152863
Onychodactylus koreanus,128.339708,38.387692
Onychodactylus koreanus,128.3421444,38.12116351
Onychodactylus koreanus,128.3492853,37.62490211
Onychodactylus koreanus,128.413895,37.829723
Onychodactylus koreanus,128.4211904,38.08897152
Onychodactylus koreanus,128.422226,37.857498
Onychodactylus koreanus,128.427044,37.127064
Onychodactylus koreanus,128.4325,38.0275
Onychodactylus koreanus,128.4486575,38.08657205
Onychodactylus koreanus,128.451953,36.076206
Onychodactylus koreanus,128.4572595,38.10425434
Onychodactylus koreanus,128.4623074,38.17460459
Onychodactylus koreanus,128.493194,37.103164
Onychodactylus koreanus,128.511003,36.084456
Onychodactylus koreanus,128.528806,36.060222
Onychodactylus koreanus,128.5342,37.3109
Onychodactylus koreanus,128.5434138,37.47134747
Onychodactylus koreanus,128.5434154,37.30462153
Onychodactylus koreanus,128.545083,37.104069
Onychodactylus koreanus,128.54566,37.555219
Onychodactylus koreanus,128.549483,37.91925
Onychodactylus koreanus,128.557483,36.032481
Onychodactylus koreanus,128.562933,37.106722
Onychodactylus koreanus,128.5641667,37.50241484
Onychodactylus koreanus,128.5643,37.7865
Onychodactylus koreanus,128.581891,37.590577
Onychodactylus koreanus,128.593613,37.145
Onychodactylus koreanus,128.6120556,37.75865418
Onychodactylus koreanus,128.6327627,37.82019491
Onychodactylus koreanus,128.675589,37.1747
Onychodactylus koreanus,128.679017,37.193394
Onychodactylus koreanus,128.68037,37.39557
Onychodactylus koreanus,128.683367,37.096464
Onychodactylus koreanus,128.686694,37.242308
Onychodactylus koreanus,128.706342,37.21983338
Onychodactylus koreanus,128.710014,37.093636
Onychodactylus koreanus,128.718347,37.205369
Onychodactylus koreanus,128.731583,37.205633
Onychodactylus koreanus,128.777984,37.633989
Onychodactylus koreanus,128.7797178,37.31781586
Onychodactylus koreanus,128.78349,37.642075
Onychodactylus koreanus,128.796397,37.668392
Onychodactylus koreanus,128.798889,36.981389
Onychodactylus koreanus,128.803172,37.194317
Onychodactylus koreanus,128.804736,37.893283
Onychodactylus koreanus,128.819442,37.231233
Onychodactylus koreanus,128.838817,37.230781
Onychodactylus koreanus,128.855897,37.037581
Onychodactylus koreanus,128.867936,37.133739
Onychodactylus koreanus,128.9183271,37.57489846
Onychodactylus koreanus,128.939928,37.010878
Onychodactylus koreanus,128.9465332,37.25656609
Onychodactylus koreanus,128.9527199,37.17468979
Onychodactylus koreanus,128.971939,37.453057
Onychodactylus koreanus,128.978425,37.065644
Onychodactylus koreanus,128.995097,37.03995
Onychodactylus koreanus,129.002151,37.437793
Onychodactylus koreanus,129.008001,37.323733
Onychodactylus koreanus,129.0186314,37.46445652
Onychodactylus koreanus,129.0234375,37.41380035
Onychodactylus koreanus,129.028336,37.327778
Onychodactylus koreanus,129.055083,37.100278
Onychodactylus koreanus,129.110714,37.258619
Onychodactylus koreanus,129.1230704,37.11477106
Onychodactylus koreanus,129.1587057,37.12234345
Onychodactylus koreanus,129.172,36.905381
Onychodactylus koreanus,129.172144,37.218269
Onychodactylus koreanus,129.231458,36.913975
Onychodactylus koreanus,129.299856,37.237386
