"datasetKey","basisOfRecord","occurrenceStatus","species","decimalLatitude","decimalLongitude","continent","stateProvince","year","month","day","issues","references","license","geodeticDatum","gbifID","catalogNumber","locality"
"50c9509d-22c7-4a22-a47d-8c48425ef4a7","HUMAN_OBSERVATION","PRESENT","Dryophytes immaculatus",37.569453,126.94862,"ASIA","Gyeonggi-do",2023,5,20,"cdc,cdround","https://www.inaturalist.org/observations/169062540","http://creativecommons.org/licenses/by-nc/4.0/legalcode","WGS84","4145186625","169062540",NA
"50c9509d-22c7-4a22-a47d-8c48425ef4a7","HUMAN_OBSERVATION","PRESENT","Dryophytes immaculatus",37.555333,126.921397,"ASIA","Gyeonggi-do",2023,7,30,"cdc,cdround","https://www.inaturalist.org/observations/177086572","http://creativecommons.org/licenses/by-nc/4.0/legalcode","WGS84","4416812621","177086572",NA
"50c9509d-22c7-4a22-a47d-8c48425ef4a7","HUMAN_OBSERVATION","PRESENT","Dryophytes immaculatus",36.899012,127.008559,"ASIA","Gyeonggi-do",2022,5,10,"cdc,cdround","https://www.inaturalist.org/observations/116531810","http://creativecommons.org/licenses/by-nc/4.0/legalcode","WGS84","3773793379","116531810",NA
"50c9509d-22c7-4a22-a47d-8c48425ef4a7","HUMAN_OBSERVATION","PRESENT","Dryophytes immaculatus",38.167163,127.004714,"ASIA","Gyeonggi-do",2022,5,28,"cdc,cdround","https://www.inaturalist.org/observations/130336023","http://creativecommons.org/licenses/by-nc/4.0/legalcode","WGS84","3892660660","130336023",NA
"50c9509d-22c7-4a22-a47d-8c48425ef4a7","HUMAN_OBSERVATION","PRESENT","Dryophytes immaculatus",37.771097,126.609431,"ASIA","Gyeonggi-do",2022,6,23,"cdc,cdround","https://www.inaturalist.org/observations/123077818","http://creativecommons.org/licenses/by-nc/4.0/legalcode","WGS84","3858638825","123077818",NA
"50c9509d-22c7-4a22-a47d-8c48425ef4a7","HUMAN_OBSERVATION","PRESENT","Dryophytes immaculatus",37.75155,126.73263,"ASIA","Gyeonggi-do",2022,6,23,"cdc,cdround","https://www.inaturalist.org/observations/123080099","http://creativecommons.org/licenses/by-nc/4.0/legalcode","WGS84","3858942946","123080099",NA
"50c9509d-22c7-4a22-a47d-8c48425ef4a7","HUMAN_OBSERVATION","PRESENT","Dryophytes immaculatus",37.463911,126.606685,"ASIA","Gyeonggi-do",2020,5,15,"cdc,cdround","https://www.inaturalist.org/observations/45978514","http://creativecommons.org/licenses/by-nc/4.0/legalcode","WGS84","2873960386","45978514",NA
"50c9509d-22c7-4a22-a47d-8c48425ef4a7","HUMAN_OBSERVATION","PRESENT","Dryophytes immaculatus",37.579858,126.617757,"ASIA","Gyeonggi-do",2020,5,15,"cdc,cdround","https://www.inaturalist.org/observations/45979605","http://creativecommons.org/licenses/by-nc/4.0/legalcode","WGS84","2873757383","45979605",NA
"50c9509d-22c7-4a22-a47d-8c48425ef4a7","HUMAN_OBSERVATION","PRESENT","Dryophytes immaculatus",37.496329,126.960758,"ASIA","Gyeonggi-do",2020,6,11,"cdc,cdround","https://www.inaturalist.org/observations/49131793","http://creativecommons.org/licenses/by-nc/4.0/legalcode","WGS84","2873959391","49131793",NA
"50c9509d-22c7-4a22-a47d-8c48425ef4a7","HUMAN_OBSERVATION","PRESENT","Dryophytes immaculatus",37.685001,126.60136,"ASIA","Gyeonggi-do",2020,6,17,"cdc,cdround","https://www.inaturalist.org/observations/49937230","http://creativecommons.org/licenses/by-nc/4.0/legalcode","WGS84","3327693352","49937230",NA
"50c9509d-22c7-4a22-a47d-8c48425ef4a7","HUMAN_OBSERVATION","PRESENT","Dryophytes immaculatus",37.744086,126.600966,"ASIA","Gyeonggi-do",2020,6,17,"cdc,cdround","https://www.inaturalist.org/observations/49937567","http://creativecommons.org/licenses/by-nc/4.0/legalcode","WGS84","3328023356","49937567",NA
"50c9509d-22c7-4a22-a47d-8c48425ef4a7","HUMAN_OBSERVATION","PRESENT","Dryophytes immaculatus",37.683087,126.729401,"ASIA","Gyeonggi-do",2020,6,17,"cdc,cdround","https://www.inaturalist.org/observations/49938070","http://creativecommons.org/licenses/by-nc/4.0/legalcode","WGS84","3327688352","49938070",NA
"50c9509d-22c7-4a22-a47d-8c48425ef4a7","HUMAN_OBSERVATION","PRESENT","Dryophytes immaculatus",37.782077,126.622929,"ASIA","Gyeonggi-do",2020,6,17,"cdc,cdround","https://www.inaturalist.org/observations/49939414","http://creativecommons.org/licenses/by-nc/4.0/legalcode","WGS84","3328016351","49939414",NA
"50c9509d-22c7-4a22-a47d-8c48425ef4a7","HUMAN_OBSERVATION","PRESENT","Dryophytes immaculatus",38.077831,127.137021,"ASIA","Gyeonggi-do",2020,6,17,"cdc,cdround","https://www.inaturalist.org/observations/49955475","http://creativecommons.org/licenses/by-nc/4.0/legalcode","WGS84","3090780750","49955475",NA
"50c9509d-22c7-4a22-a47d-8c48425ef4a7","HUMAN_OBSERVATION","PRESENT","Dryophytes immaculatus",36.954973,126.981316,"ASIA","Chungcheongnam-do",2020,6,18,"cdc,cdround","https://www.inaturalist.org/observations/50036189","http://creativecommons.org/licenses/by-nc/4.0/legalcode","WGS84","3327683352","50036189",NA
"50c9509d-22c7-4a22-a47d-8c48425ef4a7","HUMAN_OBSERVATION","PRESENT","Dryophytes immaculatus",36.816348,126.95932,"ASIA","Chungcheongnam-do",2020,6,18,"cdc,cdround","https://www.inaturalist.org/observations/50037670","http://creativecommons.org/licenses/by-nc/4.0/legalcode","WGS84","3327930351","50037670",NA
"50c9509d-22c7-4a22-a47d-8c48425ef4a7","HUMAN_OBSERVATION","PRESENT","Dryophytes immaculatus",36.929578,126.937648,"ASIA","Chungcheongnam-do",2020,6,18,"cdc,cdround","https://www.inaturalist.org/observations/50038067","http://creativecommons.org/licenses/by-nc/4.0/legalcode","WGS84","3327928350","50038067",NA
"50c9509d-22c7-4a22-a47d-8c48425ef4a7","HUMAN_OBSERVATION","PRESENT","Dryophytes immaculatus",36.817293,126.948552,"ASIA","Chungcheongnam-do",2020,6,18,"cdc,cdround","https://www.inaturalist.org/observations/50039611","http://creativecommons.org/licenses/by-nc/4.0/legalcode","WGS84","3327774359","50039611",NA
"50c9509d-22c7-4a22-a47d-8c48425ef4a7","HUMAN_OBSERVATION","PRESENT","Dryophytes immaculatus",36.87173,126.878129,"ASIA","Chungcheongnam-do",2020,6,18,"cdc,cdround","https://www.inaturalist.org/observations/50039765","http://creativecommons.org/licenses/by-nc/4.0/legalcode","WGS84","3327984350","50039765",NA
"50c9509d-22c7-4a22-a47d-8c48425ef4a7","HUMAN_OBSERVATION","PRESENT","Dryophytes immaculatus",36.935727,126.840673,"ASIA","Chungcheongnam-do",2020,6,18,"cdc,cdround","https://www.inaturalist.org/observations/50041949","http://creativecommons.org/licenses/by-nc/4.0/legalcode","WGS84","3328033358","50041949",NA
"50c9509d-22c7-4a22-a47d-8c48425ef4a7","HUMAN_OBSERVATION","PRESENT","Dryophytes immaculatus",36.963732,126.883626,"ASIA","Chungcheongnam-do",2020,6,18,"cdc,cdround","https://www.inaturalist.org/observations/50042294","http://creativecommons.org/licenses/by-nc/4.0/legalcode","WGS84","3327998346","50042294",NA
"50c9509d-22c7-4a22-a47d-8c48425ef4a7","HUMAN_OBSERVATION","PRESENT","Dryophytes immaculatus",36.706337,126.987259,"ASIA","Chungcheongnam-do",2020,6,19,"cdc,cdround","https://www.inaturalist.org/observations/50141196","http://creativecommons.org/licenses/by-nc/4.0/legalcode","WGS84","2826202545","50141196",NA
"50c9509d-22c7-4a22-a47d-8c48425ef4a7","HUMAN_OBSERVATION","PRESENT","Dryophytes immaculatus",36.833854,126.943234,"ASIA","Chungcheongnam-do",2020,6,25,"cdc,cdround","https://www.inaturalist.org/observations/50950217","http://creativecommons.org/licenses/by-nc/4.0/legalcode","WGS84","2873930393","50950217",NA
"50c9509d-22c7-4a22-a47d-8c48425ef4a7","HUMAN_OBSERVATION","PRESENT","Dryophytes immaculatus",36.951438,126.903338,"ASIA","Chungcheongnam-do",2020,6,25,"cdc,cdround","https://www.inaturalist.org/observations/50961219","http://creativecommons.org/licenses/by-nc/4.0/legalcode","WGS84","2873796420","50961219",NA
"50c9509d-22c7-4a22-a47d-8c48425ef4a7","HUMAN_OBSERVATION","PRESENT","Dryophytes immaculatus",36.859572,126.934747,"ASIA","Chungcheongnam-do",2020,6,25,"cdc,cdround","https://www.inaturalist.org/observations/50961259","http://creativecommons.org/licenses/by-nc/4.0/legalcode","WGS84","2873785407","50961259",NA
"50c9509d-22c7-4a22-a47d-8c48425ef4a7","HUMAN_OBSERVATION","PRESENT","Dryophytes immaculatus",36.974748,126.91503,"ASIA","Gyeonggi-do",2019,5,4,"cdc,cdround","https://www.inaturalist.org/observations/25101523","http://creativecommons.org/licenses/by-nc/4.0/legalcode","WGS84","2826213343","25101523",NA
"50c9509d-22c7-4a22-a47d-8c48425ef4a7","HUMAN_OBSERVATION","PRESENT","Dryophytes immaculatus",36.977056,126.953118,"ASIA","Gyeonggi-do",2019,5,4,"cdc,cdround","https://www.inaturalist.org/observations/25101560","http://creativecommons.org/licenses/by-nc/4.0/legalcode","WGS84","2826366354","25101560",NA
"50c9509d-22c7-4a22-a47d-8c48425ef4a7","HUMAN_OBSERVATION","PRESENT","Dryophytes immaculatus",36.80761,126.863727,"ASIA","Gyeonggi-do",2019,5,4,"cdc,cdround","https://www.inaturalist.org/observations/25101570","http://creativecommons.org/licenses/by-nc/4.0/legalcode","WGS84","2826411365","25101570",NA
"50c9509d-22c7-4a22-a47d-8c48425ef4a7","HUMAN_OBSERVATION","PRESENT","Dryophytes immaculatus",36.982711,126.915652,"ASIA","Gyeonggi-do",2019,5,31,"cdc,cdround","https://www.inaturalist.org/observations/26112688","http://creativecommons.org/licenses/by/4.0/legalcode","WGS84","2283022602","26112688",NA
"50c9509d-22c7-4a22-a47d-8c48425ef4a7","HUMAN_OBSERVATION","PRESENT","Dryophytes immaculatus",36.904688,126.9387,"ASIA","Gyeonggi-do",2019,5,31,"cdc,cdround","https://www.inaturalist.org/observations/26112694","http://creativecommons.org/licenses/by/4.0/legalcode","WGS84","2251983905","26112694",NA
"50c9509d-22c7-4a22-a47d-8c48425ef4a7","HUMAN_OBSERVATION","PRESENT","Dryophytes immaculatus",36.888718,126.984435,"ASIA","Gyeonggi-do",2019,5,31,"cdc,cdround","https://www.inaturalist.org/observations/26112695","http://creativecommons.org/licenses/by/4.0/legalcode","WGS84","2251983507","26112695",NA
"50c9509d-22c7-4a22-a47d-8c48425ef4a7","HUMAN_OBSERVATION","PRESENT","Dryophytes immaculatus",36.902335,126.807953,"ASIA","Gyeonggi-do",2019,5,31,"cdc,cdround","https://www.inaturalist.org/observations/26112698","http://creativecommons.org/licenses/by/4.0/legalcode","WGS84","2251984276","26112698",NA
"50c9509d-22c7-4a22-a47d-8c48425ef4a7","HUMAN_OBSERVATION","PRESENT","Dryophytes immaculatus",36.84088,126.89617,"ASIA","Gyeonggi-do",2019,5,31,"cdc,cdround","https://www.inaturalist.org/observations/26112699","http://creativecommons.org/licenses/by/4.0/legalcode","WGS84","2251982823","26112699",NA
"50c9509d-22c7-4a22-a47d-8c48425ef4a7","HUMAN_OBSERVATION","PRESENT","Dryophytes immaculatus",36.81084,126.983592,"ASIA","Gyeonggi-do",2019,5,31,"cdc,cdround","https://www.inaturalist.org/observations/26112700","http://creativecommons.org/licenses/by/4.0/legalcode","WGS84","2251982801","26112700",NA
"50c9509d-22c7-4a22-a47d-8c48425ef4a7","HUMAN_OBSERVATION","PRESENT","Dryophytes immaculatus",36.930296,126.83242,"ASIA","Gyeonggi-do",2019,5,31,"cdc,cdround","https://www.inaturalist.org/observations/26112702","http://creativecommons.org/licenses/by/4.0/legalcode","WGS84","2251984134","26112702",NA
"50c9509d-22c7-4a22-a47d-8c48425ef4a7","HUMAN_OBSERVATION","PRESENT","Dryophytes immaculatus",37.468366,126.625746,"ASIA","Gyeonggi-do",2019,6,1,"cdc,cdround","https://www.inaturalist.org/observations/26214788","http://creativecommons.org/licenses/by/4.0/legalcode","WGS84","2252006012","26214788",NA
"50c9509d-22c7-4a22-a47d-8c48425ef4a7","HUMAN_OBSERVATION","PRESENT","Dryophytes immaculatus",36.834161,126.81248,"ASIA","Gyeonggi-do",2019,6,14,"cdc,cdround","https://www.inaturalist.org/observations/26965780","http://creativecommons.org/licenses/by/4.0/legalcode","WGS84","2269233290","26965780",NA
"50c9509d-22c7-4a22-a47d-8c48425ef4a7","HUMAN_OBSERVATION","PRESENT","Dryophytes immaculatus",36.897637,126.81155,"ASIA","Gyeonggi-do",2019,6,14,"cdc,cdround","https://www.inaturalist.org/observations/26966101","http://creativecommons.org/licenses/by/4.0/legalcode","WGS84","2269236660","26966101",NA
"50c9509d-22c7-4a22-a47d-8c48425ef4a7","HUMAN_OBSERVATION","PRESENT","Dryophytes immaculatus",36.875524,126.994025,"ASIA","Gyeonggi-do",2019,6,14,"cdc,cdround","https://www.inaturalist.org/observations/26966102","http://creativecommons.org/licenses/by/4.0/legalcode","WGS84","2269236814","26966102",NA
"50c9509d-22c7-4a22-a47d-8c48425ef4a7","HUMAN_OBSERVATION","PRESENT","Dryophytes immaculatus",36.963807,126.978434,"ASIA","Gyeonggi-do",2019,6,14,"cdc,cdround","https://www.inaturalist.org/observations/26966104","http://creativecommons.org/licenses/by/4.0/legalcode","WGS84","2269236262","26966104",NA
"50c9509d-22c7-4a22-a47d-8c48425ef4a7","HUMAN_OBSERVATION","PRESENT","Dryophytes immaculatus",36.909475,126.886094,"ASIA","Gyeonggi-do",2019,6,14,"cdc,cdround","https://www.inaturalist.org/observations/26966107","http://creativecommons.org/licenses/by/4.0/legalcode","WGS84","2269236362","26966107",NA
"50c9509d-22c7-4a22-a47d-8c48425ef4a7","HUMAN_OBSERVATION","PRESENT","Dryophytes immaculatus",36.882042,127.124542,"ASIA","Gyeonggi-do",2019,6,15,"cdc,cdround","https://www.inaturalist.org/observations/26994502","http://creativecommons.org/licenses/by/4.0/legalcode","WGS84","2269241995","26994502",NA
"50c9509d-22c7-4a22-a47d-8c48425ef4a7","HUMAN_OBSERVATION","PRESENT","Dryophytes immaculatus",36.9914,127.135927,"ASIA","Gyeonggi-do",2019,6,15,"cdc,cdround","https://www.inaturalist.org/observations/26994504","http://creativecommons.org/licenses/by/4.0/legalcode","WGS84","2269240871","26994504",NA
"50c9509d-22c7-4a22-a47d-8c48425ef4a7","HUMAN_OBSERVATION","PRESENT","Dryophytes immaculatus",36.903474,127.192374,"ASIA","Gyeonggi-do",2019,6,15,"cdc,cdround","https://www.inaturalist.org/observations/26994505","http://creativecommons.org/licenses/by/4.0/legalcode","WGS84","2269243428","26994505",NA
"50c9509d-22c7-4a22-a47d-8c48425ef4a7","HUMAN_OBSERVATION","PRESENT","Dryophytes immaculatus",36.915093,127.044079,"ASIA","Gyeonggi-do",2019,6,15,"cdc,cdround","https://www.inaturalist.org/observations/26994509","http://creativecommons.org/licenses/by/4.0/legalcode","WGS84","2269240971","26994509",NA
"50c9509d-22c7-4a22-a47d-8c48425ef4a7","HUMAN_OBSERVATION","PRESENT","Dryophytes immaculatus",36.936623,127.144713,"ASIA","Gyeonggi-do",2019,6,15,"cdc,cdround","https://www.inaturalist.org/observations/26994512","http://creativecommons.org/licenses/by/4.0/legalcode","WGS84","2269240139","26994512",NA
"50c9509d-22c7-4a22-a47d-8c48425ef4a7","HUMAN_OBSERVATION","PRESENT","Dryophytes immaculatus",36.820162,127.159875,"ASIA","Gyeonggi-do",2019,6,15,"cdc,cdround","https://www.inaturalist.org/observations/26994513","http://creativecommons.org/licenses/by/4.0/legalcode","WGS84","2269240287","26994513",NA
"50c9509d-22c7-4a22-a47d-8c48425ef4a7","HUMAN_OBSERVATION","PRESENT","Dryophytes immaculatus",36.918872,127.013053,"ASIA","Gyeonggi-do",2019,6,15,"cdc,cdround","https://www.inaturalist.org/observations/26994515","http://creativecommons.org/licenses/by/4.0/legalcode","WGS84","2269240805","26994515",NA
"50c9509d-22c7-4a22-a47d-8c48425ef4a7","HUMAN_OBSERVATION","PRESENT","Dryophytes immaculatus",36.692397,126.548706,"ASIA","Chungcheongnam-do",2019,6,15,"cdc,cdround","https://www.inaturalist.org/observations/27018368","http://creativecommons.org/licenses/by/4.0/legalcode","WGS84","2269249266","27018368",NA
"50c9509d-22c7-4a22-a47d-8c48425ef4a7","HUMAN_OBSERVATION","PRESENT","Dryophytes immaculatus",36.615351,126.421252,"ASIA","Chungcheongnam-do",2019,6,15,"cdc,cdround","https://www.inaturalist.org/observations/27018370","http://creativecommons.org/licenses/by/4.0/legalcode","WGS84","2269249468","27018370",NA
"50c9509d-22c7-4a22-a47d-8c48425ef4a7","HUMAN_OBSERVATION","PRESENT","Dryophytes immaculatus",36.710851,126.560342,"ASIA","Chungcheongnam-do",2019,6,15,"cdc,cdround","https://www.inaturalist.org/observations/27018420","http://creativecommons.org/licenses/by/4.0/legalcode","WGS84","2269248901","27018420",NA
"50c9509d-22c7-4a22-a47d-8c48425ef4a7","HUMAN_OBSERVATION","PRESENT","Dryophytes immaculatus",36.615418,126.489727,"ASIA","Chungcheongnam-do",2019,6,30,"cdc,cdround","https://www.inaturalist.org/observations/27924914","http://creativecommons.org/licenses/by/4.0/legalcode","WGS84","2283082504","27924914",NA
"50c9509d-22c7-4a22-a47d-8c48425ef4a7","HUMAN_OBSERVATION","PRESENT","Dryophytes immaculatus",39.571953,125.380128,"ASIA","P'yongan-namdo",2019,6,16,"cdc,cdround","https://www.inaturalist.org/observations/38180129","http://creativecommons.org/licenses/by-nc/4.0/legalcode","WGS84","2574145786","38180129",NA
"50c9509d-22c7-4a22-a47d-8c48425ef4a7","HUMAN_OBSERVATION","PRESENT","Dryophytes immaculatus",39.435034,125.370523,"ASIA","P'yongan-namdo",2019,6,16,"cdc,cdround","https://www.inaturalist.org/observations/38180131","http://creativecommons.org/licenses/by-nc/4.0/legalcode","WGS84","2574242807","38180131",NA
"50c9509d-22c7-4a22-a47d-8c48425ef4a7","HUMAN_OBSERVATION","PRESENT","Dryophytes immaculatus",39.498386,125.510335,"ASIA","P'yongan-namdo",2019,6,16,"cdc,cdround","https://www.inaturalist.org/observations/38180133","http://creativecommons.org/licenses/by-nc/4.0/legalcode","WGS84","2574244743","38180133",NA
"50c9509d-22c7-4a22-a47d-8c48425ef4a7","HUMAN_OBSERVATION","PRESENT","Dryophytes immaculatus",37.696989,126.645313,"ASIA","Gyeonggi-do",2018,5,26,"cdc,cdround","https://www.inaturalist.org/observations/12823758","http://creativecommons.org/licenses/by-nc/4.0/legalcode","WGS84","2609067443","12823758",NA
"50c9509d-22c7-4a22-a47d-8c48425ef4a7","HUMAN_OBSERVATION","PRESENT","Dryophytes immaculatus",37.581689,126.904472,"ASIA","Gyeonggi-do",2018,5,14,"cdc,cdround","https://www.inaturalist.org/observations/16518222","http://creativecommons.org/licenses/by-nc/4.0/legalcode","WGS84","2573790887","16518222",NA
"50c9509d-22c7-4a22-a47d-8c48425ef4a7","HUMAN_OBSERVATION","PRESENT","Dryophytes immaculatus",37.472219,126.93662,"ASIA","Gyeonggi-do",2018,5,14,"cdc,cdround","https://www.inaturalist.org/observations/16518227","http://creativecommons.org/licenses/by-nc/4.0/legalcode","WGS84","2573790905","16518227",NA
"50c9509d-22c7-4a22-a47d-8c48425ef4a7","HUMAN_OBSERVATION","PRESENT","Dryophytes immaculatus",37.53568,126.948083,"ASIA","Gyeonggi-do",2018,5,14,"cdc,cdround","https://www.inaturalist.org/observations/16518228","http://creativecommons.org/licenses/by-nc/4.0/legalcode","WGS84","2573790879","16518228",NA
"50c9509d-22c7-4a22-a47d-8c48425ef4a7","HUMAN_OBSERVATION","PRESENT","Dryophytes immaculatus",37.421941,126.893774,"ASIA","Gyeonggi-do",2018,5,14,"cdc,cdround","https://www.inaturalist.org/observations/16518229","http://creativecommons.org/licenses/by-nc/4.0/legalcode","WGS84","2573790884","16518229",NA
"50c9509d-22c7-4a22-a47d-8c48425ef4a7","HUMAN_OBSERVATION","PRESENT","Dryophytes immaculatus",37.434733,126.894205,"ASIA","Gyeonggi-do",2018,5,14,"cdc,cdround","https://www.inaturalist.org/observations/16518231","http://creativecommons.org/licenses/by-nc/4.0/legalcode","WGS84","2573790891","16518231",NA
"50c9509d-22c7-4a22-a47d-8c48425ef4a7","HUMAN_OBSERVATION","PRESENT","Dryophytes immaculatus",37.493469,126.979305,"ASIA","Gyeonggi-do",2018,5,14,"cdc,cdround","https://www.inaturalist.org/observations/16518234","http://creativecommons.org/licenses/by-nc/4.0/legalcode","WGS84","2573790882","16518234",NA
"50c9509d-22c7-4a22-a47d-8c48425ef4a7","HUMAN_OBSERVATION","PRESENT","Dryophytes immaculatus",37.587003,126.978881,"ASIA","Gyeonggi-do",2018,5,14,"cdc,cdround","https://www.inaturalist.org/observations/16518235","http://creativecommons.org/licenses/by-nc/4.0/legalcode","WGS84","2573790888","16518235",NA
"50c9509d-22c7-4a22-a47d-8c48425ef4a7","HUMAN_OBSERVATION","PRESENT","Dryophytes immaculatus",37.458652,126.938675,"ASIA","Gyeonggi-do",2018,5,14,"cdc,cdround","https://www.inaturalist.org/observations/16518236","http://creativecommons.org/licenses/by-nc/4.0/legalcode","WGS84","1990452550","16518236",NA
"50c9509d-22c7-4a22-a47d-8c48425ef4a7","HUMAN_OBSERVATION","PRESENT","Dryophytes immaculatus",37.483015,126.841696,"ASIA","Gyeonggi-do",2018,5,14,"cdc,cdround","https://www.inaturalist.org/observations/16518237","http://creativecommons.org/licenses/by-nc/4.0/legalcode","WGS84","1990452552","16518237",NA
"50c9509d-22c7-4a22-a47d-8c48425ef4a7","HUMAN_OBSERVATION","PRESENT","Dryophytes immaculatus",37.287232,126.939799,"ASIA","Gyeonggi-do",2018,5,14,"cdc,cdround","https://www.inaturalist.org/observations/16518239","http://creativecommons.org/licenses/by-nc/4.0/legalcode","WGS84","1990452555","16518239",NA
"50c9509d-22c7-4a22-a47d-8c48425ef4a7","HUMAN_OBSERVATION","PRESENT","Dryophytes immaculatus",37.788861,126.704432,"ASIA","Gyeonggi-do",2018,5,26,"cdc,cdround","https://www.inaturalist.org/observations/16660398","http://creativecommons.org/licenses/by-nc/4.0/legalcode","WGS84","1990453096","16660398",NA
"50c9509d-22c7-4a22-a47d-8c48425ef4a7","HUMAN_OBSERVATION","PRESENT","Dryophytes immaculatus",37.174718,127.157328,"ASIA","Gyeonggi-do",2018,6,24,"cdc,cdround","https://www.inaturalist.org/observations/13763980","http://creativecommons.org/licenses/by-nc/4.0/legalcode","WGS84","1890668418","13763980",NA
"50c9509d-22c7-4a22-a47d-8c48425ef4a7","HUMAN_OBSERVATION","PRESENT","Dryophytes immaculatus",36.834965,126.803191,"ASIA","Chungcheongnam-do",2018,6,23,"cdc,cdround","https://www.inaturalist.org/observations/13765530","http://creativecommons.org/licenses/by-nc/4.0/legalcode","WGS84","2609067750","13765530",NA
"50c9509d-22c7-4a22-a47d-8c48425ef4a7","HUMAN_OBSERVATION","PRESENT","Dryophytes immaculatus",37.776282,126.628689,"ASIA","Gyeonggi-do",2018,6,24,"cdc,cdround","https://www.inaturalist.org/observations/13765531","http://creativecommons.org/licenses/by-nc/4.0/legalcode","WGS84","2609067751","13765531",NA
"50c9509d-22c7-4a22-a47d-8c48425ef4a7","HUMAN_OBSERVATION","PRESENT","Dryophytes immaculatus",37.606027,126.730831,"ASIA","Gyeonggi-do",2018,6,24,"cdc,cdround","https://www.inaturalist.org/observations/13765532","http://creativecommons.org/licenses/by-nc/4.0/legalcode","WGS84","1891291061","13765532",NA
"50c9509d-22c7-4a22-a47d-8c48425ef4a7","HUMAN_OBSERVATION","PRESENT","Dryophytes immaculatus",37.183143,127.069882,"ASIA","Gyeonggi-do",2018,6,24,"cdc,cdround","https://www.inaturalist.org/observations/16203311","http://creativecommons.org/licenses/by-nc/4.0/legalcode","WGS84","2573790068","16203311",NA
"50c9509d-22c7-4a22-a47d-8c48425ef4a7","HUMAN_OBSERVATION","PRESENT","Dryophytes immaculatus",37.014462,127.118897,"ASIA","Gyeonggi-do",2018,6,24,"cdc,cdround","https://www.inaturalist.org/observations/16203312","http://creativecommons.org/licenses/by-nc/4.0/legalcode","WGS84","2573790073","16203312",NA
"50c9509d-22c7-4a22-a47d-8c48425ef4a7","HUMAN_OBSERVATION","PRESENT","Dryophytes immaculatus",37.503396,126.851269,"ASIA","Gyeonggi-do",2018,7,19,"cdc,cdround","https://www.inaturalist.org/observations/16320678","http://creativecommons.org/licenses/by-nc/4.0/legalcode","WGS84","2573790298","16320678",NA
"50c9509d-22c7-4a22-a47d-8c48425ef4a7","HUMAN_OBSERVATION","PRESENT","Dryophytes immaculatus",37.560218,126.934051,"ASIA","Gyeonggi-do",2018,7,19,"cdc,cdround","https://www.inaturalist.org/observations/16320684","http://creativecommons.org/licenses/by-nc/4.0/legalcode","WGS84","2573790368","16320684",NA
"50c9509d-22c7-4a22-a47d-8c48425ef4a7","HUMAN_OBSERVATION","PRESENT","Dryophytes immaculatus",37.187416,127.383584,"ASIA","Gyeonggi-do",2017,5,23,"cdc,cdround","https://www.inaturalist.org/observations/6332452","http://creativecommons.org/licenses/by-nc/4.0/legalcode","WGS84","2573826658","6332452",NA
"50c9509d-22c7-4a22-a47d-8c48425ef4a7","HUMAN_OBSERVATION","PRESENT","Dryophytes immaculatus",36.846095,127.173468,"ASIA","Chungcheongnam-do",2017,5,24,"cdc,cdround","https://www.inaturalist.org/observations/6356286","http://creativecommons.org/licenses/by-nc/4.0/legalcode","WGS84","2574135762","6356286",NA
"50c9509d-22c7-4a22-a47d-8c48425ef4a7","HUMAN_OBSERVATION","PRESENT","Dryophytes immaculatus",36.872795,127.153549,"ASIA","Chungcheongnam-do",2017,5,24,"cdc,cdround","https://www.inaturalist.org/observations/6356294","http://creativecommons.org/licenses/by-nc/4.0/legalcode","WGS84","2573811649","6356294",NA
"50c9509d-22c7-4a22-a47d-8c48425ef4a7","HUMAN_OBSERVATION","PRESENT","Dryophytes immaculatus",36.860663,126.907434,"ASIA","Chungcheongnam-do",2017,5,29,"cdc,cdround","https://www.inaturalist.org/observations/6570577","http://creativecommons.org/licenses/by-nc/4.0/legalcode","WGS84","1668799983","6570577",NA
"50c9509d-22c7-4a22-a47d-8c48425ef4a7","HUMAN_OBSERVATION","PRESENT","Dryophytes immaculatus",36.806938,126.828917,"ASIA","Chungcheongnam-do",2017,5,29,"cdc,cdround","https://www.inaturalist.org/observations/6570580","http://creativecommons.org/licenses/by-nc/4.0/legalcode","WGS84","2573969666","6570580",NA
"50c9509d-22c7-4a22-a47d-8c48425ef4a7","HUMAN_OBSERVATION","PRESENT","Dryophytes immaculatus",37.414854,126.670533,"ASIA","Gyeonggi-do",2017,6,23,"cdc,cdround","https://www.inaturalist.org/observations/6885516","http://creativecommons.org/licenses/by/4.0/legalcode","WGS84","1640039794","6885516",NA
"50c9509d-22c7-4a22-a47d-8c48425ef4a7","HUMAN_OBSERVATION","PRESENT","Dryophytes immaculatus",37.529562,126.982276,"ASIA","Gyeonggi-do",2017,8,11,"cdc,cdround","https://www.inaturalist.org/observations/7618058","http://creativecommons.org/licenses/by-nc/4.0/legalcode","WGS84","1640048834","7618058",NA
"50c9509d-22c7-4a22-a47d-8c48425ef4a7","HUMAN_OBSERVATION","PRESENT","Dryophytes immaculatus",37.472768,126.874796,"ASIA","Gyeonggi-do",2017,8,21,"cdc,cdround","https://www.inaturalist.org/observations/7645554","http://creativecommons.org/licenses/by-nc/4.0/legalcode","WGS84","2573820681","7645554",NA
"50c9509d-22c7-4a22-a47d-8c48425ef4a7","HUMAN_OBSERVATION","PRESENT","Dryophytes immaculatus",37.588364,126.904795,"ASIA","Gyeonggi-do",2017,8,23,"cdc,cdround","https://www.inaturalist.org/observations/7645758","http://creativecommons.org/licenses/by-nc/4.0/legalcode","WGS84","1802631258","7645758",NA
"50c9509d-22c7-4a22-a47d-8c48425ef4a7","HUMAN_OBSERVATION","PRESENT","Dryophytes immaculatus",37.872721,126.641931,"ASIA","Gyeonggi-do",2017,9,1,"cdc,cdround","https://www.inaturalist.org/observations/7739204","http://creativecommons.org/licenses/by-nc/4.0/legalcode","WGS84","1802632027","7739204",NA
"50c9509d-22c7-4a22-a47d-8c48425ef4a7","HUMAN_OBSERVATION","PRESENT","Dryophytes immaculatus",37.901109,126.63125,"ASIA","Gyeonggi-do",2017,9,2,"cdc,cdround","https://www.inaturalist.org/observations/7739216","http://creativecommons.org/licenses/by-nc/4.0/legalcode","WGS84","1802632031","7739216",NA
"50c9509d-22c7-4a22-a47d-8c48425ef4a7","HUMAN_OBSERVATION","PRESENT","Dryophytes immaculatus",36.994986,126.827996,"ASIA","Chungcheongnam-do",2016,4,23,"cdc,cdround","https://www.inaturalist.org/observations/3010828","http://creativecommons.org/licenses/by-nc/4.0/legalcode","WGS84","1586086452","3010828",NA
"50c9509d-22c7-4a22-a47d-8c48425ef4a7","HUMAN_OBSERVATION","PRESENT","Dryophytes immaculatus",36.908046,127.137258,"ASIA","Chungcheongnam-do",2016,4,24,"cdc,cdround","https://www.inaturalist.org/observations/3019327","http://creativecommons.org/licenses/by/4.0/legalcode","WGS84","1586086468","3019327",NA
"50c9509d-22c7-4a22-a47d-8c48425ef4a7","HUMAN_OBSERVATION","PRESENT","Dryophytes immaculatus",36.71343,126.461295,"ASIA","Chungcheongnam-do",2016,5,4,"cdc,cdround","https://www.inaturalist.org/observations/3094969","http://creativecommons.org/licenses/by/4.0/legalcode","WGS84","1586086556","3094969",NA
"50c9509d-22c7-4a22-a47d-8c48425ef4a7","HUMAN_OBSERVATION","PRESENT","Dryophytes immaculatus",37.533076,126.993911,"ASIA","Gyeonggi-do",2016,5,4,"cdc,cdround","https://www.inaturalist.org/observations/3095077","http://creativecommons.org/licenses/by-nc/4.0/legalcode","WGS84","1586086558","3095077",NA
"50c9509d-22c7-4a22-a47d-8c48425ef4a7","HUMAN_OBSERVATION","PRESENT","Dryophytes immaculatus",37.047392,126.927536,"ASIA","Gyeonggi-do",2016,5,6,"cdc,cdround","https://www.inaturalist.org/observations/3102988","http://creativecommons.org/licenses/by-nc/4.0/legalcode","WGS84","1586086576","3102988",NA
"50c9509d-22c7-4a22-a47d-8c48425ef4a7","HUMAN_OBSERVATION","PRESENT","Dryophytes immaculatus",36.956907,127.22618,"ASIA","Gyeonggi-do",2016,5,10,"cdc,cdround","https://www.inaturalist.org/observations/3137019","http://creativecommons.org/licenses/by-nc/4.0/legalcode","WGS84","1586086610","3137019",NA
"50c9509d-22c7-4a22-a47d-8c48425ef4a7","HUMAN_OBSERVATION","PRESENT","Dryophytes immaculatus",36.687918,126.520671,"ASIA","Chungcheongnam-do",2016,5,14,"cdc,cdround","https://www.inaturalist.org/observations/3170912","http://creativecommons.org/licenses/by/4.0/legalcode","WGS84","1586086660","3170912",NA
"50c9509d-22c7-4a22-a47d-8c48425ef4a7","HUMAN_OBSERVATION","PRESENT","Dryophytes immaculatus",37.428892,126.618266,"ASIA","Gyeonggi-do",2016,5,16,"cdc,cdround","https://www.inaturalist.org/observations/3186154","http://creativecommons.org/licenses/by-nc/4.0/legalcode","WGS84","1586086678","3186154",NA
"50c9509d-22c7-4a22-a47d-8c48425ef4a7","HUMAN_OBSERVATION","PRESENT","Dryophytes immaculatus",37.294734,127.746817,"ASIA","Gangwon-do",2016,5,28,"cdc,cdround","https://www.inaturalist.org/observations/3321808","http://creativecommons.org/licenses/by-nc/4.0/legalcode","WGS84","1586086846","3321808",NA
"50c9509d-22c7-4a22-a47d-8c48425ef4a7","HUMAN_OBSERVATION","PRESENT","Dryophytes immaculatus",37.11487,127.66929,"ASIA","Gyeonggi-do",2016,5,28,"cdc,cdround","https://www.inaturalist.org/observations/3330804","http://creativecommons.org/licenses/by-nc/4.0/legalcode","WGS84","1586086865","3330804",NA
"50c9509d-22c7-4a22-a47d-8c48425ef4a7","HUMAN_OBSERVATION","PRESENT","Dryophytes immaculatus",36.885845,126.888544,"ASIA","Chungcheongnam-do",2016,6,1,"cdc,cdround","https://www.inaturalist.org/observations/3347496","http://creativecommons.org/licenses/by-nc/4.0/legalcode","WGS84","1586086883","3347496",NA
"50c9509d-22c7-4a22-a47d-8c48425ef4a7","HUMAN_OBSERVATION","PRESENT","Dryophytes immaculatus",36.807711,127.66737,"ASIA","Chungcheongbuk-do",2016,6,4,"cdc,cdround","https://www.inaturalist.org/observations/3386423","http://creativecommons.org/licenses/by/4.0/legalcode","WGS84","1586086913","3386423",NA
"50c9509d-22c7-4a22-a47d-8c48425ef4a7","HUMAN_OBSERVATION","PRESENT","Dryophytes immaculatus",36.842983,127.660377,"ASIA","Chungcheongbuk-do",2016,6,4,"cdc,cdround","https://www.inaturalist.org/observations/3386530","http://creativecommons.org/licenses/by/4.0/legalcode","WGS84","1586086912","3386530",NA
"50c9509d-22c7-4a22-a47d-8c48425ef4a7","HUMAN_OBSERVATION","PRESENT","Dryophytes immaculatus",36.848903,127.776235,"ASIA","Chungcheongbuk-do",2016,6,5,"cdc,cdround","https://www.inaturalist.org/observations/3386720","http://creativecommons.org/licenses/by/4.0/legalcode","WGS84","1586086914","3386720",NA
"50c9509d-22c7-4a22-a47d-8c48425ef4a7","HUMAN_OBSERVATION","PRESENT","Dryophytes immaculatus",36.840162,127.714369,"ASIA","Chungcheongbuk-do",2016,6,6,"cdc,cdround","https://www.inaturalist.org/observations/3393301","http://creativecommons.org/licenses/by/4.0/legalcode","WGS84","1880663966","3393301",NA
"50c9509d-22c7-4a22-a47d-8c48425ef4a7","HUMAN_OBSERVATION","PRESENT","Dryophytes immaculatus",36.955336,127.010355,"ASIA","Gyeonggi-do",2016,6,11,"cdc,cdround","https://www.inaturalist.org/observations/3432126","http://creativecommons.org/licenses/by-nc/4.0/legalcode","WGS84","1586086977","3432126",NA
"50c9509d-22c7-4a22-a47d-8c48425ef4a7","HUMAN_OBSERVATION","PRESENT","Dryophytes immaculatus",36.900349,126.970753,"ASIA","Gyeonggi-do",2016,6,11,"cdc,cdround","https://www.inaturalist.org/observations/3433477","http://creativecommons.org/licenses/by-nc/4.0/legalcode","WGS84","1586086979","3433477",NA
"50c9509d-22c7-4a22-a47d-8c48425ef4a7","HUMAN_OBSERVATION","PRESENT","Dryophytes immaculatus",36.918755,126.935238,"ASIA","Chungcheongnam-do",2016,6,11,"cdc,cdround","https://www.inaturalist.org/observations/3441385","http://creativecommons.org/licenses/by-nc/4.0/legalcode","WGS84","1586086997","3441385",NA
"50c9509d-22c7-4a22-a47d-8c48425ef4a7","HUMAN_OBSERVATION","PRESENT","Dryophytes immaculatus",36.826079,126.845045,"ASIA","Chungcheongnam-do",2016,6,12,"cdc,cdround","https://www.inaturalist.org/observations/3441392","http://creativecommons.org/licenses/by-nc/4.0/legalcode","WGS84","1586086996","3441392",NA
"50c9509d-22c7-4a22-a47d-8c48425ef4a7","HUMAN_OBSERVATION","PRESENT","Dryophytes immaculatus",36.86592,126.61675,"ASIA","Chungcheongnam-do",2016,6,12,"cdc,cdround","https://www.inaturalist.org/observations/3441856","http://creativecommons.org/licenses/by-nc/4.0/legalcode","WGS84","1586086998","3441856",NA
"50c9509d-22c7-4a22-a47d-8c48425ef4a7","HUMAN_OBSERVATION","PRESENT","Dryophytes immaculatus",36.921512,126.860201,"ASIA","Chungcheongnam-do",2016,6,15,"cdc,cdround","https://www.inaturalist.org/observations/3460678","http://creativecommons.org/licenses/by-nc/4.0/legalcode","WGS84","1586087025","3460678",NA
"50c9509d-22c7-4a22-a47d-8c48425ef4a7","HUMAN_OBSERVATION","PRESENT","Dryophytes immaculatus",36.94672,126.989124,"ASIA","Chungcheongnam-do",2016,6,15,"cdc,cdround","https://www.inaturalist.org/observations/3460705","http://creativecommons.org/licenses/by-nc/4.0/legalcode","WGS84","1586087026","3460705",NA
"50c9509d-22c7-4a22-a47d-8c48425ef4a7","HUMAN_OBSERVATION","PRESENT","Dryophytes immaculatus",36.885925,127.097314,"ASIA","Gyeonggi-do",2016,6,17,"cdc,cdround","https://www.inaturalist.org/observations/3469562","http://creativecommons.org/licenses/by-nc/4.0/legalcode","WGS84","1586087045","3469562",NA
"50c9509d-22c7-4a22-a47d-8c48425ef4a7","HUMAN_OBSERVATION","PRESENT","Dryophytes immaculatus",36.857691,126.932979,"ASIA","Chungcheongnam-do",2016,6,19,"cdc,cdround","https://www.inaturalist.org/observations/3481845","http://creativecommons.org/licenses/by-nc/4.0/legalcode","WGS84","1586087061","3481845",NA
"50c9509d-22c7-4a22-a47d-8c48425ef4a7","HUMAN_OBSERVATION","PRESENT","Dryophytes immaculatus",36.962627,126.810583,"ASIA","Gyeonggi-do",2016,6,19,"cdc,cdround","https://www.inaturalist.org/observations/3482585","http://creativecommons.org/licenses/by-nc/4.0/legalcode","WGS84","1586087065","3482585",NA
"50c9509d-22c7-4a22-a47d-8c48425ef4a7","HUMAN_OBSERVATION","PRESENT","Dryophytes immaculatus",37.07709,127.337355,"ASIA","Gyeonggi-do",2016,6,16,"cdc,cdround","https://www.inaturalist.org/observations/4888076","http://creativecommons.org/licenses/by-nc/4.0/legalcode","WGS84","1986633558","4888076",NA
"50c9509d-22c7-4a22-a47d-8c48425ef4a7","HUMAN_OBSERVATION","PRESENT","Dryophytes immaculatus",37.841611,126.649619,"ASIA","Gyeonggi-do",2016,8,28,"cdc,cdround","https://www.inaturalist.org/observations/3977596","http://creativecommons.org/licenses/by-nc/4.0/legalcode","WGS84","1586087967","3977596",NA
"50c9509d-22c7-4a22-a47d-8c48425ef4a7","HUMAN_OBSERVATION","PRESENT","Dryophytes immaculatus",37.345581,126.951234,"ASIA","Gyeonggi-do",2016,9,8,"cdc,cdround","https://www.inaturalist.org/observations/4069972","http://creativecommons.org/licenses/by-nc/4.0/legalcode","WGS84","1586088220","4069972",NA
"50c9509d-22c7-4a22-a47d-8c48425ef4a7","HUMAN_OBSERVATION","PRESENT","Dryophytes immaculatus",37.498175,126.892478,"ASIA","Gyeonggi-do",2016,9,8,"cdc,cdround","https://www.inaturalist.org/observations/4069989","http://creativecommons.org/licenses/by-nc/4.0/legalcode","WGS84","1586088208","4069989",NA
"50c9509d-22c7-4a22-a47d-8c48425ef4a7","HUMAN_OBSERVATION","PRESENT","Dryophytes immaculatus",37.490547,126.967603,"ASIA","Gyeonggi-do",2016,9,8,"cdc,cdround","https://www.inaturalist.org/observations/4069990","http://creativecommons.org/licenses/by-nc/4.0/legalcode","WGS84","1586088213","4069990",NA
"50c9509d-22c7-4a22-a47d-8c48425ef4a7","HUMAN_OBSERVATION","PRESENT","Dryophytes immaculatus",37.408832,126.854475,"ASIA","Gyeonggi-do",2016,9,8,"cdc,cdround","https://www.inaturalist.org/observations/4069991","http://creativecommons.org/licenses/by-nc/4.0/legalcode","WGS84","1586088211","4069991",NA
"50c9509d-22c7-4a22-a47d-8c48425ef4a7","HUMAN_OBSERVATION","PRESENT","Dryophytes immaculatus",37.449293,126.893716,"ASIA","Gyeonggi-do",2016,9,8,"cdc,cdround","https://www.inaturalist.org/observations/4069994","http://creativecommons.org/licenses/by-nc/4.0/legalcode","WGS84","1586088218","4069994",NA
"50c9509d-22c7-4a22-a47d-8c48425ef4a7","HUMAN_OBSERVATION","PRESENT","Dryophytes immaculatus",37.496664,126.91181,"ASIA","Gyeonggi-do",2016,9,8,"cdc,cdround","https://www.inaturalist.org/observations/4069995","http://creativecommons.org/licenses/by-nc/4.0/legalcode","WGS84","1586088209","4069995",NA
"50c9509d-22c7-4a22-a47d-8c48425ef4a7","HUMAN_OBSERVATION","PRESENT","Dryophytes immaculatus",37.44262,126.859323,"ASIA","Gyeonggi-do",2016,9,8,"cdc,cdround","https://www.inaturalist.org/observations/4069997","http://creativecommons.org/licenses/by-nc/4.0/legalcode","WGS84","1586088219","4069997",NA
"50c9509d-22c7-4a22-a47d-8c48425ef4a7","HUMAN_OBSERVATION","PRESENT","Dryophytes immaculatus",37.513749,126.953914,"ASIA","Gyeonggi-do",2016,9,8,"cdc,cdround","https://www.inaturalist.org/observations/4070005","http://creativecommons.org/licenses/by-nc/4.0/legalcode","WGS84","1586088210","4070005",NA
"50c9509d-22c7-4a22-a47d-8c48425ef4a7","HUMAN_OBSERVATION","PRESENT","Dryophytes immaculatus",37.407833,126.904204,"ASIA","Gyeonggi-do",2016,9,8,"cdc,cdround","https://www.inaturalist.org/observations/4070006","http://creativecommons.org/licenses/by-nc/4.0/legalcode","WGS84","1586088214","4070006",NA
"50c9509d-22c7-4a22-a47d-8c48425ef4a7","HUMAN_OBSERVATION","PRESENT","Dryophytes immaculatus",37.486544,126.838597,"ASIA","Gyeonggi-do",2016,9,8,"cdc,cdround","https://www.inaturalist.org/observations/4070010","http://creativecommons.org/licenses/by-nc/4.0/legalcode","WGS84","1586088212","4070010",NA
"50c9509d-22c7-4a22-a47d-8c48425ef4a7","HUMAN_OBSERVATION","PRESENT","Dryophytes immaculatus",37.471543,126.856854,"ASIA","Gyeonggi-do",2016,9,8,"cdc,cdround","https://www.inaturalist.org/observations/4070013","http://creativecommons.org/licenses/by-nc/4.0/legalcode","WGS84","1586088217","4070013",NA
"50c9509d-22c7-4a22-a47d-8c48425ef4a7","HUMAN_OBSERVATION","PRESENT","Dryophytes immaculatus",37.555626,126.829691,"ASIA","Gyeonggi-do",2016,9,8,"cdc,cdround","https://www.inaturalist.org/observations/4070019","http://creativecommons.org/licenses/by-nc/4.0/legalcode","WGS84","1586088215","4070019",NA
"50c9509d-22c7-4a22-a47d-8c48425ef4a7","HUMAN_OBSERVATION","PRESENT","Dryophytes immaculatus",37.582948,126.890343,"ASIA","Gyeonggi-do",2016,9,8,"cdc,cdround","https://www.inaturalist.org/observations/4070032","http://creativecommons.org/licenses/by-nc/4.0/legalcode","WGS84","1586088207","4070032",NA
"50c9509d-22c7-4a22-a47d-8c48425ef4a7","HUMAN_OBSERVATION","PRESENT","Dryophytes immaculatus",36.651851,126.482914,"ASIA","Chungcheongnam-do",2016,9,16,"cdc,cdround","https://www.inaturalist.org/observations/4121840","http://creativecommons.org/licenses/by/4.0/legalcode","WGS84","1586088408","4121840",NA
"50c9509d-22c7-4a22-a47d-8c48425ef4a7","HUMAN_OBSERVATION","PRESENT","Dryophytes immaculatus",36.97948,127.603456,"ASIA","Chungcheongbuk-do",2016,9,24,"cdc,cdround","https://www.inaturalist.org/observations/4197991","http://creativecommons.org/licenses/by/4.0/legalcode","WGS84","2574077730","4197991",NA
"50c9509d-22c7-4a22-a47d-8c48425ef4a7","HUMAN_OBSERVATION","PRESENT","Dryophytes immaculatus",36.765316,126.598452,"ASIA","Chungcheongnam-do",2016,10,1,"cdc,cdround","https://www.inaturalist.org/observations/4244157","http://creativecommons.org/licenses/by/4.0/legalcode","WGS84","1986633065","4244157",NA
"50c9509d-22c7-4a22-a47d-8c48425ef4a7","HUMAN_OBSERVATION","PRESENT","Dryophytes immaculatus",36.905392,127.62236,"ASIA","Chungcheongbuk-do",2016,11,6,"cdc,cdround","https://www.inaturalist.org/observations/4504538","http://creativecommons.org/licenses/by/4.0/legalcode","WGS84","1586089069","4504538",NA
"50c9509d-22c7-4a22-a47d-8c48425ef4a7","HUMAN_OBSERVATION","PRESENT","Dryophytes immaculatus",36.969853,127.753419,"ASIA","Chungcheongbuk-do",2016,11,6,"cdc,cdround","https://www.inaturalist.org/observations/4504539","http://creativecommons.org/licenses/by/4.0/legalcode","WGS84","1586089065","4504539",NA
"50c9509d-22c7-4a22-a47d-8c48425ef4a7","HUMAN_OBSERVATION","PRESENT","Dryophytes immaculatus",36.842202,127.743415,"ASIA","Chungcheongbuk-do",2016,11,6,"cdc,cdround","https://www.inaturalist.org/observations/4504596","http://creativecommons.org/licenses/by/4.0/legalcode","WGS84","1586089068","4504596",NA
"50c9509d-22c7-4a22-a47d-8c48425ef4a7","HUMAN_OBSERVATION","PRESENT","Dryophytes immaculatus",36.98694,127.699345,"ASIA","Chungcheongbuk-do",2016,11,6,"cdc,cdround","https://www.inaturalist.org/observations/4504598","http://creativecommons.org/licenses/by/4.0/legalcode","WGS84","1586089066","4504598",NA
"50c9509d-22c7-4a22-a47d-8c48425ef4a7","HUMAN_OBSERVATION","PRESENT","Dryophytes immaculatus",36.805851,127.614486,"ASIA","Chungcheongbuk-do",2016,11,6,"cdc,cdround","https://www.inaturalist.org/observations/4504605","http://creativecommons.org/licenses/by/4.0/legalcode","WGS84","1586089067","4504605",NA
"50c9509d-22c7-4a22-a47d-8c48425ef4a7","HUMAN_OBSERVATION","PRESENT","Dryophytes immaculatus",36.761243,126.839884,"ASIA","Chungcheongnam-do",2015,4,21,"cdc,cdround","https://www.inaturalist.org/observations/2096637","http://creativecommons.org/licenses/by/4.0/legalcode","WGS84","1586085209","2096637",NA
"50c9509d-22c7-4a22-a47d-8c48425ef4a7","HUMAN_OBSERVATION","PRESENT","Dryophytes immaculatus",36.639674,126.510357,"ASIA","Chungcheongnam-do",2015,5,25,"cdc,cdround","https://www.inaturalist.org/observations/2096624","http://creativecommons.org/licenses/by/4.0/legalcode","WGS84","1586085213","2096624",NA
"50c9509d-22c7-4a22-a47d-8c48425ef4a7","HUMAN_OBSERVATION","PRESENT","Dryophytes immaculatus",36.860691,127.681237,"ASIA","Chungcheongbuk-do",2015,5,20,"cdc,cdround","https://www.inaturalist.org/observations/2096625","http://creativecommons.org/licenses/by/4.0/legalcode","WGS84","1586085215","2096625",NA
"50c9509d-22c7-4a22-a47d-8c48425ef4a7","HUMAN_OBSERVATION","PRESENT","Dryophytes immaculatus",36.740075,126.731269,"ASIA","Chungcheongnam-do",2015,5,15,"cdc,cdround","https://www.inaturalist.org/observations/2096631","http://creativecommons.org/licenses/by/4.0/legalcode","WGS84","1586085219","2096631",NA
"50c9509d-22c7-4a22-a47d-8c48425ef4a7","HUMAN_OBSERVATION","PRESENT","Dryophytes immaculatus",36.746578,126.530142,"ASIA","Chungcheongnam-do",2015,5,5,"cdc,cdround","https://www.inaturalist.org/observations/2096634","http://creativecommons.org/licenses/by/4.0/legalcode","WGS84","1586085211","2096634",NA
"50c9509d-22c7-4a22-a47d-8c48425ef4a7","HUMAN_OBSERVATION","PRESENT","Dryophytes immaculatus",36.76884,126.505951,"ASIA","Chungcheongnam-do",2015,5,3,"cdc,cdround","https://www.inaturalist.org/observations/2096641","http://creativecommons.org/licenses/by/4.0/legalcode","WGS84","1586085217","2096641",NA
"50c9509d-22c7-4a22-a47d-8c48425ef4a7","HUMAN_OBSERVATION","PRESENT","Dryophytes immaculatus",36.776475,126.89891,"ASIA","Chungcheongnam-do",2015,5,19,"cdc,cdround","https://www.inaturalist.org/observations/4750940","http://creativecommons.org/licenses/by/4.0/legalcode","WGS84","1880666058","4750940",NA
"50c9509d-22c7-4a22-a47d-8c48425ef4a7","HUMAN_OBSERVATION","PRESENT","Dryophytes immaculatus",36.929538,127.622839,"ASIA","Chungcheongbuk-do",2015,5,23,"cdc,cdround","https://www.inaturalist.org/observations/4750987","http://creativecommons.org/licenses/by/4.0/legalcode","WGS84","1880666061","4750987",NA
"50c9509d-22c7-4a22-a47d-8c48425ef4a7","HUMAN_OBSERVATION","PRESENT","Dryophytes immaculatus",36.802196,127.757745,"ASIA","Chungcheongbuk-do",2015,5,23,"cdc,cdround","https://www.inaturalist.org/observations/4750990","http://creativecommons.org/licenses/by/4.0/legalcode","WGS84","1880666062","4750990",NA
"50c9509d-22c7-4a22-a47d-8c48425ef4a7","HUMAN_OBSERVATION","PRESENT","Dryophytes immaculatus",36.928645,127.637028,"ASIA","Chungcheongbuk-do",2015,5,22,"cdc,cdround","https://www.inaturalist.org/observations/4751006","http://creativecommons.org/licenses/by/4.0/legalcode","WGS84","1880666059","4751006",NA
"50c9509d-22c7-4a22-a47d-8c48425ef4a7","HUMAN_OBSERVATION","PRESENT","Dryophytes immaculatus",36.924823,127.712542,"ASIA","Chungcheongbuk-do",2015,5,23,"cdc,cdround","https://www.inaturalist.org/observations/4751008","http://creativecommons.org/licenses/by/4.0/legalcode","WGS84","1880666060","4751008",NA
"50c9509d-22c7-4a22-a47d-8c48425ef4a7","HUMAN_OBSERVATION","PRESENT","Dryophytes immaculatus",36.743108,126.430099,"ASIA","Chungcheongnam-do",2015,6,19,"cdc,cdround","https://www.inaturalist.org/observations/3684042","http://creativecommons.org/licenses/by/4.0/legalcode","WGS84","1586087325","3684042",NA
"50c9509d-22c7-4a22-a47d-8c48425ef4a7","HUMAN_OBSERVATION","PRESENT","Dryophytes immaculatus",36.717536,126.528124,"ASIA","Chungcheongnam-do",2015,7,3,"cdc,cdround","https://www.inaturalist.org/observations/2096621","http://creativecommons.org/licenses/by/4.0/legalcode","WGS84","1586085218","2096621",NA
"50c9509d-22c7-4a22-a47d-8c48425ef4a7","HUMAN_OBSERVATION","PRESENT","Dryophytes immaculatus",36.919898,127.79227,"ASIA","Chungcheongbuk-do",2015,11,1,"cdc,cdround","https://www.inaturalist.org/observations/2338233","http://creativecommons.org/licenses/by/4.0/legalcode","WGS84","1586085332","2338233",NA
"50c9509d-22c7-4a22-a47d-8c48425ef4a7","HUMAN_OBSERVATION","PRESENT","Dryophytes immaculatus",36.61388,126.932139,"ASIA","Chungcheongnam-do",2014,5,10,"cdc,cdround","https://www.inaturalist.org/observations/4674913","http://creativecommons.org/licenses/by/4.0/legalcode","WGS84","1986633463","4674913",NA
"50c9509d-22c7-4a22-a47d-8c48425ef4a7","HUMAN_OBSERVATION","PRESENT","Dryophytes immaculatus",36.762508,126.533042,"ASIA","Chungcheongnam-do",2014,5,11,"cdc,cdround","https://www.inaturalist.org/observations/4674973","http://creativecommons.org/licenses/by/4.0/legalcode","WGS84","1880665969","4674973",NA
"50c9509d-22c7-4a22-a47d-8c48425ef4a7","HUMAN_OBSERVATION","PRESENT","Dryophytes immaculatus",36.706904,126.866619,"ASIA","Chungcheongnam-do",2014,5,12,"cdc,cdround","https://www.inaturalist.org/observations/4674984","http://creativecommons.org/licenses/by/4.0/legalcode","WGS84","1880665968","4674984",NA
"50c9509d-22c7-4a22-a47d-8c48425ef4a7","HUMAN_OBSERVATION","PRESENT","Dryophytes immaculatus",36.819049,127.661008,"ASIA","Chungcheongbuk-do",2014,5,23,"cdc,cdround","https://www.inaturalist.org/observations/4675136","http://creativecommons.org/licenses/by/4.0/legalcode","WGS84","1586089372","4675136",NA
"50c9509d-22c7-4a22-a47d-8c48425ef4a7","HUMAN_OBSERVATION","PRESENT","Dryophytes immaculatus",36.902594,127.607365,"ASIA","Chungcheongbuk-do",2014,5,23,"cdc,cdround","https://www.inaturalist.org/observations/4675145","http://creativecommons.org/licenses/by/4.0/legalcode","WGS84","1880665973","4675145",NA
"50c9509d-22c7-4a22-a47d-8c48425ef4a7","HUMAN_OBSERVATION","PRESENT","Dryophytes immaculatus",36.700078,126.801626,"ASIA","Chungcheongnam-do",2014,5,25,"cdc,cdround","https://www.inaturalist.org/observations/4681465","http://creativecommons.org/licenses/by/4.0/legalcode","WGS84","1880665983","4681465",NA
"50c9509d-22c7-4a22-a47d-8c48425ef4a7","HUMAN_OBSERVATION","PRESENT","Dryophytes immaculatus",36.665248,126.985621,"ASIA","Chungcheongnam-do",2014,5,25,"cdc,cdround","https://www.inaturalist.org/observations/4681475","http://creativecommons.org/licenses/by/4.0/legalcode","WGS84","1880665982","4681475",NA
"50c9509d-22c7-4a22-a47d-8c48425ef4a7","HUMAN_OBSERVATION","PRESENT","Dryophytes immaculatus",36.858121,126.814472,"ASIA","Chungcheongnam-do",2014,5,28,"cdc,cdround","https://www.inaturalist.org/observations/5221365","http://creativecommons.org/licenses/by-nc/4.0/legalcode","WGS84","2573821647","5221365",NA
"50c9509d-22c7-4a22-a47d-8c48425ef4a7","HUMAN_OBSERVATION","PRESENT","Dryophytes immaculatus",36.891221,126.923922,"ASIA","Chungcheongnam-do",2014,5,14,"cdc,cdround","https://www.inaturalist.org/observations/5221366","http://creativecommons.org/licenses/by-nc/4.0/legalcode","WGS84","2573829650","5221366",NA
"50c9509d-22c7-4a22-a47d-8c48425ef4a7","HUMAN_OBSERVATION","PRESENT","Dryophytes immaculatus",36.8573,127.619791,"ASIA","Chungcheongbuk-do",2014,5,24,"cdc,cdround","https://www.inaturalist.org/observations/749093","http://creativecommons.org/licenses/by/4.0/legalcode","WGS84","1586160157","749093",NA
"50c9509d-22c7-4a22-a47d-8c48425ef4a7","HUMAN_OBSERVATION","PRESENT","Dryophytes immaculatus",36.668479,126.45123,"ASIA","Chungcheongnam-do",2014,6,6,"cdc,cdround","https://www.inaturalist.org/observations/4681579","http://creativecommons.org/licenses/by/4.0/legalcode","WGS84","1880665981","4681579",NA
"50c9509d-22c7-4a22-a47d-8c48425ef4a7","HUMAN_OBSERVATION","PRESENT","Dryophytes immaculatus",36.649472,126.848657,"ASIA","Chungcheongnam-do",2014,6,27,"cdc,cdround","https://www.inaturalist.org/observations/4681766","http://creativecommons.org/licenses/by/4.0/legalcode","WGS84","1880665988","4681766",NA
"50c9509d-22c7-4a22-a47d-8c48425ef4a7","HUMAN_OBSERVATION","PRESENT","Dryophytes immaculatus",36.92825,127.780862,"ASIA","Chungcheongbuk-do",2014,6,28,"cdc,cdround","https://www.inaturalist.org/observations/4681774","http://creativecommons.org/licenses/by/4.0/legalcode","WGS84","2574070739","4681774",NA
"50c9509d-22c7-4a22-a47d-8c48425ef4a7","HUMAN_OBSERVATION","PRESENT","Dryophytes immaculatus",36.851486,127.631094,"ASIA","Chungcheongbuk-do",2014,6,28,"cdc,cdround","https://www.inaturalist.org/observations/4681776","http://creativecommons.org/licenses/by/4.0/legalcode","WGS84","1914369835","4681776",NA
"50c9509d-22c7-4a22-a47d-8c48425ef4a7","HUMAN_OBSERVATION","PRESENT","Dryophytes immaculatus",36.958088,127.794027,"ASIA","Chungcheongbuk-do",2014,6,27,"cdc,cdround","https://www.inaturalist.org/observations/4681789","http://creativecommons.org/licenses/by/4.0/legalcode","WGS84","1880665990","4681789",NA
"50c9509d-22c7-4a22-a47d-8c48425ef4a7","HUMAN_OBSERVATION","PRESENT","Dryophytes immaculatus",36.758336,126.597559,"ASIA","Chungcheongnam-do",2014,6,29,"cdc,cdround","https://www.inaturalist.org/observations/4681793","http://creativecommons.org/licenses/by/4.0/legalcode","WGS84","2573819643","4681793",NA
"50c9509d-22c7-4a22-a47d-8c48425ef4a7","HUMAN_OBSERVATION","PRESENT","Dryophytes immaculatus",36.626191,126.553468,"ASIA","Chungcheongnam-do",2014,6,29,"cdc,cdround","https://www.inaturalist.org/observations/4681794","http://creativecommons.org/licenses/by/4.0/legalcode","WGS84","1880665985","4681794",NA
"50c9509d-22c7-4a22-a47d-8c48425ef4a7","HUMAN_OBSERVATION","PRESENT","Dryophytes immaculatus",37.149242,127.356975,"ASIA","Gyeonggi-do",2014,6,20,"cdc,cdround","https://www.inaturalist.org/observations/5221388","http://creativecommons.org/licenses/by-nc/4.0/legalcode","WGS84","1457585192","5221388",NA
"040c5662-da76-4782-a48e-cdea1892d14c","MATERIAL_SAMPLE","PRESENT","Dryophytes immaculatus",36.4024,127.762,"ASIA",NA,2014,7,30,"cdc,gass84,inmano","https://boldsystems.org/index.php/Public_RecordView?processid=GBMNA13965-19","http://creativecommons.org/licenses/by/4.0/legalcode","WGS84","2250110094",NA,NA
"50c9509d-22c7-4a22-a47d-8c48425ef4a7","HUMAN_OBSERVATION","PRESENT","Dryophytes immaculatus",36.794135,126.556769,"ASIA","Chungcheongnam-do",2014,9,15,"cdc,cdround","https://www.inaturalist.org/observations/4749918","http://creativecommons.org/licenses/by/4.0/legalcode","WGS84","1880666042","4749918",NA
"50c9509d-22c7-4a22-a47d-8c48425ef4a7","HUMAN_OBSERVATION","PRESENT","Dryophytes immaculatus",36.672111,126.876802,"ASIA","Chungcheongnam-do",2014,9,28,"cdc,cdround","https://www.inaturalist.org/observations/4749997","http://creativecommons.org/licenses/by/4.0/legalcode","WGS84","1880666043","4749997",NA
"50c9509d-22c7-4a22-a47d-8c48425ef4a7","HUMAN_OBSERVATION","PRESENT","Dryophytes immaculatus",36.628306,126.90658,"ASIA","Chungcheongnam-do",2014,10,30,"cdc,cdround","https://www.inaturalist.org/observations/1198439","http://creativecommons.org/licenses/by/4.0/legalcode","WGS84","1586083971","1198439",NA
"50c9509d-22c7-4a22-a47d-8c48425ef4a7","HUMAN_OBSERVATION","PRESENT","Dryophytes immaculatus",36.950787,127.611255,"ASIA","Chungcheongbuk-do",2014,10,18,"cdc,cdround","https://www.inaturalist.org/observations/1198441","http://creativecommons.org/licenses/by/4.0/legalcode","WGS84","1586083969","1198441",NA
"50c9509d-22c7-4a22-a47d-8c48425ef4a7","HUMAN_OBSERVATION","PRESENT","Dryophytes immaculatus",36.665674,126.564542,"ASIA","Chungcheongnam-do",2014,10,16,"cdc,cdround","https://www.inaturalist.org/observations/1198454","http://creativecommons.org/licenses/by/4.0/legalcode","WGS84","1986497986","1198454",NA
"50c9509d-22c7-4a22-a47d-8c48425ef4a7","HUMAN_OBSERVATION","PRESENT","Dryophytes immaculatus",36.979884,127.641573,"ASIA","Chungcheongbuk-do",2014,10,2,"cdc,cdround","https://www.inaturalist.org/observations/3496528","http://creativecommons.org/licenses/by/4.0/legalcode","WGS84","1586087096","3496528",NA
"50c9509d-22c7-4a22-a47d-8c48425ef4a7","HUMAN_OBSERVATION","PRESENT","Dryophytes immaculatus",36.767535,126.454673,"ASIA","Chungcheongnam-do",2014,10,5,"cdc,cdround","https://www.inaturalist.org/observations/4750234","http://creativecommons.org/licenses/by/4.0/legalcode","WGS84","1880666044","4750234",NA
"50c9509d-22c7-4a22-a47d-8c48425ef4a7","HUMAN_OBSERVATION","PRESENT","Dryophytes immaculatus",37.55296,126.813282,"ASIA","Gyeonggi-do",2014,10,8,"cdc,cdround","https://www.inaturalist.org/observations/5221398","http://creativecommons.org/licenses/by-nc/4.0/legalcode","WGS84","2573835648","5221398",NA
"50c9509d-22c7-4a22-a47d-8c48425ef4a7","HUMAN_OBSERVATION","PRESENT","Dryophytes immaculatus",36.710209,126.772021,"ASIA","Chungcheongnam-do",2014,11,12,"cdc,cdround","https://www.inaturalist.org/observations/1198437","http://creativecommons.org/licenses/by/4.0/legalcode","WGS84","1586083970","1198437",NA
"50c9509d-22c7-4a22-a47d-8c48425ef4a7","HUMAN_OBSERVATION","PRESENT","Dryophytes immaculatus",36.667282,126.956189,"ASIA","Chungcheongnam-do",2013,5,28,"cdc,cdround","https://www.inaturalist.org/observations/355297","http://creativecommons.org/licenses/by-nc/4.0/legalcode","WGS84","1586087166","355297",NA
"50c9509d-22c7-4a22-a47d-8c48425ef4a7","HUMAN_OBSERVATION","PRESENT","Dryophytes immaculatus",36.696988,126.855477,"ASIA","Chungcheongnam-do",2013,5,10,"cdc,cdround","https://www.inaturalist.org/observations/4638245","http://creativecommons.org/licenses/by/4.0/legalcode","WGS84","1986633458","4638245",NA
"50c9509d-22c7-4a22-a47d-8c48425ef4a7","HUMAN_OBSERVATION","PRESENT","Dryophytes immaculatus",36.632639,126.940388,"ASIA","Chungcheongnam-do",2013,5,28,"cdc,cdround","https://www.inaturalist.org/observations/4639066","http://creativecommons.org/licenses/by/4.0/legalcode","WGS84","1880665902","4639066",NA
"50c9509d-22c7-4a22-a47d-8c48425ef4a7","HUMAN_OBSERVATION","PRESENT","Dryophytes immaculatus",36.727988,126.892795,"ASIA","Chungcheongnam-do",2013,5,29,"cdc,cdround","https://www.inaturalist.org/observations/4639071","http://creativecommons.org/licenses/by/4.0/legalcode","WGS84","2573812641","4639071",NA
"50c9509d-22c7-4a22-a47d-8c48425ef4a7","HUMAN_OBSERVATION","PRESENT","Dryophytes immaculatus",36.805416,127.543138,"ASIA","Chungcheongbuk-do",2013,6,29,"cdc,cdround","https://www.inaturalist.org/observations/323659","http://creativecommons.org/licenses/by/4.0/legalcode","WGS84","1586086759","323659",NA
"50c9509d-22c7-4a22-a47d-8c48425ef4a7","HUMAN_OBSERVATION","PRESENT","Dryophytes immaculatus",37.113751,127.559038,"ASIA","Gyeonggi-do",2013,6,29,"cdc,cdround","https://www.inaturalist.org/observations/355279","http://creativecommons.org/licenses/by-nc/4.0/legalcode","WGS84","1586087168","355279",NA
"50c9509d-22c7-4a22-a47d-8c48425ef4a7","HUMAN_OBSERVATION","PRESENT","Dryophytes immaculatus",36.669922,126.837951,"ASIA","Chungcheongnam-do",2013,6,23,"cdc,cdround","https://www.inaturalist.org/observations/4639239","http://creativecommons.org/licenses/by/4.0/legalcode","WGS84","1986633380","4639239",NA
"50c9509d-22c7-4a22-a47d-8c48425ef4a7","HUMAN_OBSERVATION","PRESENT","Dryophytes immaculatus",36.672381,126.968484,"ASIA","Chungcheongnam-do",2013,6,23,"cdc,cdround","https://www.inaturalist.org/observations/4639243","http://creativecommons.org/licenses/by/4.0/legalcode","WGS84","1986633381","4639243",NA
"50c9509d-22c7-4a22-a47d-8c48425ef4a7","HUMAN_OBSERVATION","PRESENT","Dryophytes immaculatus",36.804086,127.511944,"ASIA","Chungcheongbuk-do",2013,6,29,"cdc,cdround","https://www.inaturalist.org/observations/4639262","http://creativecommons.org/licenses/by/4.0/legalcode","WGS84","1586089303","4639262",NA
"50c9509d-22c7-4a22-a47d-8c48425ef4a7","HUMAN_OBSERVATION","PRESENT","Dryophytes immaculatus",36.715026,126.834426,"ASIA","Chungcheongnam-do",2013,7,13,"cdc,cdround","https://www.inaturalist.org/observations/334884","http://creativecommons.org/licenses/by/4.0/legalcode","WGS84","1586086885","334884",NA
"50c9509d-22c7-4a22-a47d-8c48425ef4a7","HUMAN_OBSERVATION","PRESENT","Dryophytes immaculatus",36.941211,126.93785,"ASIA","Chungcheongnam-do",2013,8,14,"cdc,cdround","https://www.inaturalist.org/observations/365227","http://creativecommons.org/licenses/by/4.0/legalcode","WGS84","2574137704","365227",NA
"50c9509d-22c7-4a22-a47d-8c48425ef4a7","HUMAN_OBSERVATION","PRESENT","Dryophytes immaculatus",36.819846,126.927098,"ASIA","Chungcheongnam-do",2012,5,26,"cdc,cdround","https://www.inaturalist.org/observations/4635978","http://creativecommons.org/licenses/by/4.0/legalcode","WGS84","1986633274","4635978",NA
"50c9509d-22c7-4a22-a47d-8c48425ef4a7","HUMAN_OBSERVATION","PRESENT","Dryophytes immaculatus",36.930587,126.992824,"ASIA","Chungcheongnam-do",2012,5,26,"cdc,cdround","https://www.inaturalist.org/observations/4635983","http://creativecommons.org/licenses/by/4.0/legalcode","WGS84","1986633275","4635983",NA
"50c9509d-22c7-4a22-a47d-8c48425ef4a7","HUMAN_OBSERVATION","PRESENT","Dryophytes immaculatus",36.943936,126.889546,"ASIA","Chungcheongnam-do",2012,5,26,"cdc,cdround","https://www.inaturalist.org/observations/4635985","http://creativecommons.org/licenses/by/4.0/legalcode","WGS84","1880665879","4635985",NA
"50c9509d-22c7-4a22-a47d-8c48425ef4a7","HUMAN_OBSERVATION","PRESENT","Dryophytes immaculatus",36.77331,126.907619,"ASIA","Chungcheongnam-do",2012,5,26,"cdc,cdround","https://www.inaturalist.org/observations/4635999","http://creativecommons.org/licenses/by/4.0/legalcode","WGS84","1880665878","4635999",NA
"50c9509d-22c7-4a22-a47d-8c48425ef4a7","HUMAN_OBSERVATION","PRESENT","Dryophytes immaculatus",36.986918,127.778547,"ASIA","Chungcheongbuk-do",2012,5,30,"cdc,cdround","https://www.inaturalist.org/observations/4636069","http://creativecommons.org/licenses/by/4.0/legalcode","WGS84","1986633455","4636069",NA
"50c9509d-22c7-4a22-a47d-8c48425ef4a7","HUMAN_OBSERVATION","PRESENT","Dryophytes immaculatus",36.882117,126.850827,"ASIA","Gyeonggi-do",2012,5,11,"cdc,cdround","https://www.inaturalist.org/observations/77855","http://creativecommons.org/licenses/by/4.0/legalcode","WGS84","1586160206","77855",NA
"50c9509d-22c7-4a22-a47d-8c48425ef4a7","HUMAN_OBSERVATION","PRESENT","Dryophytes immaculatus",37.243685,126.862757,"ASIA","Gyeonggi-do",2012,5,16,"cdc,cdround","https://www.inaturalist.org/observations/91015","http://creativecommons.org/licenses/by/4.0/legalcode","WGS84","1586160375","91015",NA
"50c9509d-22c7-4a22-a47d-8c48425ef4a7","HUMAN_OBSERVATION","PRESENT","Dryophytes immaculatus",36.784793,126.815754,"ASIA","Chungcheongnam-do",2012,6,2,"cdc,cdround","https://www.inaturalist.org/observations/33643956","http://creativecommons.org/licenses/by/4.0/legalcode","WGS84","2429312816","33643956",NA
"50c9509d-22c7-4a22-a47d-8c48425ef4a7","HUMAN_OBSERVATION","PRESENT","Dryophytes immaculatus",37.129956,127.351509,"ASIA","Gyeonggi-do",2012,6,1,"cdc,cdround","https://www.inaturalist.org/observations/4636123","http://creativecommons.org/licenses/by/4.0/legalcode","WGS84","1880665881","4636123",NA
"50c9509d-22c7-4a22-a47d-8c48425ef4a7","HUMAN_OBSERVATION","PRESENT","Dryophytes immaculatus",36.606945,126.921319,"ASIA","Chungcheongnam-do",2012,6,2,"cdc,cdround","https://www.inaturalist.org/observations/4636150","http://creativecommons.org/licenses/by/4.0/legalcode","WGS84","1880665882","4636150",NA
"50c9509d-22c7-4a22-a47d-8c48425ef4a7","HUMAN_OBSERVATION","PRESENT","Dryophytes immaculatus",36.618097,126.931174,"ASIA","Chungcheongnam-do",2012,6,2,"cdc,cdround","https://www.inaturalist.org/observations/4636154","http://creativecommons.org/licenses/by/4.0/legalcode","WGS84","1986633276","4636154",NA
"50c9509d-22c7-4a22-a47d-8c48425ef4a7","HUMAN_OBSERVATION","PRESENT","Dryophytes immaculatus",36.70423,126.946879,"ASIA","Chungcheongnam-do",2012,6,2,"cdc,cdround","https://www.inaturalist.org/observations/86184","http://creativecommons.org/licenses/by/4.0/legalcode","WGS84","1586160318","86184",NA
"50c9509d-22c7-4a22-a47d-8c48425ef4a7","HUMAN_OBSERVATION","PRESENT","Dryophytes immaculatus",36.62138,126.569156,"ASIA","Chungcheongnam-do",2012,7,1,"cdc,cdround","https://www.inaturalist.org/observations/4636608","http://creativecommons.org/licenses/by/4.0/legalcode","WGS84","1986633277","4636608",NA
"50c9509d-22c7-4a22-a47d-8c48425ef4a7","HUMAN_OBSERVATION","PRESENT","Dryophytes immaculatus",36.995642,126.908517,"ASIA","Gyeonggi-do",2011,5,11,"cdc,cdround","https://www.inaturalist.org/observations/2572470","http://creativecommons.org/licenses/by/4.0/legalcode","WGS84","2574047613","2572470",NA
"50c9509d-22c7-4a22-a47d-8c48425ef4a7","HUMAN_OBSERVATION","PRESENT","Dryophytes immaculatus",36.812594,126.966007,"ASIA","Gyeonggi-do",2011,5,12,"cdc,cdround","https://www.inaturalist.org/observations/2572472","http://creativecommons.org/licenses/by/4.0/legalcode","WGS84","2573994621","2572472",NA
"50c9509d-22c7-4a22-a47d-8c48425ef4a7","HUMAN_OBSERVATION","PRESENT","Dryophytes immaculatus",36.646344,126.903153,"ASIA","Chungcheongnam-do",2011,6,6,"cdc,cdround","https://www.inaturalist.org/observations/2572543","http://creativecommons.org/licenses/by/4.0/legalcode","WGS84","1586085760","2572543",NA
"50c9509d-22c7-4a22-a47d-8c48425ef4a7","HUMAN_OBSERVATION","PRESENT","Dryophytes immaculatus",36.677167,126.46562,"ASIA","Chungcheongnam-do",2011,6,13,"cdc,cdround","https://www.inaturalist.org/observations/2572554","http://creativecommons.org/licenses/by/4.0/legalcode","WGS84","2573976610","2572554",NA
"50c9509d-22c7-4a22-a47d-8c48425ef4a7","HUMAN_OBSERVATION","PRESENT","Dryophytes immaculatus",36.987998,126.901567,"ASIA","Gyeonggi-do",2011,7,18,"cdc,cdround","https://www.inaturalist.org/observations/2575253","http://creativecommons.org/licenses/by/4.0/legalcode","WGS84","1586085762","2575253",NA
"50c9509d-22c7-4a22-a47d-8c48425ef4a7","HUMAN_OBSERVATION","PRESENT","Dryophytes immaculatus",36.884141,126.949438,"ASIA","Gyeonggi-do",2010,6,13,"cdc,cdround","https://www.inaturalist.org/observations/2507544","http://creativecommons.org/licenses/by/4.0/legalcode","WGS84","1586085682","2507544",NA
"50c9509d-22c7-4a22-a47d-8c48425ef4a7","HUMAN_OBSERVATION","PRESENT","Dryophytes immaculatus",36.848381,127.089556,"ASIA","Gyeonggi-do",2009,5,11,"cdc,cdround","https://www.inaturalist.org/observations/2499780","http://creativecommons.org/licenses/by/4.0/legalcode","WGS84","1586085659","2499780",NA
"50c9509d-22c7-4a22-a47d-8c48425ef4a7","HUMAN_OBSERVATION","PRESENT","Dryophytes immaculatus",36.92336,126.874163,"ASIA","Gyeonggi-do",2009,5,11,"cdc,cdround","https://www.inaturalist.org/observations/2499784","http://creativecommons.org/licenses/by/4.0/legalcode","WGS84","2574208716","2499784",NA
"50c9509d-22c7-4a22-a47d-8c48425ef4a7","HUMAN_OBSERVATION","PRESENT","Dryophytes immaculatus",36.66954,126.823866,"ASIA","Chungcheongnam-do",2009,5,23,"cdc,cdround","https://www.inaturalist.org/observations/2500260","http://creativecommons.org/licenses/by/4.0/legalcode","WGS84","1586085663","2500260",NA
"50c9509d-22c7-4a22-a47d-8c48425ef4a7","HUMAN_OBSERVATION","PRESENT","Dryophytes immaculatus",36.965137,126.996449,"ASIA","Gyeonggi-do",2009,5,28,"cdc,cdround","https://www.inaturalist.org/observations/2500274","http://creativecommons.org/licenses/by/4.0/legalcode","WGS84","1586085664","2500274",NA
"50c9509d-22c7-4a22-a47d-8c48425ef4a7","HUMAN_OBSERVATION","PRESENT","Dryophytes immaculatus",36.960056,126.996853,"ASIA","Gyeonggi-do",2009,5,28,"cdc,cdround","https://www.inaturalist.org/observations/2500276","http://creativecommons.org/licenses/by/4.0/legalcode","WGS84","1586085661","2500276",NA
"50c9509d-22c7-4a22-a47d-8c48425ef4a7","HUMAN_OBSERVATION","PRESENT","Dryophytes immaculatus",36.976496,126.915346,"ASIA","Gyeonggi-do",2009,5,15,"cdc,cdround","https://www.inaturalist.org/observations/25677","http://creativecommons.org/licenses/by/4.0/legalcode","WGS84","1586085755","25677",NA
"50c9509d-22c7-4a22-a47d-8c48425ef4a7","HUMAN_OBSERVATION","PRESENT","Dryophytes immaculatus",36.9631,126.996063,"ASIA","Gyeonggi-do",2009,5,15,"cdc,cdround","https://www.inaturalist.org/observations/26143","http://creativecommons.org/licenses/by/4.0/legalcode","WGS84","1586085828","26143",NA
"50c9509d-22c7-4a22-a47d-8c48425ef4a7","HUMAN_OBSERVATION","PRESENT","Dryophytes immaculatus",36.626098,126.91994,"ASIA","Chungcheongnam-do",2009,5,18,"cdc,cdround","https://www.inaturalist.org/observations/26253","http://creativecommons.org/licenses/by/4.0/legalcode","WGS84","1586085854","26253",NA
"50c9509d-22c7-4a22-a47d-8c48425ef4a7","HUMAN_OBSERVATION","PRESENT","Dryophytes immaculatus",36.945866,126.860871,"ASIA","Gyeonggi-do",2009,5,28,"cdc,cdround","https://www.inaturalist.org/observations/335152","http://creativecommons.org/licenses/by/4.0/legalcode","WGS84","1586086890","335152",NA
"50c9509d-22c7-4a22-a47d-8c48425ef4a7","HUMAN_OBSERVATION","PRESENT","Dryophytes immaculatus",36.942378,126.839665,"ASIA","Gyeonggi-do",2009,6,12,"cdc,cdround","https://www.inaturalist.org/observations/2500318","http://creativecommons.org/licenses/by/4.0/legalcode","WGS84","1586085662","2500318",NA
"50c9509d-22c7-4a22-a47d-8c48425ef4a7","HUMAN_OBSERVATION","PRESENT","Dryophytes immaculatus",36.945756,126.833037,"ASIA","Gyeonggi-do",2009,6,14,"cdc,cdround","https://www.inaturalist.org/observations/26635","http://creativecommons.org/licenses/by/4.0/legalcode","WGS84","1880662621","26635",NA
"50c9509d-22c7-4a22-a47d-8c48425ef4a7","HUMAN_OBSERVATION","PRESENT","Dryophytes immaculatus",36.931693,126.884984,"ASIA","Gyeonggi-do",2008,5,25,"cdc,cdround","https://www.inaturalist.org/observations/2493484","http://creativecommons.org/licenses/by/4.0/legalcode","WGS84","1586085639","2493484",NA
"50c9509d-22c7-4a22-a47d-8c48425ef4a7","HUMAN_OBSERVATION","PRESENT","Dryophytes immaculatus",36.938379,126.86147,"ASIA","Gyeonggi-do",2008,5,29,"cdc,cdround","https://www.inaturalist.org/observations/2493488","http://creativecommons.org/licenses/by/4.0/legalcode","WGS84","1586085638","2493488",NA
"50c9509d-22c7-4a22-a47d-8c48425ef4a7","HUMAN_OBSERVATION","PRESENT","Dryophytes immaculatus",36.741615,126.428051,"ASIA","Chungcheongnam-do",2008,7,14,"cdc,cdround","https://www.inaturalist.org/observations/2493688","http://creativecommons.org/licenses/by/4.0/legalcode","WGS84","2574058613","2493688",NA
"50c9509d-22c7-4a22-a47d-8c48425ef4a7","HUMAN_OBSERVATION","PRESENT","Dryophytes immaculatus",37.263945,127.487392,"ASIA","Gyeonggi-do",2007,6,10,"cdc,cdround","https://www.inaturalist.org/observations/2483565","http://creativecommons.org/licenses/by/4.0/legalcode","WGS84","1586085613","2483565",NA
"50c9509d-22c7-4a22-a47d-8c48425ef4a7","HUMAN_OBSERVATION","PRESENT","Dryophytes immaculatus",37.21,127.484138,"ASIA","Gyeonggi-do",2007,6,23,"cdc,cdround","https://www.inaturalist.org/observations/2484645","http://creativecommons.org/licenses/by/4.0/legalcode","WGS84","1586085615","2484645",NA
"50c9509d-22c7-4a22-a47d-8c48425ef4a7","HUMAN_OBSERVATION","PRESENT","Dryophytes immaculatus",37.2955,127.431239,"ASIA","Gyeonggi-do",2007,10,6,"cdc,cdround","https://www.inaturalist.org/observations/2490901","http://creativecommons.org/licenses/by/4.0/legalcode","WGS84","2573925616","2490901",NA
"88dc0756-f762-11e1-a439-00145eb45e9a","PRESERVED_SPECIMEN","PRESENT","Dryophytes immaculatus",41.2175,126.2344,"ASIA","Jilin",NA,NA,NA,"cdc,gass84,cdpi,ambinst",NA,"http://creativecommons.org/licenses/by/4.0/legalcode","WGS84","143465887","CIB032445","Baishan Shi"
"d8cd16ba-bb74-4420-821e-083f2bac17c2","PRESERVED_SPECIMEN","PRESENT","Dryophytes immaculatus",36.93,127.02,"ASIA",NA,NA,NA,NA,"cdc,cudc,gass84","https://www.ebi.ac.uk/ena/browser/view/JN104268","http://creativecommons.org/licenses/by/4.0/legalcode","WGS84","3346891628","100622-06",NA
"d8cd16ba-bb74-4420-821e-083f2bac17c2","PRESERVED_SPECIMEN","PRESENT","Dryophytes immaculatus",36.95,127.01,"ASIA",NA,NA,NA,NA,"cdc,cudc,gass84","https://www.ebi.ac.uk/ena/browser/view/JN104270","http://creativecommons.org/licenses/by/4.0/legalcode","WGS84","3350115989","100517-03",NA
"d8cd16ba-bb74-4420-821e-083f2bac17c2","PRESERVED_SPECIMEN","PRESENT","Dryophytes immaculatus",37.7,126.51,"ASIA",NA,NA,NA,NA,"cdc,cudc,gass84","https://www.ebi.ac.uk/ena/browser/view/JN104280","http://creativecommons.org/licenses/by/4.0/legalcode","WGS84","3350035038","100614-01",NA
"d8cd16ba-bb74-4420-821e-083f2bac17c2","PRESERVED_SPECIMEN","PRESENT","Dryophytes immaculatus",37.68,126.65,"ASIA",NA,NA,NA,NA,"cdc,cudc,gass84","https://www.ebi.ac.uk/ena/browser/view/JN104288","http://creativecommons.org/licenses/by/4.0/legalcode","WGS84","3350129943","100607-01",NA
"d8cd16ba-bb74-4420-821e-083f2bac17c2","PRESERVED_SPECIMEN","PRESENT","Dryophytes immaculatus",37.82,126.7,"ASIA",NA,NA,NA,NA,"cdc,cudc,gass84","https://www.ebi.ac.uk/ena/browser/view/JN104299","http://creativecommons.org/licenses/by/4.0/legalcode","WGS84","3350035039","100519-11",NA
