"datasetKey","basisOfRecord","occurrenceStatus","species","decimalLatitude","decimalLongitude","continent","stateProvince","year","month","day","issues","references","license","geodeticDatum","gbifID","catalogNumber","locality"
"50c9509d-22c7-4a22-a47d-8c48425ef4a7","HUMAN_OBSERVATION","PRESENT","Hynobius quelpaertensis",35.122491,126.530229,"ASIA","Jeollanam-do",2024,2,6,"cdc,cdround","https://www.inaturalist.org/observations/199529065","http://creativecommons.org/licenses/by-nc/4.0/legalcode","WGS84","4525174963","199529065",NA
"50c9509d-22c7-4a22-a47d-8c48425ef4a7","HUMAN_OBSERVATION","PRESENT","Hynobius quelpaertensis",35.009856,126.889978,"ASIA","Gwangju",2024,2,24,"cdc,cdround","https://www.inaturalist.org/observations/200227082","http://creativecommons.org/licenses/by-nc/4.0/legalcode","WGS84","4527992249","200227082",NA
"50c9509d-22c7-4a22-a47d-8c48425ef4a7","HUMAN_OBSERVATION","PRESENT","Hynobius quelpaertensis",35.104372,126.81738,"ASIA","Gwangju",2024,2,24,"cdc,cdround","https://www.inaturalist.org/observations/200227600","http://creativecommons.org/licenses/by-nc/4.0/legalcode","WGS84","4528027239","200227600",NA
"50c9509d-22c7-4a22-a47d-8c48425ef4a7","HUMAN_OBSERVATION","PRESENT","Hynobius quelpaertensis",35.125309,126.971431,"ASIA","Gwangju",2024,2,24,"cdc,cdround","https://www.inaturalist.org/observations/200227677","http://creativecommons.org/licenses/by-nc/4.0/legalcode","WGS84","4528028263","200227677",NA
"50c9509d-22c7-4a22-a47d-8c48425ef4a7","HUMAN_OBSERVATION","PRESENT","Hynobius quelpaertensis",35.186402,126.920208,"ASIA","Gwangju",2024,2,24,"cdc,cdround","https://www.inaturalist.org/observations/200227699","http://creativecommons.org/licenses/by-nc/4.0/legalcode","WGS84","4528275268","200227699",NA
"50c9509d-22c7-4a22-a47d-8c48425ef4a7","HUMAN_OBSERVATION","PRESENT","Hynobius quelpaertensis",35.036357,126.884065,"ASIA","Gwangju",2024,2,24,"cdc,cdround","https://www.inaturalist.org/observations/200227784","http://creativecommons.org/licenses/by-nc/4.0/legalcode","WGS84","4528245200","200227784",NA
"50c9509d-22c7-4a22-a47d-8c48425ef4a7","HUMAN_OBSERVATION","PRESENT","Hynobius quelpaertensis",35.054648,126.879168,"ASIA","Gwangju",2024,2,24,"cdc,cdround","https://www.inaturalist.org/observations/200227805","http://creativecommons.org/licenses/by-nc/4.0/legalcode","WGS84","4528290183","200227805",NA
"50c9509d-22c7-4a22-a47d-8c48425ef4a7","HUMAN_OBSERVATION","PRESENT","Hynobius quelpaertensis",35.189953,126.9353,"ASIA","Gwangju",2024,2,24,"cdc,cdround","https://www.inaturalist.org/observations/200228502","http://creativecommons.org/licenses/by-nc/4.0/legalcode","WGS84","4528269212","200228502",NA
"50c9509d-22c7-4a22-a47d-8c48425ef4a7","HUMAN_OBSERVATION","PRESENT","Hynobius quelpaertensis",35.143437,126.905826,"ASIA","Gwangju",2024,2,24,"cdc,cdround","https://www.inaturalist.org/observations/200228544","http://creativecommons.org/licenses/by-nc/4.0/legalcode","WGS84","4528269213","200228544",NA
"50c9509d-22c7-4a22-a47d-8c48425ef4a7","HUMAN_OBSERVATION","PRESENT","Hynobius quelpaertensis",35.101326,126.867983,"ASIA","Gwangju",2024,2,24,"cdc,cdround","https://www.inaturalist.org/observations/200228584","http://creativecommons.org/licenses/by-nc/4.0/legalcode","WGS84","4528285222","200228584",NA
"50c9509d-22c7-4a22-a47d-8c48425ef4a7","HUMAN_OBSERVATION","PRESENT","Hynobius quelpaertensis",33.427149,126.610843,"ASIA","Jeju",2023,2,8,"cdc,cdround","https://www.inaturalist.org/observations/172671680","http://creativecommons.org/licenses/by-nc/4.0/legalcode","WGS84","4162303454","172671680",NA
"50c9509d-22c7-4a22-a47d-8c48425ef4a7","HUMAN_OBSERVATION","PRESENT","Hynobius quelpaertensis",33.57829,126.63115,"ASIA","Jeju",2023,2,8,"cdc,cdround","https://www.inaturalist.org/observations/172671682","http://creativecommons.org/licenses/by-nc/4.0/legalcode","WGS84","4162406497","172671682",NA
"50c9509d-22c7-4a22-a47d-8c48425ef4a7","HUMAN_OBSERVATION","PRESENT","Hynobius quelpaertensis",33.472963,126.794589,"ASIA","Jeju",2023,2,8,"cdc,cdround","https://www.inaturalist.org/observations/172671683","http://creativecommons.org/licenses/by-nc/4.0/legalcode","WGS84","4162425426","172671683",NA
"50c9509d-22c7-4a22-a47d-8c48425ef4a7","HUMAN_OBSERVATION","PRESENT","Hynobius quelpaertensis",33.457641,126.742436,"ASIA","Jeju",2023,2,27,"cdc,cdround","https://www.inaturalist.org/observations/180914035","http://creativecommons.org/licenses/by-nc/4.0/legalcode","WGS84","4407119595","180914035",NA
"50c9509d-22c7-4a22-a47d-8c48425ef4a7","HUMAN_OBSERVATION","PRESENT","Hynobius quelpaertensis",33.472052,126.564643,"ASIA","Jeju",2023,3,24,"cdc,cdround","https://www.inaturalist.org/observations/152099754","http://creativecommons.org/licenses/by-nc/4.0/legalcode","WGS84","4075825316","152099754",NA
"50c9509d-22c7-4a22-a47d-8c48425ef4a7","HUMAN_OBSERVATION","PRESENT","Hynobius quelpaertensis",33.542666,126.45486,"ASIA","Jeju",2023,3,24,"cdc,cdround","https://www.inaturalist.org/observations/152099807","http://creativecommons.org/licenses/by-nc/4.0/legalcode","WGS84","4075768265","152099807",NA
"50c9509d-22c7-4a22-a47d-8c48425ef4a7","HUMAN_OBSERVATION","PRESENT","Hynobius quelpaertensis",33.418077,126.540558,"ASIA","Jeju",2023,3,29,"cdc,cdround","https://www.inaturalist.org/observations/152694039","http://creativecommons.org/licenses/by-nc/4.0/legalcode","WGS84","4076311059","152694039",NA
"50c9509d-22c7-4a22-a47d-8c48425ef4a7","HUMAN_OBSERVATION","PRESENT","Hynobius quelpaertensis",33.453869,126.454366,"ASIA","Jeju",2023,3,16,"cdc,cdround","https://www.inaturalist.org/observations/186626359","http://creativecommons.org/licenses/by-nc/4.0/legalcode","WGS84","4424567915","186626359",NA
"50c9509d-22c7-4a22-a47d-8c48425ef4a7","HUMAN_OBSERVATION","PRESENT","Hynobius quelpaertensis",33.59241,126.551819,NA,"Jeju",2023,3,16,"cdround","https://www.inaturalist.org/observations/186626360","http://creativecommons.org/licenses/by-nc/4.0/legalcode","WGS84","4424171805","186626360",NA
"50c9509d-22c7-4a22-a47d-8c48425ef4a7","HUMAN_OBSERVATION","PRESENT","Hynobius quelpaertensis",33.508133,126.587163,"ASIA","Jeju",2023,3,24,"cdc,cdround","https://www.inaturalist.org/observations/186681037","http://creativecommons.org/licenses/by-nc/4.0/legalcode","WGS84","4424303101","186681037",NA
"50c9509d-22c7-4a22-a47d-8c48425ef4a7","HUMAN_OBSERVATION","PRESENT","Hynobius quelpaertensis",33.595225,126.44493,NA,"Jeju",2023,3,29,"cdround","https://www.inaturalist.org/observations/187482088","http://creativecommons.org/licenses/by-nc/4.0/legalcode","WGS84","4431062917","187482088",NA
"50c9509d-22c7-4a22-a47d-8c48425ef4a7","HUMAN_OBSERVATION","PRESENT","Hynobius quelpaertensis",33.497504,126.578048,"ASIA","Jeju",2023,3,29,"cdc,cdround","https://www.inaturalist.org/observations/187482103","http://creativecommons.org/licenses/by-nc/4.0/legalcode","WGS84","4431062918","187482103",NA
"50c9509d-22c7-4a22-a47d-8c48425ef4a7","HUMAN_OBSERVATION","PRESENT","Hynobius quelpaertensis",33.418199,126.446885,"ASIA","Jeju",2023,3,29,"cdc,cdround","https://www.inaturalist.org/observations/187482107","http://creativecommons.org/licenses/by-nc/4.0/legalcode","WGS84","4431049890","187482107",NA
"50c9509d-22c7-4a22-a47d-8c48425ef4a7","HUMAN_OBSERVATION","PRESENT","Hynobius quelpaertensis",35.143022,126.43957,"ASIA","Jeollanam-do",2023,4,13,"cdc,cdround","https://www.inaturalist.org/observations/154703800","http://creativecommons.org/licenses/by-nc/4.0/legalcode","WGS84","4091555914","154703800",NA
"50c9509d-22c7-4a22-a47d-8c48425ef4a7","HUMAN_OBSERVATION","PRESENT","Hynobius quelpaertensis",35.099207,126.483979,"ASIA","Jeollanam-do",2023,4,13,"cdc,cdround","https://www.inaturalist.org/observations/154703905","http://creativecommons.org/licenses/by-nc/4.0/legalcode","WGS84","4091850864","154703905",NA
"50c9509d-22c7-4a22-a47d-8c48425ef4a7","HUMAN_OBSERVATION","PRESENT","Hynobius quelpaertensis",35.080337,126.557504,"ASIA","Jeollanam-do",2023,4,13,"cdc,cdround","https://www.inaturalist.org/observations/154704403","http://creativecommons.org/licenses/by-nc/4.0/legalcode","WGS84","4091790887","154704403",NA
"50c9509d-22c7-4a22-a47d-8c48425ef4a7","HUMAN_OBSERVATION","PRESENT","Hynobius quelpaertensis",35.095671,126.543012,"ASIA","Jeollanam-do",2023,4,13,"cdc,cdround","https://www.inaturalist.org/observations/154704571","http://creativecommons.org/licenses/by-nc/4.0/legalcode","WGS84","4091489894","154704571",NA
"50c9509d-22c7-4a22-a47d-8c48425ef4a7","HUMAN_OBSERVATION","PRESENT","Hynobius quelpaertensis",35.123132,126.584497,"ASIA","Jeollanam-do",2023,4,14,"cdc,cdround","https://www.inaturalist.org/observations/154822989","http://creativecommons.org/licenses/by-nc/4.0/legalcode","WGS84","4091428021","154822989",NA
"50c9509d-22c7-4a22-a47d-8c48425ef4a7","HUMAN_OBSERVATION","PRESENT","Hynobius quelpaertensis",35.033311,126.413245,"ASIA","Jeollanam-do",2023,4,14,"cdc,cdround","https://www.inaturalist.org/observations/171171591","http://creativecommons.org/licenses/by-nc/4.0/legalcode","WGS84","4153931022","171171591",NA
"50c9509d-22c7-4a22-a47d-8c48425ef4a7","HUMAN_OBSERVATION","PRESENT","Hynobius quelpaertensis",33.449955,126.562765,"ASIA","Jeju",2023,4,10,"cdc,cdround","https://www.inaturalist.org/observations/189543115","http://creativecommons.org/licenses/by-nc/4.0/legalcode","WGS84","4436465427","189543115",NA
"50c9509d-22c7-4a22-a47d-8c48425ef4a7","HUMAN_OBSERVATION","PRESENT","Hynobius quelpaertensis",33.528304,126.734314,"ASIA","Jeju",2023,4,25,"cdc,cdround","https://www.inaturalist.org/observations/192507895","http://creativecommons.org/licenses/by-nc/4.0/legalcode","WGS84","4458800688","192507895",NA
"50c9509d-22c7-4a22-a47d-8c48425ef4a7","HUMAN_OBSERVATION","PRESENT","Hynobius quelpaertensis",33.311935,126.470519,"ASIA","Jeju",2023,7,15,"cdc,cdround","https://www.inaturalist.org/observations/173737211","http://creativecommons.org/licenses/by-nc/4.0/legalcode","WGS84","4165452654","173737211",NA
"50c9509d-22c7-4a22-a47d-8c48425ef4a7","HUMAN_OBSERVATION","PRESENT","Hynobius quelpaertensis",33.582613,126.700021,"ASIA","Jeju",2023,7,16,"cdc,cdround","https://www.inaturalist.org/observations/173737249","http://creativecommons.org/licenses/by-nc/4.0/legalcode","WGS84","4165344926","173737249",NA
"50c9509d-22c7-4a22-a47d-8c48425ef4a7","HUMAN_OBSERVATION","PRESENT","Hynobius quelpaertensis",34.871447,126.078329,"ASIA","Jeollanam-do",2023,7,27,"cdc,cdround","https://www.inaturalist.org/observations/175131362","http://creativecommons.org/licenses/by-nc/4.0/legalcode","WGS84","4171667830","175131362",NA
"50c9509d-22c7-4a22-a47d-8c48425ef4a7","HUMAN_OBSERVATION","PRESENT","Hynobius quelpaertensis",34.989928,126.099982,"ASIA","Jeollanam-do",2023,7,27,"cdc,cdround","https://www.inaturalist.org/observations/175131376","http://creativecommons.org/licenses/by-nc/4.0/legalcode","WGS84","4171641771","175131376",NA
"50c9509d-22c7-4a22-a47d-8c48425ef4a7","HUMAN_OBSERVATION","PRESENT","Hynobius quelpaertensis",33.448203,126.529631,"ASIA","Jeju",2022,3,27,"cdc,cdround","https://www.inaturalist.org/observations/109674763","http://creativecommons.org/licenses/by-nc/4.0/legalcode","WGS84","3759183126","109674763",NA
"50c9509d-22c7-4a22-a47d-8c48425ef4a7","HUMAN_OBSERVATION","PRESENT","Hynobius quelpaertensis",33.577818,126.629545,"ASIA","Jeju",2022,3,27,"cdc,cdround","https://www.inaturalist.org/observations/111315128","http://creativecommons.org/licenses/by-nc/4.0/legalcode","WGS84","3759307785","111315128",NA
"50c9509d-22c7-4a22-a47d-8c48425ef4a7","HUMAN_OBSERVATION","PRESENT","Hynobius quelpaertensis",33.529453,126.683603,"ASIA","Jeju",2022,3,27,"cdc,cdround","https://www.inaturalist.org/observations/111315129","http://creativecommons.org/licenses/by-nc/4.0/legalcode","WGS84","3759271840","111315129",NA
"50c9509d-22c7-4a22-a47d-8c48425ef4a7","HUMAN_OBSERVATION","PRESENT","Hynobius quelpaertensis",35.353206,126.983996,"ASIA","Jeollanam-do",2022,4,1,"cdc,cdround","https://www.inaturalist.org/observations/110383529","http://creativecommons.org/licenses/by-nc/4.0/legalcode","WGS84","3961206435","110383529",NA
"50c9509d-22c7-4a22-a47d-8c48425ef4a7","HUMAN_OBSERVATION","PRESENT","Hynobius quelpaertensis",34.923534,126.15519,"ASIA","Jeollanam-do",2022,4,3,"cdc,cdround","https://www.inaturalist.org/observations/110383672","http://creativecommons.org/licenses/by-nc/4.0/legalcode","WGS84","3759690926","110383672",NA
"50c9509d-22c7-4a22-a47d-8c48425ef4a7","HUMAN_OBSERVATION","PRESENT","Hynobius quelpaertensis",35.134298,126.199425,"ASIA","Jeollanam-do",2022,5,5,"cdc,cdround","https://www.inaturalist.org/observations/115527154","http://creativecommons.org/licenses/by-nc/4.0/legalcode","WGS84","3784995452","115527154",NA
"50c9509d-22c7-4a22-a47d-8c48425ef4a7","HUMAN_OBSERVATION","PRESENT","Hynobius quelpaertensis",35.178996,126.102076,"ASIA","Jeollanam-do",2022,5,6,"cdc,cdround","https://www.inaturalist.org/observations/116222916","http://creativecommons.org/licenses/by-nc/4.0/legalcode","WGS84","3785000443","116222916",NA
"50c9509d-22c7-4a22-a47d-8c48425ef4a7","HUMAN_OBSERVATION","PRESENT","Hynobius quelpaertensis",33.577242,126.555848,"ASIA","Jeju",2022,6,12,"cdc,cdround","https://www.inaturalist.org/observations/121387642","http://creativecommons.org/licenses/by-nc/4.0/legalcode","WGS84","3860174388","121387642",NA
"50c9509d-22c7-4a22-a47d-8c48425ef4a7","HUMAN_OBSERVATION","PRESENT","Hynobius quelpaertensis",33.226718,126.575391,"ASIA","Jeju",2022,7,2,"cdc,cdround","https://www.inaturalist.org/observations/124374084","http://creativecommons.org/licenses/by-nc/4.0/legalcode","WGS84","3860661964","124374084",NA
"50c9509d-22c7-4a22-a47d-8c48425ef4a7","HUMAN_OBSERVATION","PRESENT","Hynobius quelpaertensis",33.309138,126.592921,"ASIA","Jeju",2022,7,2,"cdc,cdround","https://www.inaturalist.org/observations/124374297","http://creativecommons.org/licenses/by-nc/4.0/legalcode","WGS84","3859011885","124374297",NA
"50c9509d-22c7-4a22-a47d-8c48425ef4a7","HUMAN_OBSERVATION","PRESENT","Hynobius quelpaertensis",33.442426,126.684755,"ASIA","Jeju",2021,2,15,"cdc,cdround","https://www.inaturalist.org/observations/169366010","http://creativecommons.org/licenses/by-nc/4.0/legalcode","WGS84","4138631621","169366010",NA
"50c9509d-22c7-4a22-a47d-8c48425ef4a7","HUMAN_OBSERVATION","PRESENT","Hynobius quelpaertensis",33.444108,126.662367,"ASIA","Jeju",2021,2,15,"cdc,cdround","https://www.inaturalist.org/observations/169366022","http://creativecommons.org/licenses/by-nc/4.0/legalcode","WGS84","4138735033","169366022",NA
"50c9509d-22c7-4a22-a47d-8c48425ef4a7","HUMAN_OBSERVATION","PRESENT","Hynobius quelpaertensis",34.179736,126.575341,"ASIA","Jeollanam-do",2021,2,14,"cdc,cdround","https://www.inaturalist.org/observations/69536360","http://creativecommons.org/licenses/by-nc/4.0/legalcode","WGS84","3044749067","69536360",NA
"50c9509d-22c7-4a22-a47d-8c48425ef4a7","HUMAN_OBSERVATION","PRESENT","Hynobius quelpaertensis",34.034289,126.461107,NA,"Jeollanam-do",2021,2,14,"cdround","https://www.inaturalist.org/observations/69536413","http://creativecommons.org/licenses/by-nc/4.0/legalcode","WGS84","3044784069","69536413",NA
"50c9509d-22c7-4a22-a47d-8c48425ef4a7","HUMAN_OBSERVATION","PRESENT","Hynobius quelpaertensis",34.322097,126.536461,"ASIA","Jeollanam-do",2021,2,14,"cdc,cdround","https://www.inaturalist.org/observations/69553786","http://creativecommons.org/licenses/by-nc/4.0/legalcode","WGS84","3044775055","69553786",NA
"50c9509d-22c7-4a22-a47d-8c48425ef4a7","HUMAN_OBSERVATION","PRESENT","Hynobius quelpaertensis",34.35812,126.461752,"ASIA","Jeollanam-do",2021,2,14,"cdc,cdround","https://www.inaturalist.org/observations/69553806","http://creativecommons.org/licenses/by-nc/4.0/legalcode","WGS84","3044618116","69553806",NA
"50c9509d-22c7-4a22-a47d-8c48425ef4a7","HUMAN_OBSERVATION","PRESENT","Hynobius quelpaertensis",34.287293,126.576984,"ASIA","Jeollanam-do",2021,2,14,"cdc,cdround","https://www.inaturalist.org/observations/69554797","http://creativecommons.org/licenses/by-nc/4.0/legalcode","WGS84","3044781082","69554797",NA
"50c9509d-22c7-4a22-a47d-8c48425ef4a7","HUMAN_OBSERVATION","PRESENT","Hynobius quelpaertensis",34.258349,126.50149,"ASIA","Jeollanam-do",2021,2,14,"cdc,cdround","https://www.inaturalist.org/observations/69554842","http://creativecommons.org/licenses/by-nc/4.0/legalcode","WGS84","3044790095","69554842",NA
"50c9509d-22c7-4a22-a47d-8c48425ef4a7","HUMAN_OBSERVATION","PRESENT","Hynobius quelpaertensis",34.378256,126.536493,"ASIA","Jeollanam-do",2021,2,14,"cdc,cdround","https://www.inaturalist.org/observations/69556610","http://creativecommons.org/licenses/by-nc/4.0/legalcode","WGS84","3044718106","69556610",NA
"50c9509d-22c7-4a22-a47d-8c48425ef4a7","HUMAN_OBSERVATION","PRESENT","Hynobius quelpaertensis",34.366104,126.59415,"ASIA","Jeollanam-do",2021,2,14,"cdc,cdround","https://www.inaturalist.org/observations/69556665","http://creativecommons.org/licenses/by-nc/4.0/legalcode","WGS84","3044634096","69556665",NA
"50c9509d-22c7-4a22-a47d-8c48425ef4a7","HUMAN_OBSERVATION","PRESENT","Hynobius quelpaertensis",34.263907,126.40449,"ASIA","Jeollanam-do",2021,2,14,"cdc,cdround","https://www.inaturalist.org/observations/69557053","http://creativecommons.org/licenses/by-nc/4.0/legalcode","WGS84","3044574093","69557053",NA
"50c9509d-22c7-4a22-a47d-8c48425ef4a7","HUMAN_OBSERVATION","PRESENT","Hynobius quelpaertensis",34.326382,126.579052,"ASIA","Jeollanam-do",2021,2,14,"cdc,cdround","https://www.inaturalist.org/observations/69557391","http://creativecommons.org/licenses/by-nc/4.0/legalcode","WGS84","3044597177","69557391",NA
"50c9509d-22c7-4a22-a47d-8c48425ef4a7","HUMAN_OBSERVATION","PRESENT","Hynobius quelpaertensis",34.335701,126.414338,NA,"Jeollanam-do",2021,2,14,"cdround","https://www.inaturalist.org/observations/69557678","http://creativecommons.org/licenses/by-nc/4.0/legalcode","WGS84","3044578112","69557678",NA
"50c9509d-22c7-4a22-a47d-8c48425ef4a7","HUMAN_OBSERVATION","PRESENT","Hynobius quelpaertensis",34.362334,126.528399,"ASIA","Jeollanam-do",2021,2,14,"cdc,cdround","https://www.inaturalist.org/observations/69558510","http://creativecommons.org/licenses/by-nc/4.0/legalcode","WGS84","3044746102","69558510",NA
"50c9509d-22c7-4a22-a47d-8c48425ef4a7","HUMAN_OBSERVATION","PRESENT","Hynobius quelpaertensis",34.388154,126.621518,"ASIA","Jeollanam-do",2021,2,14,"cdc,cdround","https://www.inaturalist.org/observations/69558592","http://creativecommons.org/licenses/by-nc/4.0/legalcode","WGS84","3044853101","69558592",NA
"50c9509d-22c7-4a22-a47d-8c48425ef4a7","HUMAN_OBSERVATION","PRESENT","Hynobius quelpaertensis",34.391285,126.514437,"ASIA","Jeollanam-do",2021,2,14,"cdc,cdround","https://www.inaturalist.org/observations/69558995","http://creativecommons.org/licenses/by-nc/4.0/legalcode","WGS84","3044607094","69558995",NA
"50c9509d-22c7-4a22-a47d-8c48425ef4a7","HUMAN_OBSERVATION","PRESENT","Hynobius quelpaertensis",34.196553,126.52126,"ASIA","Jeollanam-do",2021,2,14,"cdc,cdround","https://www.inaturalist.org/observations/69559229","http://creativecommons.org/licenses/by-nc/4.0/legalcode","WGS84","3044649085","69559229",NA
"50c9509d-22c7-4a22-a47d-8c48425ef4a7","HUMAN_OBSERVATION","PRESENT","Hynobius quelpaertensis",34.178313,126.680507,"ASIA","Jeollanam-do",2021,2,14,"cdc,cdround","https://www.inaturalist.org/observations/69560900","http://creativecommons.org/licenses/by-nc/4.0/legalcode","WGS84","3044736083","69560900",NA
"50c9509d-22c7-4a22-a47d-8c48425ef4a7","HUMAN_OBSERVATION","PRESENT","Hynobius quelpaertensis",35.062358,126.961732,"ASIA","Gwangju",2021,2,28,"cdc,cdround","https://www.inaturalist.org/observations/70366429","http://creativecommons.org/licenses/by-nc/4.0/legalcode","WGS84","3456217914","70366429",NA
"50c9509d-22c7-4a22-a47d-8c48425ef4a7","HUMAN_OBSERVATION","PRESENT","Hynobius quelpaertensis",35.106933,126.452175,"ASIA","Jeollanam-do",2020,2,18,"cdc,cdround","https://www.inaturalist.org/observations/38788586","http://creativecommons.org/licenses/by-nc/4.0/legalcode","WGS84","2574012399","38788586",NA
"50c9509d-22c7-4a22-a47d-8c48425ef4a7","HUMAN_OBSERVATION","PRESENT","Hynobius quelpaertensis",35.060092,126.512807,"ASIA","Jeollanam-do",2020,2,18,"cdc,cdround","https://www.inaturalist.org/observations/38788638","http://creativecommons.org/licenses/by-nc/4.0/legalcode","WGS84","2574212499","38788638",NA
"50c9509d-22c7-4a22-a47d-8c48425ef4a7","HUMAN_OBSERVATION","PRESENT","Hynobius quelpaertensis",35.005304,126.431376,"ASIA","Jeollanam-do",2020,2,18,"cdc,cdround","https://www.inaturalist.org/observations/38788699","http://creativecommons.org/licenses/by-nc/4.0/legalcode","WGS84","2573864369","38788699",NA
"50c9509d-22c7-4a22-a47d-8c48425ef4a7","HUMAN_OBSERVATION","PRESENT","Hynobius quelpaertensis",35.148102,126.487219,"ASIA","Jeollanam-do",2020,2,28,"cdc,cdround","https://www.inaturalist.org/observations/39339577","http://creativecommons.org/licenses/by-nc/4.0/legalcode","WGS84","2576403417","39339577",NA
"50c9509d-22c7-4a22-a47d-8c48425ef4a7","HUMAN_OBSERVATION","PRESENT","Hynobius quelpaertensis",35.051596,126.561003,"ASIA","Jeollanam-do",2020,2,18,"cdc,cdround","https://www.inaturalist.org/observations/39343615","http://creativecommons.org/licenses/by-nc/4.0/legalcode","WGS84","2576366445","39343615",NA
"50c9509d-22c7-4a22-a47d-8c48425ef4a7","HUMAN_OBSERVATION","PRESENT","Hynobius quelpaertensis",33.227849,126.290108,"ASIA","Jeju",2020,2,25,"cdc,cdround","https://www.inaturalist.org/observations/66775981","http://creativecommons.org/licenses/by/4.0/legalcode","WGS84","3455275938","66775981",NA
"50c9509d-22c7-4a22-a47d-8c48425ef4a7","HUMAN_OBSERVATION","PRESENT","Hynobius quelpaertensis",35.702321,126.714499,"ASIA","Jeollabuk-do",2020,3,2,"cdc,cdround","https://www.inaturalist.org/observations/39475931","http://creativecommons.org/licenses/by-nc/4.0/legalcode","WGS84","2576489002","39475931",NA
"50c9509d-22c7-4a22-a47d-8c48425ef4a7","HUMAN_OBSERVATION","PRESENT","Hynobius quelpaertensis",34.501971,126.693158,"ASIA","Jeollanam-do",2020,3,3,"cdc,cdround","https://www.inaturalist.org/observations/39478611","http://creativecommons.org/licenses/by-nc/4.0/legalcode","WGS84","2596277091","39478611",NA
"50c9509d-22c7-4a22-a47d-8c48425ef4a7","HUMAN_OBSERVATION","PRESENT","Hynobius quelpaertensis",35.14882,126.425798,"ASIA","Jeollanam-do",2020,3,19,"cdc,cdround","https://www.inaturalist.org/observations/40222315","http://creativecommons.org/licenses/by-nc/4.0/legalcode","WGS84","2596257214","40222315",NA
"50c9509d-22c7-4a22-a47d-8c48425ef4a7","HUMAN_OBSERVATION","PRESENT","Hynobius quelpaertensis",33.224741,126.404087,"ASIA","Jeju",2019,1,9,"cdc,cdround","https://www.inaturalist.org/observations/19524451","http://creativecommons.org/licenses/by/4.0/legalcode","WGS84","1986617457","19524451",NA
"50c9509d-22c7-4a22-a47d-8c48425ef4a7","HUMAN_OBSERVATION","PRESENT","Hynobius quelpaertensis",33.493637,126.664179,"ASIA","Jeju",2019,1,8,"cdc,cdround","https://www.inaturalist.org/observations/19530277","http://creativecommons.org/licenses/by/4.0/legalcode","WGS84","1986619860","19530277",NA
"50c9509d-22c7-4a22-a47d-8c48425ef4a7","HUMAN_OBSERVATION","PRESENT","Hynobius quelpaertensis",33.239187,126.516129,"ASIA","Jeju",2019,1,9,"cdc,cdround","https://www.inaturalist.org/observations/19530287","http://creativecommons.org/licenses/by/4.0/legalcode","WGS84","1986619815","19530287",NA
"50c9509d-22c7-4a22-a47d-8c48425ef4a7","HUMAN_OBSERVATION","PRESENT","Hynobius quelpaertensis",33.219418,126.452556,"ASIA","Jeju",2019,1,9,"cdc,cdround","https://www.inaturalist.org/observations/19530288","http://creativecommons.org/licenses/by/4.0/legalcode","WGS84","1986620110","19530288",NA
"50c9509d-22c7-4a22-a47d-8c48425ef4a7","HUMAN_OBSERVATION","PRESENT","Hynobius quelpaertensis",33.334384,126.475592,"ASIA","Jeju",2019,1,9,"cdc,cdround","https://www.inaturalist.org/observations/19530291","http://creativecommons.org/licenses/by/4.0/legalcode","WGS84","1986620338","19530291",NA
"50c9509d-22c7-4a22-a47d-8c48425ef4a7","HUMAN_OBSERVATION","PRESENT","Hynobius quelpaertensis",33.292612,126.489163,"ASIA","Jeju",2019,1,9,"cdc,cdround","https://www.inaturalist.org/observations/19530293","http://creativecommons.org/licenses/by/4.0/legalcode","WGS84","1986620604","19530293",NA
"50c9509d-22c7-4a22-a47d-8c48425ef4a7","HUMAN_OBSERVATION","PRESENT","Hynobius quelpaertensis",33.463852,126.694774,"ASIA","Jeju",2019,1,30,"cdc,cdround","https://www.inaturalist.org/observations/20054780","http://creativecommons.org/licenses/by-nc/4.0/legalcode","WGS84","1993737940","20054780",NA
"50c9509d-22c7-4a22-a47d-8c48425ef4a7","HUMAN_OBSERVATION","PRESENT","Hynobius quelpaertensis",33.580506,126.659086,"ASIA","Jeju",2019,1,30,"cdc,cdround","https://www.inaturalist.org/observations/20054864","http://creativecommons.org/licenses/by-nc/4.0/legalcode","WGS84","1993738046","20054864",NA
"50c9509d-22c7-4a22-a47d-8c48425ef4a7","HUMAN_OBSERVATION","PRESENT","Hynobius quelpaertensis",33.438986,126.709522,"ASIA","Jeju",2019,1,30,"cdc,cdround","https://www.inaturalist.org/observations/20054906","http://creativecommons.org/licenses/by-nc/4.0/legalcode","WGS84","3455282439","20054906",NA
"50c9509d-22c7-4a22-a47d-8c48425ef4a7","HUMAN_OBSERVATION","PRESENT","Hynobius quelpaertensis",33.485237,126.708673,"ASIA","Jeju",2019,1,30,"cdc,cdround","https://www.inaturalist.org/observations/20054914","http://creativecommons.org/licenses/by-nc/4.0/legalcode","WGS84","1993737946","20054914",NA
"50c9509d-22c7-4a22-a47d-8c48425ef4a7","HUMAN_OBSERVATION","PRESENT","Hynobius quelpaertensis",33.46192,126.255195,"ASIA","Jeju",2019,1,30,"cdc,cdround","https://www.inaturalist.org/observations/20054954","http://creativecommons.org/licenses/by-nc/4.0/legalcode","WGS84","4075631325","20054954",NA
"50c9509d-22c7-4a22-a47d-8c48425ef4a7","HUMAN_OBSERVATION","PRESENT","Hynobius quelpaertensis",33.322386,126.289693,"ASIA","Jeju",2019,1,30,"cdc,cdround","https://www.inaturalist.org/observations/20054961","http://creativecommons.org/licenses/by-nc/4.0/legalcode","WGS84","2580075163","20054961",NA
"50c9509d-22c7-4a22-a47d-8c48425ef4a7","HUMAN_OBSERVATION","PRESENT","Hynobius quelpaertensis",33.350315,126.297015,"ASIA","Jeju",2019,1,30,"cdc,cdround","https://www.inaturalist.org/observations/20055010","http://creativecommons.org/licenses/by-nc/4.0/legalcode","WGS84","2580075166","20055010",NA
"50c9509d-22c7-4a22-a47d-8c48425ef4a7","HUMAN_OBSERVATION","PRESENT","Hynobius quelpaertensis",35.150987,126.581605,"ASIA","Jeollanam-do",2019,2,22,"cdc,cdround","https://www.inaturalist.org/observations/20719715","http://creativecommons.org/licenses/by-nc/4.0/legalcode","WGS84","2006059245","20719715",NA
"50c9509d-22c7-4a22-a47d-8c48425ef4a7","HUMAN_OBSERVATION","PRESENT","Hynobius quelpaertensis",35.03396,126.593874,"ASIA","Jeollanam-do",2019,2,22,"cdc,cdround","https://www.inaturalist.org/observations/20719806","http://creativecommons.org/licenses/by-nc/4.0/legalcode","WGS84","2006059211","20719806",NA
"50c9509d-22c7-4a22-a47d-8c48425ef4a7","HUMAN_OBSERVATION","PRESENT","Hynobius quelpaertensis",35.006138,126.415308,"ASIA","Jeollanam-do",2019,2,22,"cdc,cdround","https://www.inaturalist.org/observations/20719849","http://creativecommons.org/licenses/by-nc/4.0/legalcode","WGS84","2006059303","20719849",NA
"50c9509d-22c7-4a22-a47d-8c48425ef4a7","HUMAN_OBSERVATION","PRESENT","Hynobius quelpaertensis",35.190948,126.468584,"ASIA","Jeollanam-do",2019,2,22,"cdc,cdround","https://www.inaturalist.org/observations/20719890","http://creativecommons.org/licenses/by-nc/4.0/legalcode","WGS84","2006059207","20719890",NA
"50c9509d-22c7-4a22-a47d-8c48425ef4a7","HUMAN_OBSERVATION","PRESENT","Hynobius quelpaertensis",34.429287,127.142858,"ASIA","Jeollanam-do",2019,3,3,"cdc,cdround","https://www.inaturalist.org/observations/20907809","http://creativecommons.org/licenses/by/4.0/legalcode","WGS84","2012981493","20907809",NA
"50c9509d-22c7-4a22-a47d-8c48425ef4a7","HUMAN_OBSERVATION","PRESENT","Hynobius quelpaertensis",34.448565,127.01537,"ASIA","Jeollanam-do",2019,3,10,"cdc,cdround","https://www.inaturalist.org/observations/21105927","http://creativecommons.org/licenses/by/4.0/legalcode","WGS84","2013717107","21105927",NA
"50c9509d-22c7-4a22-a47d-8c48425ef4a7","HUMAN_OBSERVATION","PRESENT","Hynobius quelpaertensis",33.299664,126.514687,"ASIA","Jeju",2019,4,18,"cdc,cdround","https://www.inaturalist.org/observations/22648777","http://creativecommons.org/licenses/by-nc/4.0/legalcode","WGS84","2236919194","22648777",NA
"50c9509d-22c7-4a22-a47d-8c48425ef4a7","HUMAN_OBSERVATION","PRESENT","Hynobius quelpaertensis",33.406582,126.420792,"ASIA","Jeju",2019,5,26,"cdc,cdround","https://www.inaturalist.org/observations/25763811","http://creativecommons.org/licenses/by-nc/4.0/legalcode","WGS84","2251890053","25763811",NA
"50c9509d-22c7-4a22-a47d-8c48425ef4a7","HUMAN_OBSERVATION","PRESENT","Hynobius quelpaertensis",33.598414,126.414591,NA,"Jeju",2019,5,26,"cdround","https://www.inaturalist.org/observations/26236842","http://creativecommons.org/licenses/by-nc/4.0/legalcode","WGS84","2252013106","26236842",NA
"50c9509d-22c7-4a22-a47d-8c48425ef4a7","HUMAN_OBSERVATION","PRESENT","Hynobius quelpaertensis",33.340247,126.594613,"ASIA","Jeju",2019,6,27,"cdc,cdround","https://www.inaturalist.org/observations/132759908","http://creativecommons.org/licenses/by-nc/4.0/legalcode","WGS84","3902899744","132759908",NA
"50c9509d-22c7-4a22-a47d-8c48425ef4a7","HUMAN_OBSERVATION","PRESENT","Hynobius quelpaertensis",34.753483,126.991212,"ASIA","Jeollanam-do",2019,8,3,"cdc,cdround","https://www.inaturalist.org/observations/30098401","http://creativecommons.org/licenses/by-nc/4.0/legalcode","WGS84","3858252424","30098401",NA
"50c9509d-22c7-4a22-a47d-8c48425ef4a7","HUMAN_OBSERVATION","PRESENT","Hynobius quelpaertensis",33.3528,126.480814,"ASIA","Jeju",2019,12,14,"cdc,cdround","https://www.inaturalist.org/observations/36631118","http://creativecommons.org/licenses/by/4.0/legalcode","WGS84","2529310286","36631118",NA
"50c9509d-22c7-4a22-a47d-8c48425ef4a7","HUMAN_OBSERVATION","PRESENT","Hynobius quelpaertensis",33.224892,126.403994,"ASIA","Jeju",2019,12,14,"cdc,cdround","https://www.inaturalist.org/observations/36652667","http://creativecommons.org/licenses/by/4.0/legalcode","WGS84","2529307316","36652667",NA
"50c9509d-22c7-4a22-a47d-8c48425ef4a7","HUMAN_OBSERVATION","PRESENT","Hynobius quelpaertensis",33.498895,126.640519,"ASIA","Jeju",2018,2,25,"cdc,cdround","https://www.inaturalist.org/observations/15383949","http://creativecommons.org/licenses/by-nc/4.0/legalcode","WGS84","1891324300","15383949",NA
"50c9509d-22c7-4a22-a47d-8c48425ef4a7","HUMAN_OBSERVATION","PRESENT","Hynobius quelpaertensis",33.552038,126.793075,"ASIA","Jeju",2018,2,25,"cdc,cdround","https://www.inaturalist.org/observations/15383950","http://creativecommons.org/licenses/by-nc/4.0/legalcode","WGS84","1891324335","15383950",NA
"50c9509d-22c7-4a22-a47d-8c48425ef4a7","HUMAN_OBSERVATION","PRESENT","Hynobius quelpaertensis",33.516146,126.767928,"ASIA","Jeju",2018,2,26,"cdc,cdround","https://www.inaturalist.org/observations/15383980","http://creativecommons.org/licenses/by-nc/4.0/legalcode","WGS84","1891324333","15383980",NA
"50c9509d-22c7-4a22-a47d-8c48425ef4a7","HUMAN_OBSERVATION","PRESENT","Hynobius quelpaertensis",33.47347,126.660958,"ASIA","Jeju",2018,2,26,"cdc,cdround","https://www.inaturalist.org/observations/15383982","http://creativecommons.org/licenses/by-nc/4.0/legalcode","WGS84","1891324293","15383982",NA
"50c9509d-22c7-4a22-a47d-8c48425ef4a7","HUMAN_OBSERVATION","PRESENT","Hynobius quelpaertensis",33.312524,126.325934,"ASIA","Jeju",2018,2,25,"cdc,cdround","https://www.inaturalist.org/observations/15384210","http://creativecommons.org/licenses/by-nc/4.0/legalcode","WGS84","1891324385","15384210",NA
"50c9509d-22c7-4a22-a47d-8c48425ef4a7","HUMAN_OBSERVATION","PRESENT","Hynobius quelpaertensis",33.41335,126.440776,"ASIA","Jeju",2018,2,25,"cdc,cdround","https://www.inaturalist.org/observations/15384219","http://creativecommons.org/licenses/by-nc/4.0/legalcode","WGS84","1891324343","15384219",NA
"50c9509d-22c7-4a22-a47d-8c48425ef4a7","HUMAN_OBSERVATION","PRESENT","Hynobius quelpaertensis",33.537614,126.601457,"ASIA","Jeju",2018,2,26,"cdc,cdround","https://www.inaturalist.org/observations/15384222","http://creativecommons.org/licenses/by-nc/4.0/legalcode","WGS84","1891324397","15384222",NA
"50c9509d-22c7-4a22-a47d-8c48425ef4a7","HUMAN_OBSERVATION","PRESENT","Hynobius quelpaertensis",33.449015,126.282943,"ASIA","Jeju",2017,1,2,"cdc,cdround","https://www.inaturalist.org/observations/4884002","http://creativecommons.org/licenses/by/4.0/legalcode","WGS84","1453325440","4884002",NA
"50c9509d-22c7-4a22-a47d-8c48425ef4a7","HUMAN_OBSERVATION","PRESENT","Hynobius quelpaertensis",33.404143,126.380958,"ASIA","Jeju",2017,1,2,"cdc,cdround","https://www.inaturalist.org/observations/4884003","http://creativecommons.org/licenses/by/4.0/legalcode","WGS84","1453325492","4884003",NA
"50c9509d-22c7-4a22-a47d-8c48425ef4a7","HUMAN_OBSERVATION","PRESENT","Hynobius quelpaertensis",33.559376,126.2926,NA,"Jeju",2017,1,2,"cdround","https://www.inaturalist.org/observations/4884108","http://creativecommons.org/licenses/by/4.0/legalcode","WGS84","1453325518","4884108",NA
"50c9509d-22c7-4a22-a47d-8c48425ef4a7","HUMAN_OBSERVATION","PRESENT","Hynobius quelpaertensis",33.436823,126.350258,"ASIA","Jeju",2017,1,2,"cdc,cdround","https://www.inaturalist.org/observations/4884109","http://creativecommons.org/licenses/by/4.0/legalcode","WGS84","1453325555","4884109",NA
"50c9509d-22c7-4a22-a47d-8c48425ef4a7","HUMAN_OBSERVATION","PRESENT","Hynobius quelpaertensis",33.564774,126.736651,"ASIA","Jeju",2017,1,3,"cdc,cdround","https://www.inaturalist.org/observations/4888009","http://creativecommons.org/licenses/by/4.0/legalcode","WGS84","1453327235","4888009",NA
"50c9509d-22c7-4a22-a47d-8c48425ef4a7","HUMAN_OBSERVATION","PRESENT","Hynobius quelpaertensis",33.42949,126.663246,"ASIA","Jeju",2017,1,3,"cdc,cdround","https://www.inaturalist.org/observations/4888010","http://creativecommons.org/licenses/by/4.0/legalcode","WGS84","1453327228","4888010",NA
"50c9509d-22c7-4a22-a47d-8c48425ef4a7","HUMAN_OBSERVATION","PRESENT","Hynobius quelpaertensis",33.473813,126.250718,"ASIA","Jeju",2017,1,4,"cdc,cdround","https://www.inaturalist.org/observations/4891928","http://creativecommons.org/licenses/by/4.0/legalcode","WGS84","1453328833","4891928",NA
"50c9509d-22c7-4a22-a47d-8c48425ef4a7","HUMAN_OBSERVATION","PRESENT","Hynobius quelpaertensis",33.51813,126.297707,NA,"Jeju",2017,1,4,"cdround","https://www.inaturalist.org/observations/4891972","http://creativecommons.org/licenses/by/4.0/legalcode","WGS84","1453328822","4891972",NA
"50c9509d-22c7-4a22-a47d-8c48425ef4a7","HUMAN_OBSERVATION","PRESENT","Hynobius quelpaertensis",33.574909,126.350919,NA,"Jeju",2017,1,2,"cdround","https://www.inaturalist.org/observations/4897999","http://creativecommons.org/licenses/by/4.0/legalcode","WGS84","1453331200","4897999",NA
"50c9509d-22c7-4a22-a47d-8c48425ef4a7","HUMAN_OBSERVATION","PRESENT","Hynobius quelpaertensis",33.598993,126.301312,NA,"Jeju",2017,1,2,"cdround","https://www.inaturalist.org/observations/4898003","http://creativecommons.org/licenses/by/4.0/legalcode","WGS84","1453331199","4898003",NA
"50c9509d-22c7-4a22-a47d-8c48425ef4a7","HUMAN_OBSERVATION","PRESENT","Hynobius quelpaertensis",33.597088,126.247134,NA,"Jeju",2017,1,2,"cdround","https://www.inaturalist.org/observations/4898004","http://creativecommons.org/licenses/by/4.0/legalcode","WGS84","1453331159","4898004",NA
"50c9509d-22c7-4a22-a47d-8c48425ef4a7","HUMAN_OBSERVATION","PRESENT","Hynobius quelpaertensis",34.629167,126.715283,"ASIA","Jeollanam-do",2017,2,11,"cdc,cdround","https://www.inaturalist.org/observations/5100035","http://creativecommons.org/licenses/by/4.0/legalcode","WGS84","1802615080","5100035",NA
"50c9509d-22c7-4a22-a47d-8c48425ef4a7","HUMAN_OBSERVATION","PRESENT","Hynobius quelpaertensis",35.60913,126.6844,"ASIA","Jeollabuk-do",2017,2,14,"cdc,cdround","https://www.inaturalist.org/observations/5107599","http://creativecommons.org/licenses/by-nc/4.0/legalcode","WGS84","2580212106","5107599",NA
"50c9509d-22c7-4a22-a47d-8c48425ef4a7","HUMAN_OBSERVATION","PRESENT","Hynobius quelpaertensis",35.650457,126.605078,"ASIA","Jeollabuk-do",2017,2,24,"cdc,cdround","https://www.inaturalist.org/observations/5168067","http://creativecommons.org/licenses/by-nc/4.0/legalcode","WGS84","2028518702","5168067",NA
"50c9509d-22c7-4a22-a47d-8c48425ef4a7","HUMAN_OBSERVATION","PRESENT","Hynobius quelpaertensis",35.701252,126.730198,"ASIA","Jeollabuk-do",2017,2,24,"cdc,cdround","https://www.inaturalist.org/observations/5168069","http://creativecommons.org/licenses/by-nc/4.0/legalcode","WGS84","2028518701","5168069",NA
"50c9509d-22c7-4a22-a47d-8c48425ef4a7","HUMAN_OBSERVATION","PRESENT","Hynobius quelpaertensis",34.660691,126.628215,"ASIA","Jeollanam-do",2017,2,26,"cdc,cdround","https://www.inaturalist.org/observations/5182378","http://creativecommons.org/licenses/by/4.0/legalcode","WGS84","1802615341","5182378",NA
"50c9509d-22c7-4a22-a47d-8c48425ef4a7","HUMAN_OBSERVATION","PRESENT","Hynobius quelpaertensis",35.075828,126.687311,"ASIA","Gwangju",2017,3,10,"cdc,cdround","https://www.inaturalist.org/observations/5264219","http://creativecommons.org/licenses/by-nc/4.0/legalcode","WGS84","1453494552","5264219",NA
"50c9509d-22c7-4a22-a47d-8c48425ef4a7","HUMAN_OBSERVATION","PRESENT","Hynobius quelpaertensis",35.730703,126.702774,"ASIA","Jeollabuk-do",2017,3,9,"cdc,cdround","https://www.inaturalist.org/observations/5264235","http://creativecommons.org/licenses/by-nc/4.0/legalcode","WGS84","1453494522","5264235",NA
"50c9509d-22c7-4a22-a47d-8c48425ef4a7","HUMAN_OBSERVATION","PRESENT","Hynobius quelpaertensis",35.797431,126.687921,"ASIA","Jeollabuk-do",2017,3,9,"cdc,cdround","https://www.inaturalist.org/observations/5264238","http://creativecommons.org/licenses/by-nc/4.0/legalcode","WGS84","1453494597","5264238",NA
"50c9509d-22c7-4a22-a47d-8c48425ef4a7","HUMAN_OBSERVATION","PRESENT","Hynobius quelpaertensis",35.14466,126.734246,"ASIA","Jeollanam-do",2017,3,10,"cdc,cdround","https://www.inaturalist.org/observations/5264255","http://creativecommons.org/licenses/by-nc/4.0/legalcode","WGS84","2573830654","5264255",NA
"50c9509d-22c7-4a22-a47d-8c48425ef4a7","HUMAN_OBSERVATION","PRESENT","Hynobius quelpaertensis",35.122614,126.606211,"ASIA","Jeollanam-do",2017,3,10,"cdc,cdround","https://www.inaturalist.org/observations/5264271","http://creativecommons.org/licenses/by-nc/4.0/legalcode","WGS84","2609229102","5264271",NA
"50c9509d-22c7-4a22-a47d-8c48425ef4a7","HUMAN_OBSERVATION","PRESENT","Hynobius quelpaertensis",35.70347,126.777658,"ASIA","Jeollabuk-do",2017,3,9,"cdc,cdround","https://www.inaturalist.org/observations/5264578","http://creativecommons.org/licenses/by-nc/4.0/legalcode","WGS84","1453494726","5264578",NA
"50c9509d-22c7-4a22-a47d-8c48425ef4a7","HUMAN_OBSERVATION","PRESENT","Hynobius quelpaertensis",35.099494,126.585883,"ASIA","Jeollanam-do",2017,3,29,"cdc,cdround","https://www.inaturalist.org/observations/5504666","http://creativecommons.org/licenses/by-nc/4.0/legalcode","WGS84","3455194361","5504666",NA
"50c9509d-22c7-4a22-a47d-8c48425ef4a7","HUMAN_OBSERVATION","PRESENT","Hynobius quelpaertensis",34.70529,126.791678,"ASIA","Jeollanam-do",2017,4,1,"cdc,cdround","https://www.inaturalist.org/observations/5538750","http://creativecommons.org/licenses/by/4.0/legalcode","WGS84","1802616690","5538750",NA
"50c9509d-22c7-4a22-a47d-8c48425ef4a7","HUMAN_OBSERVATION","PRESENT","Hynobius quelpaertensis",34.670251,126.671302,"ASIA","Jeollanam-do",2017,4,1,"cdc,cdround","https://www.inaturalist.org/observations/5538758","http://creativecommons.org/licenses/by/4.0/legalcode","WGS84","1802616692","5538758",NA
"50c9509d-22c7-4a22-a47d-8c48425ef4a7","HUMAN_OBSERVATION","PRESENT","Hynobius quelpaertensis",34.776372,126.783292,"ASIA","Jeollanam-do",2017,4,1,"cdc,cdround","https://www.inaturalist.org/observations/5538762","http://creativecommons.org/licenses/by/4.0/legalcode","WGS84","1802616694","5538762",NA
"50c9509d-22c7-4a22-a47d-8c48425ef4a7","HUMAN_OBSERVATION","PRESENT","Hynobius quelpaertensis",34.696187,126.650334,"ASIA","Jeollanam-do",2017,4,1,"cdc,cdround","https://www.inaturalist.org/observations/5538778","http://creativecommons.org/licenses/by/4.0/legalcode","WGS84","1802616701","5538778",NA
"50c9509d-22c7-4a22-a47d-8c48425ef4a7","HUMAN_OBSERVATION","PRESENT","Hynobius quelpaertensis",34.77404,126.738849,"ASIA","Jeollanam-do",2017,4,2,"cdc,cdround","https://www.inaturalist.org/observations/5538791","http://creativecommons.org/licenses/by/4.0/legalcode","WGS84","1802616691","5538791",NA
"50c9509d-22c7-4a22-a47d-8c48425ef4a7","HUMAN_OBSERVATION","PRESENT","Hynobius quelpaertensis",33.512937,126.687413,"ASIA","Jeju",2016,1,2,"cdc,cdround","https://www.inaturalist.org/observations/2555859","http://creativecommons.org/licenses/by/4.0/legalcode","WGS84","1453070851","2555859",NA
"50c9509d-22c7-4a22-a47d-8c48425ef4a7","HUMAN_OBSERVATION","PRESENT","Hynobius quelpaertensis",33.43344,126.373768,"ASIA","Jeju",2016,1,3,"cdc,cdround","https://www.inaturalist.org/observations/2555873","http://creativecommons.org/licenses/by/4.0/legalcode","WGS84","1453070853","2555873",NA
"50c9509d-22c7-4a22-a47d-8c48425ef4a7","HUMAN_OBSERVATION","PRESENT","Hynobius quelpaertensis",34.643072,126.757314,"ASIA","Jeollanam-do",2016,2,12,"cdc,cdround","https://www.inaturalist.org/observations/2672324","http://creativecommons.org/licenses/by/4.0/legalcode","WGS84","1880662634","2672324",NA
"50c9509d-22c7-4a22-a47d-8c48425ef4a7","HUMAN_OBSERVATION","PRESENT","Hynobius quelpaertensis",34.420235,126.663914,"ASIA","Jeollanam-do",2016,2,26,"cdc,cdround","https://www.inaturalist.org/observations/2717004","http://creativecommons.org/licenses/by-nc/4.0/legalcode","WGS84","1315047014","2717004",NA
"50c9509d-22c7-4a22-a47d-8c48425ef4a7","HUMAN_OBSERVATION","PRESENT","Hynobius quelpaertensis",35.122681,126.502637,"ASIA","Jeollanam-do",2016,3,19,"cdc,cdround","https://www.inaturalist.org/observations/2806309","http://creativecommons.org/licenses/by/4.0/legalcode","WGS84","1880662824","2806309",NA
"50c9509d-22c7-4a22-a47d-8c48425ef4a7","HUMAN_OBSERVATION","PRESENT","Hynobius quelpaertensis",34.869809,126.324275,"ASIA","Jeollanam-do",2016,7,28,"cdc,cdround","https://www.inaturalist.org/observations/3756564","http://creativecommons.org/licenses/by/4.0/legalcode","WGS84","1315050915","3756564",NA
"50c9509d-22c7-4a22-a47d-8c48425ef4a7","HUMAN_OBSERVATION","PRESENT","Hynobius quelpaertensis",33.57875,126.614175,"ASIA","Jeju",2016,12,31,"cdc,cdround","https://www.inaturalist.org/observations/4871696","http://creativecommons.org/licenses/by/4.0/legalcode","WGS84","1453320165","4871696",NA
"50c9509d-22c7-4a22-a47d-8c48425ef4a7","HUMAN_OBSERVATION","PRESENT","Hynobius quelpaertensis",33.532594,126.715969,"ASIA","Jeju",2016,12,31,"cdc,cdround","https://www.inaturalist.org/observations/4871702","http://creativecommons.org/licenses/by/4.0/legalcode","WGS84","1453320154","4871702",NA
"50c9509d-22c7-4a22-a47d-8c48425ef4a7","HUMAN_OBSERVATION","PRESENT","Hynobius quelpaertensis",33.45885,126.337835,"ASIA","Jeju",2015,1,16,"cdc,cdround","https://www.inaturalist.org/observations/1180873","http://creativecommons.org/licenses/by/4.0/legalcode","WGS84","1065591764","1180873",NA
"50c9509d-22c7-4a22-a47d-8c48425ef4a7","HUMAN_OBSERVATION","PRESENT","Hynobius quelpaertensis",33.380536,126.29376,"ASIA","Jeju",2015,1,16,"cdc,cdround","https://www.inaturalist.org/observations/16163384","http://creativecommons.org/licenses/by-nc/4.0/legalcode","WGS84","1901060357","16163384",NA
"50c9509d-22c7-4a22-a47d-8c48425ef4a7","HUMAN_OBSERVATION","PRESENT","Hynobius quelpaertensis",34.345619,126.01944,"ASIA","Jeollanam-do",2015,2,27,"cdc,cdround","https://www.inaturalist.org/observations/1261960","http://creativecommons.org/licenses/by/4.0/legalcode","WGS84","1088906766","1261960",NA
"50c9509d-22c7-4a22-a47d-8c48425ef4a7","HUMAN_OBSERVATION","PRESENT","Hynobius quelpaertensis",34.721814,126.694112,"ASIA","Jeollanam-do",2015,2,27,"cdc,cdround","https://www.inaturalist.org/observations/1261971","http://creativecommons.org/licenses/by/4.0/legalcode","WGS84","1088906762","1261971",NA
"50c9509d-22c7-4a22-a47d-8c48425ef4a7","HUMAN_OBSERVATION","PRESENT","Hynobius quelpaertensis",34.68985,126.670444,"ASIA","Jeollanam-do",2015,2,26,"cdc,cdround","https://www.inaturalist.org/observations/16163607","http://creativecommons.org/licenses/by-nc/4.0/legalcode","WGS84","1914197325","16163607",NA
"50c9509d-22c7-4a22-a47d-8c48425ef4a7","HUMAN_OBSERVATION","PRESENT","Hynobius quelpaertensis",34.636883,126.628069,"ASIA","Jeollanam-do",2015,2,26,"cdc,cdround","https://www.inaturalist.org/observations/16163609","http://creativecommons.org/licenses/by-nc/4.0/legalcode","WGS84","1914197327","16163609",NA
"50c9509d-22c7-4a22-a47d-8c48425ef4a7","HUMAN_OBSERVATION","PRESENT","Hynobius quelpaertensis",34.740372,126.682896,"ASIA","Jeollanam-do",2015,2,26,"cdc,cdround","https://www.inaturalist.org/observations/16163610","http://creativecommons.org/licenses/by-nc/4.0/legalcode","WGS84","1914197330","16163610",NA
"50c9509d-22c7-4a22-a47d-8c48425ef4a7","HUMAN_OBSERVATION","PRESENT","Hynobius quelpaertensis",35.126304,126.962561,"ASIA","Gwangju",2015,2,18,"cdc,cdround","https://www.inaturalist.org/observations/69748392","http://creativecommons.org/licenses/by-nc/4.0/legalcode","WGS84","3455177068","69748392",NA
"50c9509d-22c7-4a22-a47d-8c48425ef4a7","HUMAN_OBSERVATION","PRESENT","Hynobius quelpaertensis",35.003914,126.835318,"ASIA","Gwangju",2015,2,18,"cdc,cdround","https://www.inaturalist.org/observations/69748396","http://creativecommons.org/licenses/by-nc/4.0/legalcode","WGS84","3455183052","69748396",NA
"50c9509d-22c7-4a22-a47d-8c48425ef4a7","HUMAN_OBSERVATION","PRESENT","Hynobius quelpaertensis",35.065252,126.948843,"ASIA","Gwangju",2015,2,18,"cdc,cdround","https://www.inaturalist.org/observations/69748425","http://creativecommons.org/licenses/by-nc/4.0/legalcode","WGS84","3044956482","69748425",NA
"50c9509d-22c7-4a22-a47d-8c48425ef4a7","HUMAN_OBSERVATION","PRESENT","Hynobius quelpaertensis",35.393079,127.42211,"ASIA","Jeollabuk-do",2015,5,10,"cdc,cdround","https://www.inaturalist.org/observations/4750875","http://creativecommons.org/licenses/by/4.0/legalcode","WGS84","1839275441","4750875",NA
"50c9509d-22c7-4a22-a47d-8c48425ef4a7","HUMAN_OBSERVATION","PRESENT","Hynobius quelpaertensis",35.248863,127.506253,"ASIA","Jeollabuk-do",2015,5,10,"cdc,cdround","https://www.inaturalist.org/observations/4750881","http://creativecommons.org/licenses/by/4.0/legalcode","WGS84","1839275443","4750881",NA
"50c9509d-22c7-4a22-a47d-8c48425ef4a7","HUMAN_OBSERVATION","PRESENT","Hynobius quelpaertensis",35.50858,127.341018,"ASIA","Jeollabuk-do",2014,2,15,"cdc,cdround","https://www.inaturalist.org/observations/1198590","http://creativecommons.org/licenses/by/4.0/legalcode","WGS84","1986497988","1198590",NA
"50c9509d-22c7-4a22-a47d-8c48425ef4a7","HUMAN_OBSERVATION","PRESENT","Hynobius quelpaertensis",34.780255,126.715319,"ASIA","Jeollanam-do",2014,2,28,"cdc,cdround","https://www.inaturalist.org/observations/4642500","http://creativecommons.org/licenses/by/4.0/legalcode","WGS84","1880665927","4642500",NA
"50c9509d-22c7-4a22-a47d-8c48425ef4a7","HUMAN_OBSERVATION","PRESENT","Hynobius quelpaertensis",35.295083,127.585438,"ASIA","Jeollabuk-do",2014,2,4,"cdc,cdround","https://www.inaturalist.org/observations/527722","http://creativecommons.org/licenses/by/4.0/legalcode","WGS84","1880666780","527722",NA
"50c9509d-22c7-4a22-a47d-8c48425ef4a7","HUMAN_OBSERVATION","PRESENT","Hynobius quelpaertensis",34.603938,127.00128,"ASIA","Jeollanam-do",2014,2,4,"cdc,cdround","https://www.inaturalist.org/observations/527723","http://creativecommons.org/licenses/by/4.0/legalcode","WGS84","1880666779","527723",NA
"50c9509d-22c7-4a22-a47d-8c48425ef4a7","HUMAN_OBSERVATION","PRESENT","Hynobius quelpaertensis",34.65835,126.766865,"ASIA","Jeollanam-do",2014,3,1,"cdc,cdround","https://www.inaturalist.org/observations/4642528","http://creativecommons.org/licenses/by/4.0/legalcode","WGS84","1880665926","4642528",NA
"ef6e0754-8bf2-4854-9aa3-3a2a1a90810b","HUMAN_OBSERVATION","PRESENT","Hynobius quelpaertensis",33.400281,126.645436,"ASIA",NA,2013,2,26,"cdc,cdround,gass84",NA,"http://creativecommons.org/licenses/by-nc/4.0/legalcode","WGS84","3001347440",NA,NA
"ef6e0754-8bf2-4854-9aa3-3a2a1a90810b","HUMAN_OBSERVATION","PRESENT","Hynobius quelpaertensis",33.335889,126.264278,"ASIA",NA,2013,2,1,"cdc,cdround,gass84",NA,"http://creativecommons.org/licenses/by-nc/4.0/legalcode","WGS84","3001347461",NA,NA
"ef6e0754-8bf2-4854-9aa3-3a2a1a90810b","HUMAN_OBSERVATION","PRESENT","Hynobius quelpaertensis",33.356194,126.306222,"ASIA",NA,2013,2,1,"cdc,cdround,gass84",NA,"http://creativecommons.org/licenses/by-nc/4.0/legalcode","WGS84","3001869433",NA,NA
"ef6e0754-8bf2-4854-9aa3-3a2a1a90810b","HUMAN_OBSERVATION","PRESENT","Hynobius quelpaertensis",33.356611,126.307278,"ASIA",NA,2013,2,1,"cdc,cdround,gass84",NA,"http://creativecommons.org/licenses/by-nc/4.0/legalcode","WGS84","3001353390",NA,NA
"ef6e0754-8bf2-4854-9aa3-3a2a1a90810b","HUMAN_OBSERVATION","PRESENT","Hynobius quelpaertensis",33.351111,126.305972,"ASIA",NA,2013,2,1,"cdc,cdround,gass84",NA,"http://creativecommons.org/licenses/by-nc/4.0/legalcode","WGS84","3001350372",NA,NA
"ef6e0754-8bf2-4854-9aa3-3a2a1a90810b","HUMAN_OBSERVATION","PRESENT","Hynobius quelpaertensis",33.367944,126.368417,"ASIA",NA,2013,2,1,"cdc,cdround,gass84",NA,"http://creativecommons.org/licenses/by-nc/4.0/legalcode","WGS84","3001349372",NA,NA
"ef6e0754-8bf2-4854-9aa3-3a2a1a90810b","HUMAN_OBSERVATION","PRESENT","Hynobius quelpaertensis",33.305306,126.289667,"ASIA",NA,2013,2,1,"cdc,cdround,gass84",NA,"http://creativecommons.org/licenses/by-nc/4.0/legalcode","WGS84","3001343404",NA,NA
"ef6e0754-8bf2-4854-9aa3-3a2a1a90810b","HUMAN_OBSERVATION","PRESENT","Hynobius quelpaertensis",33.308722,126.304056,"ASIA",NA,2013,2,1,"cdc,cdround,gass84",NA,"http://creativecommons.org/licenses/by-nc/4.0/legalcode","WGS84","3001856303",NA,NA
"ef6e0754-8bf2-4854-9aa3-3a2a1a90810b","HUMAN_OBSERVATION","PRESENT","Hynobius quelpaertensis",33.3195,126.346417,"ASIA",NA,2013,2,1,"cdc,cdround,gass84",NA,"http://creativecommons.org/licenses/by-nc/4.0/legalcode","WGS84","3001865481",NA,NA
"ef6e0754-8bf2-4854-9aa3-3a2a1a90810b","HUMAN_OBSERVATION","PRESENT","Hynobius quelpaertensis",33.259417,126.363889,"ASIA",NA,2013,2,1,"cdc,cdround,gass84",NA,"http://creativecommons.org/licenses/by-nc/4.0/legalcode","WGS84","3001353391",NA,NA
"ef6e0754-8bf2-4854-9aa3-3a2a1a90810b","HUMAN_OBSERVATION","PRESENT","Hynobius quelpaertensis",33.241306,126.341222,"ASIA",NA,2013,2,1,"cdc,cdround,gass84",NA,"http://creativecommons.org/licenses/by-nc/4.0/legalcode","WGS84","3001343406",NA,NA
"ef6e0754-8bf2-4854-9aa3-3a2a1a90810b","HUMAN_OBSERVATION","PRESENT","Hynobius quelpaertensis",33.341694,126.327639,"ASIA",NA,2013,2,1,"cdc,cdround,gass84",NA,"http://creativecommons.org/licenses/by-nc/4.0/legalcode","WGS84","3001346582",NA,NA
"ef6e0754-8bf2-4854-9aa3-3a2a1a90810b","HUMAN_OBSERVATION","PRESENT","Hynobius quelpaertensis",33.479778,126.718,"ASIA",NA,2013,3,26,"cdc,cdround,gass84",NA,"http://creativecommons.org/licenses/by-nc/4.0/legalcode","WGS84","3001865452",NA,NA
"ef6e0754-8bf2-4854-9aa3-3a2a1a90810b","HUMAN_OBSERVATION","PRESENT","Hynobius quelpaertensis",33.430939,126.692775,"ASIA",NA,2013,3,26,"cdc,cdround,gass84",NA,"http://creativecommons.org/licenses/by-nc/4.0/legalcode","WGS84","3001339280",NA,NA
"ef6e0754-8bf2-4854-9aa3-3a2a1a90810b","HUMAN_OBSERVATION","PRESENT","Hynobius quelpaertensis",33.447642,126.711842,"ASIA",NA,2013,3,26,"cdc,cdround,gass84",NA,"http://creativecommons.org/licenses/by-nc/4.0/legalcode","WGS84","3001349339",NA,NA
"ef6e0754-8bf2-4854-9aa3-3a2a1a90810b","HUMAN_OBSERVATION","PRESENT","Hynobius quelpaertensis",33.393356,126.631783,"ASIA",NA,2013,3,26,"cdc,cdround,gass84",NA,"http://creativecommons.org/licenses/by-nc/4.0/legalcode","WGS84","3001814358",NA,NA
"ef6e0754-8bf2-4854-9aa3-3a2a1a90810b","HUMAN_OBSERVATION","PRESENT","Hynobius quelpaertensis",33.391067,126.687003,"ASIA",NA,2013,3,26,"cdc,cdround,gass84",NA,"http://creativecommons.org/licenses/by-nc/4.0/legalcode","WGS84","3001869406",NA,NA
"ef6e0754-8bf2-4854-9aa3-3a2a1a90810b","HUMAN_OBSERVATION","PRESENT","Hynobius quelpaertensis",33.316286,126.713981,"ASIA",NA,2013,3,26,"cdc,cdround,gass84",NA,"http://creativecommons.org/licenses/by-nc/4.0/legalcode","WGS84","3001879309",NA,NA
"ef6e0754-8bf2-4854-9aa3-3a2a1a90810b","HUMAN_OBSERVATION","PRESENT","Hynobius quelpaertensis",33.429247,126.642139,"ASIA",NA,2013,3,26,"cdc,cdround,gass84",NA,"http://creativecommons.org/licenses/by-nc/4.0/legalcode","WGS84","3001863306",NA,NA
"ef6e0754-8bf2-4854-9aa3-3a2a1a90810b","HUMAN_OBSERVATION","PRESENT","Hynobius quelpaertensis",33.479519,126.718628,"ASIA",NA,2013,3,28,"cdc,cdround,gass84",NA,"http://creativecommons.org/licenses/by-nc/4.0/legalcode","WGS84","3001342279",NA,NA
"ef6e0754-8bf2-4854-9aa3-3a2a1a90810b","HUMAN_OBSERVATION","PRESENT","Hynobius quelpaertensis",33.429853,126.673797,"ASIA",NA,2013,3,28,"cdc,cdround,gass84",NA,"http://creativecommons.org/licenses/by-nc/4.0/legalcode","WGS84","3001353368",NA,NA
"ef6e0754-8bf2-4854-9aa3-3a2a1a90810b","HUMAN_OBSERVATION","PRESENT","Hynobius quelpaertensis",33.437914,126.731564,"ASIA",NA,2013,3,27,"cdc,cdround,gass84",NA,"http://creativecommons.org/licenses/by-nc/4.0/legalcode","WGS84","3001350350",NA,NA
"ef6e0754-8bf2-4854-9aa3-3a2a1a90810b","HUMAN_OBSERVATION","PRESENT","Hynobius quelpaertensis",33.334175,126.647669,"ASIA",NA,2013,3,27,"cdc,cdround,gass84",NA,"http://creativecommons.org/licenses/by-nc/4.0/legalcode","WGS84","3001814369",NA,NA
"ef6e0754-8bf2-4854-9aa3-3a2a1a90810b","HUMAN_OBSERVATION","PRESENT","Hynobius quelpaertensis",33.369419,126.686147,"ASIA",NA,2013,3,27,"cdc,cdround,gass84",NA,"http://creativecommons.org/licenses/by-nc/4.0/legalcode","WGS84","3001828307",NA,NA
"ef6e0754-8bf2-4854-9aa3-3a2a1a90810b","HUMAN_OBSERVATION","PRESENT","Hynobius quelpaertensis",33.307583,126.64525,"ASIA",NA,2013,3,26,"cdc,cdround,gass84",NA,"http://creativecommons.org/licenses/by-nc/4.0/legalcode","WGS84","3001865517",NA,NA
"ef6e0754-8bf2-4854-9aa3-3a2a1a90810b","HUMAN_OBSERVATION","PRESENT","Hynobius quelpaertensis",33.309389,126.714972,"ASIA",NA,2013,3,26,"cdc,cdround,gass84",NA,"http://creativecommons.org/licenses/by-nc/4.0/legalcode","WGS84","3001863357",NA,NA
"ef6e0754-8bf2-4854-9aa3-3a2a1a90810b","HUMAN_OBSERVATION","PRESENT","Hynobius quelpaertensis",33.266722,126.634944,"ASIA",NA,2013,3,26,"cdc,cdround,gass84",NA,"http://creativecommons.org/licenses/by-nc/4.0/legalcode","WGS84","3001353423",NA,NA
"ef6e0754-8bf2-4854-9aa3-3a2a1a90810b","HUMAN_OBSERVATION","PRESENT","Hynobius quelpaertensis",33.334619,126.647581,"ASIA",NA,2013,3,26,"cdc,cdround,gass84",NA,"http://creativecommons.org/licenses/by-nc/4.0/legalcode","WGS84","3001348484",NA,NA
"50c9509d-22c7-4a22-a47d-8c48425ef4a7","HUMAN_OBSERVATION","PRESENT","Hynobius quelpaertensis",34.602429,126.709195,"ASIA","Jeollanam-do",2013,5,11,"cdc,cdround","https://www.inaturalist.org/observations/4638193","http://creativecommons.org/licenses/by/4.0/legalcode","WGS84","1880665898","4638193",NA
"50c9509d-22c7-4a22-a47d-8c48425ef4a7","HUMAN_OBSERVATION","PRESENT","Hynobius quelpaertensis",34.728315,126.682752,"ASIA","Jeollanam-do",2013,6,8,"cdc,cdround","https://www.inaturalist.org/observations/4639138","http://creativecommons.org/licenses/by/4.0/legalcode","WGS84","1880665904","4639138",NA
"50c9509d-22c7-4a22-a47d-8c48425ef4a7","HUMAN_OBSERVATION","PRESENT","Hynobius quelpaertensis",34.482676,127.131385,"ASIA","Jeollanam-do",2012,3,26,"cdc,cdround","https://www.inaturalist.org/observations/1200622","http://creativecommons.org/licenses/by/4.0/legalcode","WGS84","1914307782","1200622",NA
"50c9509d-22c7-4a22-a47d-8c48425ef4a7","HUMAN_OBSERVATION","PRESENT","Hynobius quelpaertensis",34.663911,127.184888,"ASIA","Jeollanam-do",2012,3,28,"cdc,cdround","https://www.inaturalist.org/observations/2180478","http://creativecommons.org/licenses/by/4.0/legalcode","WGS84","2823345301","2180478",NA
"50c9509d-22c7-4a22-a47d-8c48425ef4a7","HUMAN_OBSERVATION","PRESENT","Hynobius quelpaertensis",34.768612,126.990443,"ASIA","Jeollanam-do",2012,3,29,"cdc,cdround","https://www.inaturalist.org/observations/2180481","http://creativecommons.org/licenses/by/4.0/legalcode","WGS84","1914367603","2180481",NA
"50c9509d-22c7-4a22-a47d-8c48425ef4a7","HUMAN_OBSERVATION","PRESENT","Hynobius quelpaertensis",35.671988,127.048954,"ASIA","Jeollabuk-do",2012,4,9,"cdc,cdround","https://www.inaturalist.org/observations/1198591","http://creativecommons.org/licenses/by/4.0/legalcode","WGS84","1065599331","1198591",NA
"50c9509d-22c7-4a22-a47d-8c48425ef4a7","HUMAN_OBSERVATION","PRESENT","Hynobius quelpaertensis",35.626554,126.796136,"ASIA","Jeollabuk-do",2012,4,12,"cdc,cdround","https://www.inaturalist.org/observations/1249276","http://creativecommons.org/licenses/by/4.0/legalcode","WGS84","1088900779","1249276",NA
"50c9509d-22c7-4a22-a47d-8c48425ef4a7","HUMAN_OBSERVATION","PRESENT","Hynobius quelpaertensis",35.603297,126.671923,"ASIA","Jeollabuk-do",2012,4,9,"cdc,cdround","https://www.inaturalist.org/observations/4632347","http://creativecommons.org/licenses/by/4.0/legalcode","WGS84","1880665855","4632347",NA
"50c9509d-22c7-4a22-a47d-8c48425ef4a7","HUMAN_OBSERVATION","PRESENT","Hynobius quelpaertensis",35.01311,126.98863,"ASIA","Gwangju",2012,4,29,"cdc,cdround","https://www.inaturalist.org/observations/75632205","http://creativecommons.org/licenses/by-nc/4.0/legalcode","WGS84","3337639490","75632205",NA
"50c9509d-22c7-4a22-a47d-8c48425ef4a7","HUMAN_OBSERVATION","PRESENT","Hynobius quelpaertensis",34.444598,126.813336,"ASIA","Jeollanam-do",2011,2,16,"cdc,cdround","https://www.inaturalist.org/observations/2180465","http://creativecommons.org/licenses/by/4.0/legalcode","WGS84","1880661910","2180465",NA
"ef6e0754-8bf2-4854-9aa3-3a2a1a90810b","HUMAN_OBSERVATION","PRESENT","Hynobius quelpaertensis",33.367194,126.237444,"ASIA",NA,2011,2,23,"cdc,cdround,gass84",NA,"http://creativecommons.org/licenses/by-nc/4.0/legalcode","WGS84","3001812758",NA,NA
"ef6e0754-8bf2-4854-9aa3-3a2a1a90810b","HUMAN_OBSERVATION","PRESENT","Hynobius quelpaertensis",33.325167,126.194556,"ASIA",NA,2011,2,24,"cdc,cdround,gass84",NA,"http://creativecommons.org/licenses/by-nc/4.0/legalcode","WGS84","3001339721",NA,NA
"ef6e0754-8bf2-4854-9aa3-3a2a1a90810b","HUMAN_OBSERVATION","PRESENT","Hynobius quelpaertensis",33.474117,126.501756,"ASIA",NA,2011,2,22,"cdc,cdround,gass84",NA,"http://creativecommons.org/licenses/by-nc/4.0/legalcode","WGS84","3001333787",NA,NA
"ef6e0754-8bf2-4854-9aa3-3a2a1a90810b","HUMAN_OBSERVATION","PRESENT","Hynobius quelpaertensis",33.505483,126.531542,"ASIA",NA,2011,2,23,"cdc,cdround,gass84",NA,"http://creativecommons.org/licenses/by-nc/4.0/legalcode","WGS84","3001855874",NA,NA
"ef6e0754-8bf2-4854-9aa3-3a2a1a90810b","HUMAN_OBSERVATION","PRESENT","Hynobius quelpaertensis",33.473517,126.519142,"ASIA",NA,2011,2,22,"cdc,cdround,gass84",NA,"http://creativecommons.org/licenses/by-nc/4.0/legalcode","WGS84","3001867725",NA,NA
"ef6e0754-8bf2-4854-9aa3-3a2a1a90810b","HUMAN_OBSERVATION","PRESENT","Hynobius quelpaertensis",33.459428,126.548036,"ASIA",NA,2011,2,22,"cdc,cdround,gass84",NA,"http://creativecommons.org/licenses/by-nc/4.0/legalcode","WGS84","3001812786",NA,NA
"ef6e0754-8bf2-4854-9aa3-3a2a1a90810b","HUMAN_OBSERVATION","PRESENT","Hynobius quelpaertensis",33.527386,126.614522,"ASIA",NA,2011,2,23,"cdc,cdround,gass84",NA,"http://creativecommons.org/licenses/by-nc/4.0/legalcode","WGS84","3001812787",NA,NA
"ef6e0754-8bf2-4854-9aa3-3a2a1a90810b","HUMAN_OBSERVATION","PRESENT","Hynobius quelpaertensis",33.431172,126.526006,"ASIA",NA,2011,2,22,"cdc,cdround,gass84",NA,"http://creativecommons.org/licenses/by-nc/4.0/legalcode","WGS84","3001805780",NA,NA
"ef6e0754-8bf2-4854-9aa3-3a2a1a90810b","HUMAN_OBSERVATION","PRESENT","Hynobius quelpaertensis",33.455625,126.53255,"ASIA",NA,2011,2,22,"cdc,gass84",NA,"http://creativecommons.org/licenses/by-nc/4.0/legalcode","WGS84","3001812788",NA,NA
"ef6e0754-8bf2-4854-9aa3-3a2a1a90810b","HUMAN_OBSERVATION","PRESENT","Hynobius quelpaertensis",33.437964,126.558208,"ASIA",NA,2011,2,22,"cdc,cdround,gass84",NA,"http://creativecommons.org/licenses/by-nc/4.0/legalcode","WGS84","3001855876",NA,NA
"ef6e0754-8bf2-4854-9aa3-3a2a1a90810b","HUMAN_OBSERVATION","PRESENT","Hynobius quelpaertensis",33.449033,126.575617,"ASIA",NA,2011,2,22,"cdc,cdround,gass84",NA,"http://creativecommons.org/licenses/by-nc/4.0/legalcode","WGS84","3001325686",NA,NA
"ef6e0754-8bf2-4854-9aa3-3a2a1a90810b","HUMAN_OBSERVATION","PRESENT","Hynobius quelpaertensis",33.446986,126.619144,"ASIA",NA,2011,2,22,"cdc,cdround,gass84",NA,"http://creativecommons.org/licenses/by-nc/4.0/legalcode","WGS84","3001339755",NA,NA
"ef6e0754-8bf2-4854-9aa3-3a2a1a90810b","HUMAN_OBSERVATION","PRESENT","Hynobius quelpaertensis",33.315631,126.713994,"ASIA",NA,2011,2,25,"cdc,cdround,gass84",NA,"http://creativecommons.org/licenses/by-nc/4.0/legalcode","WGS84","3001855922",NA,NA
"ef6e0754-8bf2-4854-9aa3-3a2a1a90810b","HUMAN_OBSERVATION","PRESENT","Hynobius quelpaertensis",33.273753,126.651411,"ASIA",NA,2011,2,25,"cdc,cdround,gass84",NA,"http://creativecommons.org/licenses/by-nc/4.0/legalcode","WGS84","3001858877",NA,NA
"ef6e0754-8bf2-4854-9aa3-3a2a1a90810b","HUMAN_OBSERVATION","PRESENT","Hynobius quelpaertensis",33.288961,126.736447,"ASIA",NA,2011,2,25,"cdc,cdround,gass84",NA,"http://creativecommons.org/licenses/by-nc/4.0/legalcode","WGS84","3001847748",NA,NA
"ef6e0754-8bf2-4854-9aa3-3a2a1a90810b","HUMAN_OBSERVATION","PRESENT","Hynobius quelpaertensis",33.248833,126.319583,"ASIA",NA,2011,2,1,"cdc,cdround,gass84",NA,"http://creativecommons.org/licenses/by-nc/4.0/legalcode","WGS84","3001333909",NA,NA
"ef6e0754-8bf2-4854-9aa3-3a2a1a90810b","HUMAN_OBSERVATION","PRESENT","Hynobius quelpaertensis",33.247222,126.358972,"ASIA",NA,2011,2,1,"cdc,cdround,gass84",NA,"http://creativecommons.org/licenses/by-nc/4.0/legalcode","WGS84","3001847813",NA,NA
"ef6e0754-8bf2-4854-9aa3-3a2a1a90810b","HUMAN_OBSERVATION","PRESENT","Hynobius quelpaertensis",33.243056,126.339528,"ASIA",NA,2011,2,1,"cdc,cdround,gass84",NA,"http://creativecommons.org/licenses/by-nc/4.0/legalcode","WGS84","3001867839",NA,NA
"ef6e0754-8bf2-4854-9aa3-3a2a1a90810b","HUMAN_OBSERVATION","PRESENT","Hynobius quelpaertensis",33.335861,126.264167,"ASIA",NA,2011,2,1,"cdc,cdround,gass84",NA,"http://creativecommons.org/licenses/by-nc/4.0/legalcode","WGS84","3001341825",NA,NA
"ef6e0754-8bf2-4854-9aa3-3a2a1a90810b","HUMAN_OBSERVATION","PRESENT","Hynobius quelpaertensis",33.336056,126.269306,"ASIA",NA,2011,2,1,"cdc,cdround,gass84",NA,"http://creativecommons.org/licenses/by-nc/4.0/legalcode","WGS84","3001858971",NA,NA
"ef6e0754-8bf2-4854-9aa3-3a2a1a90810b","HUMAN_OBSERVATION","PRESENT","Hynobius quelpaertensis",33.341611,126.327472,"ASIA",NA,2011,2,1,"cdc,cdround,gass84",NA,"http://creativecommons.org/licenses/by-nc/4.0/legalcode","WGS84","3001818853",NA,NA
"ef6e0754-8bf2-4854-9aa3-3a2a1a90810b","HUMAN_OBSERVATION","PRESENT","Hynobius quelpaertensis",33.305556,126.290528,"ASIA",NA,2011,2,1,"cdc,cdround,gass84",NA,"http://creativecommons.org/licenses/by-nc/4.0/legalcode","WGS84","3001325820",NA,NA
"ef6e0754-8bf2-4854-9aa3-3a2a1a90810b","HUMAN_OBSERVATION","PRESENT","Hynobius quelpaertensis",33.2605,126.371722,"ASIA",NA,2011,2,1,"cdc,cdround,gass84",NA,"http://creativecommons.org/licenses/by-nc/4.0/legalcode","WGS84","3001805919",NA,NA
"ef6e0754-8bf2-4854-9aa3-3a2a1a90810b","HUMAN_OBSERVATION","PRESENT","Hynobius quelpaertensis",33.468583,126.368194,"ASIA",NA,2011,2,1,"cdc,cdround,gass84",NA,"http://creativecommons.org/licenses/by-nc/4.0/legalcode","WGS84","3001847836",NA,NA
"ef6e0754-8bf2-4854-9aa3-3a2a1a90810b","HUMAN_OBSERVATION","PRESENT","Hynobius quelpaertensis",33.437833,126.317028,"ASIA",NA,2011,2,1,"cdc,cdround,gass84",NA,"http://creativecommons.org/licenses/by-nc/4.0/legalcode","WGS84","3001341828",NA,NA
"ef6e0754-8bf2-4854-9aa3-3a2a1a90810b","HUMAN_OBSERVATION","PRESENT","Hynobius quelpaertensis",33.452444,126.342222,"ASIA",NA,2011,2,1,"cdc,cdround,gass84",NA,"http://creativecommons.org/licenses/by-nc/4.0/legalcode","WGS84","3001340893",NA,NA
"ef6e0754-8bf2-4854-9aa3-3a2a1a90810b","HUMAN_OBSERVATION","PRESENT","Hynobius quelpaertensis",33.413778,126.310972,"ASIA",NA,2011,2,1,"cdc,cdround,gass84",NA,"http://creativecommons.org/licenses/by-nc/4.0/legalcode","WGS84","3001864912",NA,NA
"ef6e0754-8bf2-4854-9aa3-3a2a1a90810b","HUMAN_OBSERVATION","PRESENT","Hynobius quelpaertensis",33.403694,126.350944,"ASIA",NA,2011,2,1,"cdc,cdround,gass84",NA,"http://creativecommons.org/licenses/by-nc/4.0/legalcode","WGS84","3001342917",NA,NA
"ef6e0754-8bf2-4854-9aa3-3a2a1a90810b","HUMAN_OBSERVATION","PRESENT","Hynobius quelpaertensis",33.403694,126.339,"ASIA",NA,2011,2,1,"cdc,cdround,gass84",NA,"http://creativecommons.org/licenses/by-nc/4.0/legalcode","WGS84","3001805921",NA,NA
"50c9509d-22c7-4a22-a47d-8c48425ef4a7","HUMAN_OBSERVATION","PRESENT","Hynobius quelpaertensis",35.396685,127.161329,"ASIA","Jeollabuk-do",2011,3,13,"cdc,cdround","https://www.inaturalist.org/observations/1199487","http://creativecommons.org/licenses/by/4.0/legalcode","WGS84","1065599603","1199487",NA
"50c9509d-22c7-4a22-a47d-8c48425ef4a7","HUMAN_OBSERVATION","PRESENT","Hynobius quelpaertensis",35.241138,127.057881,"ASIA","Jeollanam-do",2011,3,13,"cdc,cdround","https://www.inaturalist.org/observations/1199492","http://creativecommons.org/licenses/by/4.0/legalcode","WGS84","1065599596","1199492",NA
"50c9509d-22c7-4a22-a47d-8c48425ef4a7","HUMAN_OBSERVATION","PRESENT","Hynobius quelpaertensis",35.259429,127.021313,"ASIA","Jeollabuk-do",2011,3,13,"cdc,cdround","https://www.inaturalist.org/observations/1199494","http://creativecommons.org/licenses/by/4.0/legalcode","WGS84","1065599628","1199494",NA
"ef6e0754-8bf2-4854-9aa3-3a2a1a90810b","HUMAN_OBSERVATION","PRESENT","Hynobius quelpaertensis",33.368861,126.693306,"ASIA",NA,2011,3,12,"cdc,cdround,gass84",NA,"http://creativecommons.org/licenses/by-nc/4.0/legalcode","WGS84","3001325727",NA,NA
"ef6e0754-8bf2-4854-9aa3-3a2a1a90810b","HUMAN_OBSERVATION","PRESENT","Hynobius quelpaertensis",33.418142,126.635519,"ASIA",NA,2011,3,12,"cdc,cdround,gass84",NA,"http://creativecommons.org/licenses/by-nc/4.0/legalcode","WGS84","3001336833",NA,NA
"ef6e0754-8bf2-4854-9aa3-3a2a1a90810b","HUMAN_OBSERVATION","PRESENT","Hynobius quelpaertensis",33.428481,126.642453,"ASIA",NA,2011,3,26,"cdc,cdround,gass84",NA,"http://creativecommons.org/licenses/by-nc/4.0/legalcode","WGS84","3001805826",NA,NA
"ef6e0754-8bf2-4854-9aa3-3a2a1a90810b","HUMAN_OBSERVATION","PRESENT","Hynobius quelpaertensis",33.402481,126.647303,"ASIA",NA,2011,3,12,"cdc,cdround,gass84",NA,"http://creativecommons.org/licenses/by-nc/4.0/legalcode","WGS84","3001338741",NA,NA
"ef6e0754-8bf2-4854-9aa3-3a2a1a90810b","HUMAN_OBSERVATION","PRESENT","Hynobius quelpaertensis",33.377161,126.685683,"ASIA",NA,2011,3,4,"cdc,cdround,gass84",NA,"http://creativecommons.org/licenses/by-nc/4.0/legalcode","WGS84","3001333836",NA,NA
"ef6e0754-8bf2-4854-9aa3-3a2a1a90810b","HUMAN_OBSERVATION","PRESENT","Hynobius quelpaertensis",33.296381,126.605108,"ASIA",NA,2011,3,4,"cdc,cdround,gass84",NA,"http://creativecommons.org/licenses/by-nc/4.0/legalcode","WGS84","3001342822",NA,NA
"ef6e0754-8bf2-4854-9aa3-3a2a1a90810b","HUMAN_OBSERVATION","PRESENT","Hynobius quelpaertensis",33.285394,126.609336,"ASIA",NA,2011,3,4,"cdc,cdround,gass84",NA,"http://creativecommons.org/licenses/by-nc/4.0/legalcode","WGS84","3001855925",NA,NA
"ef6e0754-8bf2-4854-9aa3-3a2a1a90810b","HUMAN_OBSERVATION","PRESENT","Hynobius quelpaertensis",33.478389,126.439028,"ASIA",NA,2011,3,24,"cdc,cdround,gass84",NA,"http://creativecommons.org/licenses/by-nc/4.0/legalcode","WGS84","3001335851",NA,NA
"ef6e0754-8bf2-4854-9aa3-3a2a1a90810b","HUMAN_OBSERVATION","PRESENT","Hynobius quelpaertensis",33.482611,126.441583,"ASIA",NA,2011,3,24,"cdc,cdround,gass84",NA,"http://creativecommons.org/licenses/by-nc/4.0/legalcode","WGS84","3001333887",NA,NA
"ef6e0754-8bf2-4854-9aa3-3a2a1a90810b","HUMAN_OBSERVATION","PRESENT","Hynobius quelpaertensis",33.467028,126.38825,"ASIA",NA,2011,3,24,"cdc,cdround,gass84",NA,"http://creativecommons.org/licenses/by-nc/4.0/legalcode","WGS84","3001805876",NA,NA
"ef6e0754-8bf2-4854-9aa3-3a2a1a90810b","HUMAN_OBSERVATION","PRESENT","Hynobius quelpaertensis",33.430472,126.399583,"ASIA",NA,2011,3,24,"cdc,cdround,gass84",NA,"http://creativecommons.org/licenses/by-nc/4.0/legalcode","WGS84","3001847792",NA,NA
"ef6e0754-8bf2-4854-9aa3-3a2a1a90810b","HUMAN_OBSERVATION","PRESENT","Hynobius quelpaertensis",33.393,126.391083,"ASIA",NA,2011,3,24,"cdc,cdround,gass84",NA,"http://creativecommons.org/licenses/by-nc/4.0/legalcode","WGS84","3001858928",NA,NA
"ef6e0754-8bf2-4854-9aa3-3a2a1a90810b","HUMAN_OBSERVATION","PRESENT","Hynobius quelpaertensis",33.442194,126.483028,"ASIA",NA,2011,3,24,"cdc,cdround,gass84",NA,"http://creativecommons.org/licenses/by-nc/4.0/legalcode","WGS84","3001325781",NA,NA
"ef6e0754-8bf2-4854-9aa3-3a2a1a90810b","HUMAN_OBSERVATION","PRESENT","Hynobius quelpaertensis",33.454944,126.402056,"ASIA",NA,2011,3,24,"cdc,cdround,gass84",NA,"http://creativecommons.org/licenses/by-nc/4.0/legalcode","WGS84","3001805877",NA,NA
"ef6e0754-8bf2-4854-9aa3-3a2a1a90810b","HUMAN_OBSERVATION","PRESENT","Hynobius quelpaertensis",33.395972,126.444833,"ASIA",NA,2011,3,24,"cdc,cdround,gass84",NA,"http://creativecommons.org/licenses/by-nc/4.0/legalcode","WGS84","3001341786",NA,NA
"ef6e0754-8bf2-4854-9aa3-3a2a1a90810b","HUMAN_OBSERVATION","PRESENT","Hynobius quelpaertensis",33.403556,126.431167,"ASIA",NA,2011,3,24,"cdc,cdround,gass84",NA,"http://creativecommons.org/licenses/by-nc/4.0/legalcode","WGS84","3001853821",NA,NA
"ef6e0754-8bf2-4854-9aa3-3a2a1a90810b","HUMAN_OBSERVATION","PRESENT","Hynobius quelpaertensis",33.363528,126.401139,"ASIA",NA,2011,3,25,"cdc,cdround,gass84",NA,"http://creativecommons.org/licenses/by-nc/4.0/legalcode","WGS84","3001805885",NA,NA
"ef6e0754-8bf2-4854-9aa3-3a2a1a90810b","HUMAN_OBSERVATION","PRESENT","Hynobius quelpaertensis",33.331222,126.383639,"ASIA",NA,2011,3,25,"cdc,cdround,gass84",NA,"http://creativecommons.org/licenses/by-nc/4.0/legalcode","WGS84","3001818819",NA,NA
"ef6e0754-8bf2-4854-9aa3-3a2a1a90810b","HUMAN_OBSERVATION","PRESENT","Hynobius quelpaertensis",33.320194,126.428111,"ASIA",NA,2011,3,25,"cdc,cdround,gass84",NA,"http://creativecommons.org/licenses/by-nc/4.0/legalcode","WGS84","3001847800",NA,NA
"ef6e0754-8bf2-4854-9aa3-3a2a1a90810b","HUMAN_OBSERVATION","PRESENT","Hynobius quelpaertensis",33.268556,126.46875,"ASIA",NA,2011,3,25,"cdc,cdround,gass84",NA,"http://creativecommons.org/licenses/by-nc/4.0/legalcode","WGS84","3001853825",NA,NA
"ef6e0754-8bf2-4854-9aa3-3a2a1a90810b","HUMAN_OBSERVATION","PRESENT","Hynobius quelpaertensis",33.264139,126.457278,"ASIA",NA,2011,3,25,"cdc,cdround,gass84",NA,"http://creativecommons.org/licenses/by-nc/4.0/legalcode","WGS84","3001864875",NA,NA
"ef6e0754-8bf2-4854-9aa3-3a2a1a90810b","HUMAN_OBSERVATION","PRESENT","Hynobius quelpaertensis",33.306222,126.467417,"ASIA",NA,2011,3,25,"cdc,cdround,gass84",NA,"http://creativecommons.org/licenses/by-nc/4.0/legalcode","WGS84","3001337951",NA,NA
"ef6e0754-8bf2-4854-9aa3-3a2a1a90810b","HUMAN_OBSERVATION","PRESENT","Hynobius quelpaertensis",33.306972,126.437889,"ASIA",NA,2011,3,25,"cdc,cdround,gass84",NA,"http://creativecommons.org/licenses/by-nc/4.0/legalcode","WGS84","3001333897",NA,NA
"50c9509d-22c7-4a22-a47d-8c48425ef4a7","HUMAN_OBSERVATION","PRESENT","Hynobius quelpaertensis",35.453175,126.554727,"ASIA","Jeollabuk-do",2011,4,17,"cdc,cdround","https://www.inaturalist.org/observations/1249277","http://creativecommons.org/licenses/by/4.0/legalcode","WGS84","1088900793","1249277",NA
"ef6e0754-8bf2-4854-9aa3-3a2a1a90810b","HUMAN_OBSERVATION","PRESENT","Hynobius quelpaertensis",33.505803,126.579133,"ASIA",NA,2011,4,19,"cdc,cdround,gass84",NA,"http://creativecommons.org/licenses/by-nc/4.0/legalcode","WGS84","3001340757",NA,NA
"ef6e0754-8bf2-4854-9aa3-3a2a1a90810b","HUMAN_OBSERVATION","PRESENT","Hynobius quelpaertensis",33.527575,126.598147,"ASIA",NA,2011,4,19,"cdc,cdround,gass84",NA,"http://creativecommons.org/licenses/by-nc/4.0/legalcode","WGS84","3001339753",NA,NA
"ef6e0754-8bf2-4854-9aa3-3a2a1a90810b","HUMAN_OBSERVATION","PRESENT","Hynobius quelpaertensis",33.465169,126.600842,"ASIA",NA,2011,4,18,"cdc,cdround,gass84",NA,"http://creativecommons.org/licenses/by-nc/4.0/legalcode","WGS84","3001864770",NA,NA
"ef6e0754-8bf2-4854-9aa3-3a2a1a90810b","HUMAN_OBSERVATION","PRESENT","Hynobius quelpaertensis",33.508889,126.822222,"ASIA",NA,2011,5,6,"cdc,cdround,gass84",NA,"http://creativecommons.org/licenses/by-nc/4.0/legalcode","WGS84","3001853794",NA,NA
"ef6e0754-8bf2-4854-9aa3-3a2a1a90810b","HUMAN_OBSERVATION","PRESENT","Hynobius quelpaertensis",33.5325,126.802222,"ASIA",NA,2011,5,6,"cdc,cdround,gass84",NA,"http://creativecommons.org/licenses/by-nc/4.0/legalcode","WGS84","3001340828",NA,NA
"ef6e0754-8bf2-4854-9aa3-3a2a1a90810b","HUMAN_OBSERVATION","PRESENT","Hynobius quelpaertensis",33.475278,126.7775,"ASIA",NA,2011,5,7,"cdc,cdround,gass84",NA,"http://creativecommons.org/licenses/by-nc/4.0/legalcode","WGS84","3001335825",NA,NA
"ef6e0754-8bf2-4854-9aa3-3a2a1a90810b","HUMAN_OBSERVATION","PRESENT","Hynobius quelpaertensis",33.409722,126.768333,"ASIA",NA,2011,5,20,"cdc,cdround,gass84",NA,"http://creativecommons.org/licenses/by-nc/4.0/legalcode","WGS84","3001338773",NA,NA
"ef6e0754-8bf2-4854-9aa3-3a2a1a90810b","HUMAN_OBSERVATION","PRESENT","Hynobius quelpaertensis",33.370833,126.766667,"ASIA",NA,2011,5,18,"cdc,cdround,gass84",NA,"http://creativecommons.org/licenses/by-nc/4.0/legalcode","WGS84","3001340842",NA,NA
"ef6e0754-8bf2-4854-9aa3-3a2a1a90810b","HUMAN_OBSERVATION","PRESENT","Hynobius quelpaertensis",33.344444,126.785556,"ASIA",NA,2011,5,18,"cdc,cdround,gass84",NA,"http://creativecommons.org/licenses/by-nc/4.0/legalcode","WGS84","3001333872",NA,NA
"ef6e0754-8bf2-4854-9aa3-3a2a1a90810b","HUMAN_OBSERVATION","PRESENT","Hynobius quelpaertensis",33.371667,126.812778,"ASIA",NA,2011,5,18,"cdc,cdround,gass84",NA,"http://creativecommons.org/licenses/by-nc/4.0/legalcode","WGS84","3001812871",NA,NA
"ef6e0754-8bf2-4854-9aa3-3a2a1a90810b","HUMAN_OBSERVATION","PRESENT","Hynobius quelpaertensis",33.319722,126.760833,"ASIA",NA,2011,5,19,"cdc,cdround,gass84",NA,"http://creativecommons.org/licenses/by-nc/4.0/legalcode","WGS84","3001335837",NA,NA
"ef6e0754-8bf2-4854-9aa3-3a2a1a90810b","HUMAN_OBSERVATION","PRESENT","Hynobius quelpaertensis",33.343611,126.845833,"ASIA",NA,2011,5,17,"cdc,cdround,gass84",NA,"http://creativecommons.org/licenses/by-nc/4.0/legalcode","WGS84","3001340844",NA,NA
"ef6e0754-8bf2-4854-9aa3-3a2a1a90810b","HUMAN_OBSERVATION","PRESENT","Hynobius quelpaertensis",33.542256,126.701256,"ASIA",NA,2011,6,7,"cdc,cdround,gass84",NA,"http://creativecommons.org/licenses/by-nc/4.0/legalcode","WGS84","3001805777",NA,NA
"ef6e0754-8bf2-4854-9aa3-3a2a1a90810b","HUMAN_OBSERVATION","PRESENT","Hynobius quelpaertensis",33.443333,126.856389,"ASIA",NA,2011,6,26,"cdc,cdround,gass84",NA,"http://creativecommons.org/licenses/by-nc/4.0/legalcode","WGS84","3001818788",NA,NA
"ef6e0754-8bf2-4854-9aa3-3a2a1a90810b","HUMAN_OBSERVATION","PRESENT","Hynobius quelpaertensis",33.396111,126.799444,"ASIA",NA,2011,6,26,"cdc,cdround,gass84",NA,"http://creativecommons.org/licenses/by-nc/4.0/legalcode","WGS84","3001818789",NA,NA
"ef6e0754-8bf2-4854-9aa3-3a2a1a90810b","HUMAN_OBSERVATION","PRESENT","Hynobius quelpaertensis",33.474361,126.492972,"ASIA",NA,2011,7,11,"cdc,cdround,gass84",NA,"http://creativecommons.org/licenses/by-nc/4.0/legalcode","WGS84","3001840900",NA,NA
"ef6e0754-8bf2-4854-9aa3-3a2a1a90810b","HUMAN_OBSERVATION","PRESENT","Hynobius quelpaertensis",33.509722,126.826667,"ASIA",NA,2011,8,14,"cdc,cdround,gass84",NA,"http://creativecommons.org/licenses/by-nc/4.0/legalcode","WGS84","3001805850",NA,NA
"ef6e0754-8bf2-4854-9aa3-3a2a1a90810b","HUMAN_OBSERVATION","PRESENT","Hynobius quelpaertensis",33.343333,126.846111,"ASIA",NA,2011,8,23,"cdc,cdround,gass84",NA,"http://creativecommons.org/licenses/by-nc/4.0/legalcode","WGS84","3001325769",NA,NA
"ef6e0754-8bf2-4854-9aa3-3a2a1a90810b","HUMAN_OBSERVATION","PRESENT","Hynobius quelpaertensis",33.371111,126.771389,"ASIA",NA,2011,8,24,"cdc,cdround,gass84",NA,"http://creativecommons.org/licenses/by-nc/4.0/legalcode","WGS84","3001341773",NA,NA
"ef6e0754-8bf2-4854-9aa3-3a2a1a90810b","HUMAN_OBSERVATION","PRESENT","Hynobius quelpaertensis",33.371944,126.814167,"ASIA",NA,2011,8,24,"cdc,cdround,gass84",NA,"http://creativecommons.org/licenses/by-nc/4.0/legalcode","WGS84","3001805864",NA,NA
"ef6e0754-8bf2-4854-9aa3-3a2a1a90810b","HUMAN_OBSERVATION","PRESENT","Hynobius quelpaertensis",33.321389,126.760833,"ASIA",NA,2011,8,25,"cdc,cdround,gass84",NA,"http://creativecommons.org/licenses/by-nc/4.0/legalcode","WGS84","3001855963",NA,NA
"50c9509d-22c7-4a22-a47d-8c48425ef4a7","HUMAN_OBSERVATION","PRESENT","Hynobius quelpaertensis",35.795936,126.506182,"ASIA","Jeollabuk-do",2010,2,25,"cdc,cdround","https://www.inaturalist.org/observations/26216","http://creativecommons.org/licenses/by/4.0/legalcode","WGS84","1880662552","26216",NA
"50c9509d-22c7-4a22-a47d-8c48425ef4a7","HUMAN_OBSERVATION","PRESENT","Hynobius quelpaertensis",34.706812,126.655873,"ASIA","Jeollanam-do",2010,4,11,"cdc,cdround","https://www.inaturalist.org/observations/2507212","http://creativecommons.org/licenses/by/4.0/legalcode","WGS84","1880662401","2507212",NA
"50c9509d-22c7-4a22-a47d-8c48425ef4a7","HUMAN_OBSERVATION","PRESENT","Hynobius quelpaertensis",34.733936,126.774511,"ASIA","Jeollanam-do",2010,4,11,"cdc,cdround","https://www.inaturalist.org/observations/2507216","http://creativecommons.org/licenses/by/4.0/legalcode","WGS84","1880662404","2507216",NA
"50c9509d-22c7-4a22-a47d-8c48425ef4a7","HUMAN_OBSERVATION","PRESENT","Hynobius quelpaertensis",33.494463,126.735364,"ASIA","Jeju",2009,1,2,"cdc,cdround","https://www.inaturalist.org/observations/18027633","http://creativecommons.org/licenses/by-nc/4.0/legalcode","WGS84","1933597561","18027633",NA
"50c9509d-22c7-4a22-a47d-8c48425ef4a7","HUMAN_OBSERVATION","PRESENT","Hynobius quelpaertensis",33.530913,126.668877,"ASIA","Jeju",2009,1,3,"cdc,cdround","https://www.inaturalist.org/observations/18027634","http://creativecommons.org/licenses/by-nc/4.0/legalcode","WGS84","1933597614","18027634",NA
"50c9509d-22c7-4a22-a47d-8c48425ef4a7","HUMAN_OBSERVATION","PRESENT","Hynobius quelpaertensis",35.403388,126.532671,"ASIA","Jeollabuk-do",2009,3,25,"cdc,cdround","https://www.inaturalist.org/observations/2498233","http://creativecommons.org/licenses/by/4.0/legalcode","WGS84","1880662317","2498233",NA
"50c9509d-22c7-4a22-a47d-8c48425ef4a7","HUMAN_OBSERVATION","PRESENT","Hynobius quelpaertensis",34.774233,126.753634,"ASIA","Jeollanam-do",2009,3,28,"cdc,cdround","https://www.inaturalist.org/observations/26215","http://creativecommons.org/licenses/by/4.0/legalcode","WGS84","1880662553","26215",NA
"50c9509d-22c7-4a22-a47d-8c48425ef4a7","HUMAN_OBSERVATION","PRESENT","Hynobius quelpaertensis",33.257404,126.776391,"ASIA","Jeju",2009,7,24,"cdc,cdround","https://www.inaturalist.org/observations/2500670","http://creativecommons.org/licenses/by/4.0/legalcode","WGS84","1453070403","2500670",NA
"50c9509d-22c7-4a22-a47d-8c48425ef4a7","HUMAN_OBSERVATION","PRESENT","Hynobius quelpaertensis",33.377347,126.408563,"ASIA","Jeju",2008,1,29,"cdc,cdround","https://www.inaturalist.org/observations/1234122","http://creativecommons.org/licenses/by/4.0/legalcode","WGS84","1453051260","1234122",NA
"50c9509d-22c7-4a22-a47d-8c48425ef4a7","HUMAN_OBSERVATION","PRESENT","Hynobius quelpaertensis",33.495447,126.701555,"ASIA","Jeju",2008,1,30,"cdc,cdround","https://www.inaturalist.org/observations/1234123","http://creativecommons.org/licenses/by/4.0/legalcode","WGS84","1065611511","1234123",NA
"50c9509d-22c7-4a22-a47d-8c48425ef4a7","HUMAN_OBSERVATION","PRESENT","Hynobius quelpaertensis",34.775321,126.676983,"ASIA","Jeollanam-do",2007,2,9,"cdc,cdround","https://www.inaturalist.org/observations/2471373","http://creativecommons.org/licenses/by/4.0/legalcode","WGS84","1880662226","2471373",NA
"50c9509d-22c7-4a22-a47d-8c48425ef4a7","HUMAN_OBSERVATION","PRESENT","Hynobius quelpaertensis",33.413314,126.577563,"ASIA","Jeju",2006,7,25,"cdc,cdround","https://www.inaturalist.org/observations/26211","http://creativecommons.org/licenses/by/4.0/legalcode","WGS84","1453072690","26211",NA
"50c9509d-22c7-4a22-a47d-8c48425ef4a7","HUMAN_OBSERVATION","PRESENT","Hynobius quelpaertensis",33.550007,126.506306,"ASIA","Jeju",2006,7,25,"cdc,cdround","https://www.inaturalist.org/observations/26217","http://creativecommons.org/licenses/by/4.0/legalcode","WGS84","1453072718","26217",NA
"040c5662-da76-4782-a48e-cdea1892d14c","MATERIAL_SAMPLE","PRESENT","Hynobius quelpaertensis",33.428,126.495,"ASIA","Jeju",2005,1,17,"cdc,gass84,colmano,inmafu","https://boldsystems.org/index.php/Public_RecordView?processid=ABCAP839-09","http://creativecommons.org/licenses/by/4.0/legalcode","WGS84","2248482611",NA,NA
"ef6e0754-8bf2-4854-9aa3-3a2a1a90810b","HUMAN_OBSERVATION","PRESENT","Hynobius quelpaertensis",33.437524,126.482806,"ASIA",NA,2003,3,7,"cdc,cdround,gass84",NA,"http://creativecommons.org/licenses/by-nc/4.0/legalcode","WGS84","3001796493",NA,NA
"ef6e0754-8bf2-4854-9aa3-3a2a1a90810b","HUMAN_OBSERVATION","PRESENT","Hynobius quelpaertensis",33.439406,126.536102,"ASIA",NA,2003,3,7,"cdc,cdround,gass84",NA,"http://creativecommons.org/licenses/by-nc/4.0/legalcode","WGS84","3001848553",NA,NA
"ef6e0754-8bf2-4854-9aa3-3a2a1a90810b","HUMAN_OBSERVATION","PRESENT","Hynobius quelpaertensis",33.445146,126.610015,"ASIA",NA,2003,3,20,"cdc,cdround,gass84",NA,"http://creativecommons.org/licenses/by-nc/4.0/legalcode","WGS84","3001843433",NA,NA
"ef6e0754-8bf2-4854-9aa3-3a2a1a90810b","HUMAN_OBSERVATION","PRESENT","Hynobius quelpaertensis",33.4832,126.717589,"ASIA",NA,2003,3,20,"cdc,cdround,gass84",NA,"http://creativecommons.org/licenses/by-nc/4.0/legalcode","WGS84","3001326403",NA,NA
"ef6e0754-8bf2-4854-9aa3-3a2a1a90810b","HUMAN_OBSERVATION","PRESENT","Hynobius quelpaertensis",33.391867,126.639963,"ASIA",NA,2003,3,20,"cdc,cdround,gass84",NA,"http://creativecommons.org/licenses/by-nc/4.0/legalcode","WGS84","3001845590",NA,NA
"ef6e0754-8bf2-4854-9aa3-3a2a1a90810b","HUMAN_OBSERVATION","PRESENT","Hynobius quelpaertensis",33.405032,126.73315,"ASIA",NA,2003,3,20,"cdc,cdround,gass84",NA,"http://creativecommons.org/licenses/by-nc/4.0/legalcode","WGS84","3001843434",NA,NA
"ef6e0754-8bf2-4854-9aa3-3a2a1a90810b","HUMAN_OBSERVATION","PRESENT","Hynobius quelpaertensis",33.343217,126.411962,"ASIA",NA,2003,3,7,"cdc,cdround,gass84",NA,"http://creativecommons.org/licenses/by-nc/4.0/legalcode","WGS84","3001328560",NA,NA
"ef6e0754-8bf2-4854-9aa3-3a2a1a90810b","HUMAN_OBSERVATION","PRESENT","Hynobius quelpaertensis",33.32588,126.414037,"ASIA",NA,2003,3,7,"cdc,cdround,gass84",NA,"http://creativecommons.org/licenses/by-nc/4.0/legalcode","WGS84","3001324471",NA,NA
"ef6e0754-8bf2-4854-9aa3-3a2a1a90810b","HUMAN_OBSERVATION","PRESENT","Hynobius quelpaertensis",33.484678,126.825587,"ASIA",NA,2003,3,20,"cdc,cdround,gass84",NA,"http://creativecommons.org/licenses/by-nc/4.0/legalcode","WGS84","3001329459",NA,NA
"ef6e0754-8bf2-4854-9aa3-3a2a1a90810b","HUMAN_OBSERVATION","PRESENT","Hynobius quelpaertensis",33.423386,126.535362,"ASIA",NA,2003,4,5,"cdc,cdround,gass84",NA,"http://creativecommons.org/licenses/by-nc/4.0/legalcode","WGS84","3001859437",NA,NA
"ef6e0754-8bf2-4854-9aa3-3a2a1a90810b","HUMAN_OBSERVATION","PRESENT","Hynobius quelpaertensis",33.399224,126.492303,"ASIA",NA,2003,4,5,"cdc,cdround,gass84",NA,"http://creativecommons.org/licenses/by-nc/4.0/legalcode","WGS84","3001329457",NA,NA
"ef6e0754-8bf2-4854-9aa3-3a2a1a90810b","HUMAN_OBSERVATION","PRESENT","Hynobius quelpaertensis",33.378954,126.533746,"ASIA",NA,2003,4,5,"cdc,cdround,gass84",NA,"http://creativecommons.org/licenses/by-nc/4.0/legalcode","WGS84","3001839421",NA,NA
"ef6e0754-8bf2-4854-9aa3-3a2a1a90810b","HUMAN_OBSERVATION","PRESENT","Hynobius quelpaertensis",33.36267,126.533428,"ASIA",NA,2003,4,5,"cdc,cdround,gass84",NA,"http://creativecommons.org/licenses/by-nc/4.0/legalcode","WGS84","3001859438",NA,NA
"ef6e0754-8bf2-4854-9aa3-3a2a1a90810b","HUMAN_OBSERVATION","PRESENT","Hynobius quelpaertensis",33.353332,126.519153,"ASIA",NA,2003,4,5,"cdc,cdround,gass84",NA,"http://creativecommons.org/licenses/by-nc/4.0/legalcode","WGS84","3001332474",NA,NA
"ef6e0754-8bf2-4854-9aa3-3a2a1a90810b","HUMAN_OBSERVATION","PRESENT","Hynobius quelpaertensis",33.404827,126.54244,"ASIA",NA,2003,4,5,"cdc,cdround,gass84",NA,"http://creativecommons.org/licenses/by-nc/4.0/legalcode","WGS84","3001328558",NA,NA
"ef6e0754-8bf2-4854-9aa3-3a2a1a90810b","HUMAN_OBSERVATION","PRESENT","Hynobius quelpaertensis",33.374126,126.592097,"ASIA",NA,2003,4,5,"cdc,cdround,gass84",NA,"http://creativecommons.org/licenses/by-nc/4.0/legalcode","WGS84","3001331399",NA,NA
"ef6e0754-8bf2-4854-9aa3-3a2a1a90810b","HUMAN_OBSERVATION","PRESENT","Hynobius quelpaertensis",33.305749,126.518621,"ASIA",NA,2003,4,5,"cdc,cdround,gass84",NA,"http://creativecommons.org/licenses/by-nc/4.0/legalcode","WGS84","3001331401",NA,NA
"ef6e0754-8bf2-4854-9aa3-3a2a1a90810b","HUMAN_OBSERVATION","PRESENT","Hynobius quelpaertensis",33.296394,126.514224,"ASIA",NA,2003,4,5,"cdc,cdround,gass84",NA,"http://creativecommons.org/licenses/by-nc/4.0/legalcode","WGS84","3001330458",NA,NA
"e162a3af-1065-4e1e-be92-a7891bad51eb","PRESERVED_SPECIMEN","PRESENT","Hynobius quelpaertensis",34.75467,126.89017,"ASIA","Jeollanam-do",NA,NA,NA,"cdc,cuiv,gass84,rdativ,incomis,inmafu",NA,"http://creativecommons.org/publicdomain/zero/1.0/legalcode","WGS84","4164644528","NIBRAM0000101737","Busan-myeon"
"e162a3af-1065-4e1e-be92-a7891bad51eb","PRESERVED_SPECIMEN","PRESENT","Hynobius quelpaertensis",34.66867,126.81442,"ASIA","Jeollanam-do",NA,NA,NA,"cdc,cuiv,gass84,rdativ,incomis,inmafu",NA,"http://creativecommons.org/publicdomain/zero/1.0/legalcode","WGS84","4164644540","NIBRAM0000101747","Gundong-myeon"
"e162a3af-1065-4e1e-be92-a7891bad51eb","PRESERVED_SPECIMEN","PRESENT","Hynobius quelpaertensis",35.72517,127.06019,"ASIA","Jeollabuk-do",NA,NA,NA,"cdc,cuiv,gass84,rdativ,incomis,inmafu",NA,"http://creativecommons.org/publicdomain/zero/1.0/legalcode","WGS84","4164644510","NIBRAM0000101750","Geumsan-myeon"
"e162a3af-1065-4e1e-be92-a7891bad51eb","PRESERVED_SPECIMEN","PRESENT","Hynobius quelpaertensis",34.77575,127.16675,"ASIA","Jeollanam-do",NA,NA,NA,"cdc,cuiv,gass84,rdativ,incomis,inmafu",NA,"http://creativecommons.org/publicdomain/zero/1.0/legalcode","WGS84","4164644500","NIBRAM0000101763","Deungnyang-myeon"
"e162a3af-1065-4e1e-be92-a7891bad51eb","PRESERVED_SPECIMEN","PRESENT","Hynobius quelpaertensis",34.67056,126.8165,"ASIA","Jeollanam-do",NA,NA,NA,"cdc,cuiv,gass84,rdativ,incomis,inmafu",NA,"http://creativecommons.org/publicdomain/zero/1.0/legalcode","WGS84","4164644482","NIBRAM0000101813","Gundong-myeon"
"e162a3af-1065-4e1e-be92-a7891bad51eb","PRESERVED_SPECIMEN","PRESENT","Hynobius quelpaertensis",35.39458,127.17411,"ASIA","Jeollabuk-do",NA,NA,NA,"cdc,cuiv,gass84,rdativ,incomis,inmafu",NA,"http://creativecommons.org/publicdomain/zero/1.0/legalcode","WGS84","4164644452","NIBRAM0000101822","Ingye-myeon"
"e162a3af-1065-4e1e-be92-a7891bad51eb","PRESERVED_SPECIMEN","PRESENT","Hynobius quelpaertensis",34.75367,126.66039,"ASIA","Jeollanam-do",NA,NA,NA,"cdc,cuiv,gass84,rdativ,incomis,inmafu",NA,"http://creativecommons.org/publicdomain/zero/1.0/legalcode","WGS84","4164644561","NIBRAM0000101854","Gunseo-myeon"
"e162a3af-1065-4e1e-be92-a7891bad51eb","PRESERVED_SPECIMEN","PRESENT","Hynobius quelpaertensis",34.45753,127.18231,"ASIA","Jeollanam-do",NA,NA,NA,"cdc,cuiv,gass84,rdativ,incomis,inmafu",NA,"http://creativecommons.org/publicdomain/zero/1.0/legalcode","WGS84","4164644533","NIBRAM0000101860","Geumsan-myeon"
"e162a3af-1065-4e1e-be92-a7891bad51eb","PRESERVED_SPECIMEN","PRESENT","Hynobius quelpaertensis",35.72311,127.05342,"ASIA","Jeollabuk-do",NA,NA,NA,"cdc,cuiv,gass84,rdativ,incomis,inmafu",NA,"http://creativecommons.org/publicdomain/zero/1.0/legalcode","WGS84","4164644535","NIBRAM0000101865","Geumsan-myeon"
"e162a3af-1065-4e1e-be92-a7891bad51eb","PRESERVED_SPECIMEN","PRESENT","Hynobius quelpaertensis",34.45753,127.18092,"ASIA","Jeollanam-do",NA,NA,NA,"cdc,cuiv,gass84,rdativ,incomis,inmafu",NA,"http://creativecommons.org/publicdomain/zero/1.0/legalcode","WGS84","4164644338","NIBRAM0000101896","Geumsan-myeon"
"e162a3af-1065-4e1e-be92-a7891bad51eb","PRESERVED_SPECIMEN","PRESENT","Hynobius quelpaertensis",35.50033,127.10675,"ASIA","Jeollabuk-do",NA,NA,NA,"cdc,cuiv,gass84,rdativ,incomis,inmafu",NA,"http://creativecommons.org/publicdomain/zero/1.0/legalcode","WGS84","4164644363","NIBRAM0000101910","Gurim-myeon"
"e162a3af-1065-4e1e-be92-a7891bad51eb","PRESERVED_SPECIMEN","PRESENT","Hynobius quelpaertensis",35.39433,127.17489,"ASIA","Jeollabuk-do",NA,NA,NA,"cdc,cuiv,gass84,rdativ,incomis,inmafu",NA,"http://creativecommons.org/publicdomain/zero/1.0/legalcode","WGS84","4164644346","NIBRAM0000101915","Ingye-myeon"
"e162a3af-1065-4e1e-be92-a7891bad51eb","PRESERVED_SPECIMEN","PRESENT","Hynobius quelpaertensis",35.37072,127.23319,"ASIA","Jeollabuk-do",NA,NA,NA,"cdc,cuiv,gass84,rdativ,incomis,inmafu",NA,"http://creativecommons.org/publicdomain/zero/1.0/legalcode","WGS84","4164644348","NIBRAM0000101920","Daegang-myeon"
"e162a3af-1065-4e1e-be92-a7891bad51eb","PRESERVED_SPECIMEN","PRESENT","Hynobius quelpaertensis",35.61778,126.58733,"ASIA","Jeollabuk-do",NA,NA,NA,"cdc,cuiv,gass84,rdativ,incomis,inmafu",NA,"http://creativecommons.org/publicdomain/zero/1.0/legalcode","WGS84","4164644352","NIBRAM0000101922","Jinseo-myeon"
