"datasetKey","basisOfRecord","occurrenceStatus","species","decimalLatitude","decimalLongitude","continent","stateProvince","year","month","day","issues","references","license","geodeticDatum","gbifID","catalogNumber","locality","preparations","type"
"50c9509d-22c7-4a22-a47d-8c48425ef4a7","HUMAN_OBSERVATION","PRESENT","Karsenia koreana",36.191715,127.333115,"ASIA","Chungcheongnam-do",2023,3,25,"cdc,cdround","https://www.inaturalist.org/observations/152209398","http://creativecommons.org/licenses/by-nc/4.0/legalcode","WGS84","4075953430","152209398",NA,NA,NA
"50c9509d-22c7-4a22-a47d-8c48425ef4a7","HUMAN_OBSERVATION","PRESENT","Karsenia koreana",36.201286,127.342682,"ASIA","Chungcheongnam-do",2023,3,25,"cdc,cdround","https://www.inaturalist.org/observations/152211367","http://creativecommons.org/licenses/by-nc/4.0/legalcode","WGS84","4075806477","152211367",NA,NA,NA
"50c9509d-22c7-4a22-a47d-8c48425ef4a7","HUMAN_OBSERVATION","PRESENT","Karsenia koreana",36.201294,127.342637,"ASIA","Chungcheongnam-do",2023,3,25,"cdc,cdround","https://www.inaturalist.org/observations/152211418","http://creativecommons.org/licenses/by-nc/4.0/legalcode","WGS84","4075798438","152211418",NA,NA,NA
"50c9509d-22c7-4a22-a47d-8c48425ef4a7","HUMAN_OBSERVATION","PRESENT","Karsenia koreana",36.201159,127.342389,"ASIA","Chungcheongnam-do",2023,3,31,"cdc,cdround","https://www.inaturalist.org/observations/152891679","http://creativecommons.org/licenses/by-nc/4.0/legalcode","WGS84","4075937166","152891679",NA,NA,NA
"50c9509d-22c7-4a22-a47d-8c48425ef4a7","HUMAN_OBSERVATION","PRESENT","Karsenia koreana",36.201249,127.342074,"ASIA","Chungcheongnam-do",2023,3,31,"cdc,cdround","https://www.inaturalist.org/observations/152899155","http://creativecommons.org/licenses/by-nc/4.0/legalcode","WGS84","4075875262","152899155",NA,NA,NA
"50c9509d-22c7-4a22-a47d-8c48425ef4a7","HUMAN_OBSERVATION","PRESENT","Karsenia koreana",36.215661,127.377625,"ASIA","Chungcheongnam-do",2023,4,3,"cdc,cdround","https://www.inaturalist.org/observations/153302555","http://creativecommons.org/licenses/by-nc/4.0/legalcode","WGS84","4076023762","153302555",NA,NA,NA
"50c9509d-22c7-4a22-a47d-8c48425ef4a7","HUMAN_OBSERVATION","PRESENT","Karsenia koreana",36.365742,127.276181,"ASIA","Chungcheongnam-do",2023,4,3,"cdc,cdround","https://www.inaturalist.org/observations/153302708","http://creativecommons.org/licenses/by-nc/4.0/legalcode","WGS84","4076080636","153302708",NA,NA,NA
"50c9509d-22c7-4a22-a47d-8c48425ef4a7","HUMAN_OBSERVATION","PRESENT","Karsenia koreana",36.178,127.27399,"ASIA","Chungcheongnam-do",2023,4,3,"cdc,cdround","https://www.inaturalist.org/observations/153302806","http://creativecommons.org/licenses/by-nc/4.0/legalcode","WGS84","4076149644","153302806",NA,NA,NA
"50c9509d-22c7-4a22-a47d-8c48425ef4a7","HUMAN_OBSERVATION","PRESENT","Karsenia koreana",36.194833,127.334688,"ASIA","Chungcheongnam-do",2023,4,19,"cdc,cdround","https://www.inaturalist.org/observations/155575970","http://creativecommons.org/licenses/by-nc/4.0/legalcode","WGS84","4096840762","155575970",NA,NA,NA
"50c9509d-22c7-4a22-a47d-8c48425ef4a7","HUMAN_OBSERVATION","PRESENT","Karsenia koreana",36.194189,127.333985,"ASIA","Chungcheongnam-do",2023,4,19,"cdc,cdround","https://www.inaturalist.org/observations/155575995","http://creativecommons.org/licenses/by-nc/4.0/legalcode","WGS84","4096462784","155575995",NA,NA,NA
"50c9509d-22c7-4a22-a47d-8c48425ef4a7","HUMAN_OBSERVATION","PRESENT","Karsenia koreana",36.193969,127.333871,"ASIA","Chungcheongnam-do",2023,4,19,"cdc,cdround","https://www.inaturalist.org/observations/155576082","http://creativecommons.org/licenses/by-nc/4.0/legalcode","WGS84","4096502790","155576082",NA,NA,NA
"50c9509d-22c7-4a22-a47d-8c48425ef4a7","HUMAN_OBSERVATION","PRESENT","Karsenia koreana",36.191118,127.333233,"ASIA","Chungcheongnam-do",2023,4,19,"cdc,cdround","https://www.inaturalist.org/observations/155576248","http://creativecommons.org/licenses/by-nc/4.0/legalcode","WGS84","4096435770","155576248",NA,NA,NA
"50c9509d-22c7-4a22-a47d-8c48425ef4a7","HUMAN_OBSERVATION","PRESENT","Karsenia koreana",36.224493,127.400315,"ASIA","Daejeon",2023,4,19,"cdc,cdround","https://www.inaturalist.org/observations/155811432","http://creativecommons.org/licenses/by-nc/4.0/legalcode","WGS84","4096437002","155811432",NA,NA,NA
"50c9509d-22c7-4a22-a47d-8c48425ef4a7","HUMAN_OBSERVATION","PRESENT","Karsenia koreana",36.225933,127.367641,"ASIA","Daejeon",2023,4,19,"cdc,cdround","https://www.inaturalist.org/observations/155828149","http://creativecommons.org/licenses/by-nc/4.0/legalcode","WGS84","4103121595","155828149",NA,NA,NA
"50c9509d-22c7-4a22-a47d-8c48425ef4a7","HUMAN_OBSERVATION","PRESENT","Karsenia koreana",36.20699,127.354083,"ASIA","Chungcheongnam-do",2023,4,19,"cdc,cdround","https://www.inaturalist.org/observations/155833834","http://creativecommons.org/licenses/by-nc/4.0/legalcode","WGS84","4096857047","155833834",NA,NA,NA
"50c9509d-22c7-4a22-a47d-8c48425ef4a7","HUMAN_OBSERVATION","PRESENT","Karsenia koreana",36.194348,127.334104,"ASIA","Chungcheongnam-do",2023,4,28,"cdc,cdround","https://www.inaturalist.org/observations/157473881","http://creativecommons.org/licenses/by-nc/4.0/legalcode","WGS84","4103197296","157473881",NA,NA,NA
"50c9509d-22c7-4a22-a47d-8c48425ef4a7","HUMAN_OBSERVATION","PRESENT","Karsenia koreana",36.194329,127.334133,"ASIA","Chungcheongnam-do",2023,4,28,"cdc,cdround","https://www.inaturalist.org/observations/157474057","http://creativecommons.org/licenses/by-nc/4.0/legalcode","WGS84","4103276310","157474057",NA,NA,NA
"50c9509d-22c7-4a22-a47d-8c48425ef4a7","HUMAN_OBSERVATION","PRESENT","Karsenia koreana",36.194929,127.334784,"ASIA","Chungcheongnam-do",2023,4,29,"cdc,cdround","https://www.inaturalist.org/observations/157486433","http://creativecommons.org/licenses/by-nc/4.0/legalcode","WGS84","4103337337","157486433",NA,NA,NA
"50c9509d-22c7-4a22-a47d-8c48425ef4a7","HUMAN_OBSERVATION","PRESENT","Karsenia koreana",36.194924,127.334752,"ASIA","Chungcheongnam-do",2023,4,29,"cdc,cdround","https://www.inaturalist.org/observations/157488424","http://creativecommons.org/licenses/by-nc/4.0/legalcode","WGS84","4103360324","157488424",NA,NA,NA
"50c9509d-22c7-4a22-a47d-8c48425ef4a7","HUMAN_OBSERVATION","PRESENT","Karsenia koreana",36.194894,127.334696,"ASIA","Chungcheongnam-do",2023,4,29,"cdc,cdround","https://www.inaturalist.org/observations/157488546","http://creativecommons.org/licenses/by-nc/4.0/legalcode","WGS84","4102892330","157488546",NA,NA,NA
"50c9509d-22c7-4a22-a47d-8c48425ef4a7","HUMAN_OBSERVATION","PRESENT","Karsenia koreana",36.194319,127.334078,"ASIA","Chungcheongnam-do",2023,4,29,"cdc,cdround","https://www.inaturalist.org/observations/157489873","http://creativecommons.org/licenses/by-nc/4.0/legalcode","WGS84","4103342382","157489873",NA,NA,NA
"50c9509d-22c7-4a22-a47d-8c48425ef4a7","HUMAN_OBSERVATION","PRESENT","Karsenia koreana",36.194339,127.334074,"ASIA","Chungcheongnam-do",2023,4,29,"cdc,cdround","https://www.inaturalist.org/observations/157489973","http://creativecommons.org/licenses/by-nc/4.0/legalcode","WGS84","4103235388","157489973",NA,NA,NA
"50c9509d-22c7-4a22-a47d-8c48425ef4a7","HUMAN_OBSERVATION","PRESENT","Karsenia koreana",36.194347,127.334087,"ASIA","Chungcheongnam-do",2023,4,29,"cdc,cdround","https://www.inaturalist.org/observations/157490248","http://creativecommons.org/licenses/by-nc/4.0/legalcode","WGS84","4103309363","157490248",NA,NA,NA
"50c9509d-22c7-4a22-a47d-8c48425ef4a7","HUMAN_OBSERVATION","PRESENT","Karsenia koreana",36.194442,127.33425,"ASIA","Chungcheongnam-do",2023,4,29,"cdc,cdround","https://www.inaturalist.org/observations/157510047","http://creativecommons.org/licenses/by-nc/4.0/legalcode","WGS84","4103312382","157510047",NA,NA,NA
"50c9509d-22c7-4a22-a47d-8c48425ef4a7","HUMAN_OBSERVATION","PRESENT","Karsenia koreana",36.19443,127.334184,"ASIA","Chungcheongnam-do",2023,4,29,"cdc,cdround","https://www.inaturalist.org/observations/157510148","http://creativecommons.org/licenses/by-nc/4.0/legalcode","WGS84","4102787366","157510148",NA,NA,NA
"50c9509d-22c7-4a22-a47d-8c48425ef4a7","HUMAN_OBSERVATION","PRESENT","Karsenia koreana",36.201024,127.341865,"ASIA","Chungcheongnam-do",2023,4,29,"cdc,cdround","https://www.inaturalist.org/observations/157516310","http://creativecommons.org/licenses/by-nc/4.0/legalcode","WGS84","4102819393","157516310",NA,NA,NA
"50c9509d-22c7-4a22-a47d-8c48425ef4a7","HUMAN_OBSERVATION","PRESENT","Karsenia koreana",36.201059,127.341761,"ASIA","Chungcheongnam-do",2023,4,29,"cdc,cdround","https://www.inaturalist.org/observations/157521535","http://creativecommons.org/licenses/by-nc/4.0/legalcode","WGS84","4103265382","157521535",NA,NA,NA
"50c9509d-22c7-4a22-a47d-8c48425ef4a7","HUMAN_OBSERVATION","PRESENT","Karsenia koreana",36.194639,127.334369,"ASIA","Chungcheongnam-do",2023,4,29,"cdc,cdround","https://www.inaturalist.org/observations/157550828","http://creativecommons.org/licenses/by-nc/4.0/legalcode","WGS84","4102774453","157550828",NA,NA,NA
"50c9509d-22c7-4a22-a47d-8c48425ef4a7","HUMAN_OBSERVATION","PRESENT","Karsenia koreana",36.194798,127.334752,"ASIA","Chungcheongnam-do",2023,4,29,"cdc,cdround","https://www.inaturalist.org/observations/157550981","http://creativecommons.org/licenses/by-nc/4.0/legalcode","WGS84","4103244321","157550981",NA,NA,NA
"50c9509d-22c7-4a22-a47d-8c48425ef4a7","HUMAN_OBSERVATION","PRESENT","Karsenia koreana",36.193702,127.333894,"ASIA","Chungcheongnam-do",2023,4,29,"cdc,cdround","https://www.inaturalist.org/observations/157555820","http://creativecommons.org/licenses/by-nc/4.0/legalcode","WGS84","4102817398","157555820",NA,NA,NA
"50c9509d-22c7-4a22-a47d-8c48425ef4a7","HUMAN_OBSERVATION","PRESENT","Karsenia koreana",36.193719,127.333867,"ASIA","Chungcheongnam-do",2023,4,29,"cdc,cdround","https://www.inaturalist.org/observations/157555857","http://creativecommons.org/licenses/by-nc/4.0/legalcode","WGS84","4102781431","157555857",NA,NA,NA
"50c9509d-22c7-4a22-a47d-8c48425ef4a7","HUMAN_OBSERVATION","PRESENT","Karsenia koreana",36.193715,127.333845,"ASIA","Chungcheongnam-do",2023,4,29,"cdc,cdround","https://www.inaturalist.org/observations/157555968","http://creativecommons.org/licenses/by-nc/4.0/legalcode","WGS84","4103287386","157555968",NA,NA,NA
"50c9509d-22c7-4a22-a47d-8c48425ef4a7","HUMAN_OBSERVATION","PRESENT","Karsenia koreana",36.193713,127.333836,"ASIA","Chungcheongnam-do",2023,4,29,"cdc,cdround","https://www.inaturalist.org/observations/157556050","http://creativecommons.org/licenses/by-nc/4.0/legalcode","WGS84","4102877449","157556050",NA,NA,NA
"50c9509d-22c7-4a22-a47d-8c48425ef4a7","HUMAN_OBSERVATION","PRESENT","Karsenia koreana",36.193692,127.333805,"ASIA","Chungcheongnam-do",2023,4,29,"cdc,cdround","https://www.inaturalist.org/observations/157556158","http://creativecommons.org/licenses/by-nc/4.0/legalcode","WGS84","4103356431","157556158",NA,NA,NA
"50c9509d-22c7-4a22-a47d-8c48425ef4a7","HUMAN_OBSERVATION","PRESENT","Karsenia koreana",36.193573,127.333579,"ASIA","Chungcheongnam-do",2023,4,29,"cdc,cdround","https://www.inaturalist.org/observations/157557560","http://creativecommons.org/licenses/by-nc/4.0/legalcode","WGS84","4102813361","157557560",NA,NA,NA
"50c9509d-22c7-4a22-a47d-8c48425ef4a7","HUMAN_OBSERVATION","PRESENT","Karsenia koreana",36.193572,127.333607,"ASIA","Chungcheongnam-do",2023,4,29,"cdc,cdround","https://www.inaturalist.org/observations/157557586","http://creativecommons.org/licenses/by-nc/4.0/legalcode","WGS84","4102803443","157557586",NA,NA,NA
"50c9509d-22c7-4a22-a47d-8c48425ef4a7","HUMAN_OBSERVATION","PRESENT","Karsenia koreana",36.19474,127.334192,"ASIA","Chungcheongnam-do",2023,4,30,"cdc,cdround","https://www.inaturalist.org/observations/157667742","http://creativecommons.org/licenses/by-nc/4.0/legalcode","WGS84","4103280485","157667742",NA,NA,NA
"50c9509d-22c7-4a22-a47d-8c48425ef4a7","HUMAN_OBSERVATION","PRESENT","Karsenia koreana",36.194784,127.33432,"ASIA","Chungcheongnam-do",2023,4,30,"cdc,cdround","https://www.inaturalist.org/observations/157668102","http://creativecommons.org/licenses/by-nc/4.0/legalcode","WGS84","4102909459","157668102",NA,NA,NA
"50c9509d-22c7-4a22-a47d-8c48425ef4a7","HUMAN_OBSERVATION","PRESENT","Karsenia koreana",36.194796,127.33433,"ASIA","Chungcheongnam-do",2023,4,30,"cdc,cdround","https://www.inaturalist.org/observations/157668569","http://creativecommons.org/licenses/by-nc/4.0/legalcode","WGS84","4102783500","157668569",NA,NA,NA
"50c9509d-22c7-4a22-a47d-8c48425ef4a7","HUMAN_OBSERVATION","PRESENT","Karsenia koreana",36.194796,127.334328,"ASIA","Chungcheongnam-do",2023,4,30,"cdc,cdround","https://www.inaturalist.org/observations/157668755","http://creativecommons.org/licenses/by-nc/4.0/legalcode","WGS84","4102860493","157668755",NA,NA,NA
"50c9509d-22c7-4a22-a47d-8c48425ef4a7","HUMAN_OBSERVATION","PRESENT","Karsenia koreana",36.194792,127.334322,"ASIA","Chungcheongnam-do",2023,4,30,"cdc,cdround","https://www.inaturalist.org/observations/157668953","http://creativecommons.org/licenses/by-nc/4.0/legalcode","WGS84","4103278490","157668953",NA,NA,NA
"50c9509d-22c7-4a22-a47d-8c48425ef4a7","HUMAN_OBSERVATION","PRESENT","Karsenia koreana",36.194797,127.334321,"ASIA","Chungcheongnam-do",2023,4,29,"cdc,cdround","https://www.inaturalist.org/observations/157669138","http://creativecommons.org/licenses/by-nc/4.0/legalcode","WGS84","4102798482","157669138",NA,NA,NA
"50c9509d-22c7-4a22-a47d-8c48425ef4a7","HUMAN_OBSERVATION","PRESENT","Karsenia koreana",36.194758,127.334151,"ASIA","Chungcheongnam-do",2023,4,30,"cdc,cdround","https://www.inaturalist.org/observations/157669447","http://creativecommons.org/licenses/by-nc/4.0/legalcode","WGS84","4103279467","157669447",NA,NA,NA
"50c9509d-22c7-4a22-a47d-8c48425ef4a7","HUMAN_OBSERVATION","PRESENT","Karsenia koreana",36.194798,127.334325,"ASIA","Chungcheongnam-do",2023,4,30,"cdc,cdround","https://www.inaturalist.org/observations/157669725","http://creativecommons.org/licenses/by-nc/4.0/legalcode","WGS84","4102792522","157669725",NA,NA,NA
"50c9509d-22c7-4a22-a47d-8c48425ef4a7","HUMAN_OBSERVATION","PRESENT","Karsenia koreana",36.194606,127.334449,"ASIA","Chungcheongnam-do",2023,4,30,"cdc,cdround","https://www.inaturalist.org/observations/157670207","http://creativecommons.org/licenses/by-nc/4.0/legalcode","WGS84","4103286487","157670207",NA,NA,NA
"50c9509d-22c7-4a22-a47d-8c48425ef4a7","HUMAN_OBSERVATION","PRESENT","Karsenia koreana",36.19474,127.334103,"ASIA","Chungcheongnam-do",2023,4,30,"cdc,cdround","https://www.inaturalist.org/observations/157670639","http://creativecommons.org/licenses/by-nc/4.0/legalcode","WGS84","4102865496","157670639",NA,NA,NA
"50c9509d-22c7-4a22-a47d-8c48425ef4a7","HUMAN_OBSERVATION","PRESENT","Karsenia koreana",36.193987,127.333855,"ASIA","Chungcheongnam-do",2023,4,19,"cdc,cdround","https://www.inaturalist.org/observations/171171689","http://creativecommons.org/licenses/by-nc/4.0/legalcode","WGS84","4153746776","171171689",NA,NA,NA
"50c9509d-22c7-4a22-a47d-8c48425ef4a7","HUMAN_OBSERVATION","PRESENT","Karsenia koreana",36.224635,127.400297,"ASIA","Daejeon",2023,4,19,"cdc,cdround","https://www.inaturalist.org/observations/171171699","http://creativecommons.org/licenses/by-nc/4.0/legalcode","WGS84","4153410845","171171699",NA,NA,NA
"50c9509d-22c7-4a22-a47d-8c48425ef4a7","HUMAN_OBSERVATION","PRESENT","Karsenia koreana",36.194925,127.334781,"ASIA","Chungcheongnam-do",2023,5,4,"cdc,cdround","https://www.inaturalist.org/observations/159659347","http://creativecommons.org/licenses/by-nc/4.0/legalcode","WGS84","4112104212","159659347",NA,NA,NA
"50c9509d-22c7-4a22-a47d-8c48425ef4a7","HUMAN_OBSERVATION","PRESENT","Karsenia koreana",36.195046,127.33452,"ASIA","Chungcheongnam-do",2023,5,5,"cdc,cdround","https://www.inaturalist.org/observations/159678906","http://creativecommons.org/licenses/by-nc/4.0/legalcode","WGS84","4111643198","159678906",NA,NA,NA
"50c9509d-22c7-4a22-a47d-8c48425ef4a7","HUMAN_OBSERVATION","PRESENT","Karsenia koreana",36.194992,127.334605,"ASIA","Chungcheongnam-do",2023,5,5,"cdc,cdround","https://www.inaturalist.org/observations/159679519","http://creativecommons.org/licenses/by-nc/4.0/legalcode","WGS84","4112071183","159679519",NA,NA,NA
"50c9509d-22c7-4a22-a47d-8c48425ef4a7","HUMAN_OBSERVATION","PRESENT","Karsenia koreana",36.194983,127.33463,"ASIA","Chungcheongnam-do",2023,5,5,"cdc,cdround","https://www.inaturalist.org/observations/159679658","http://creativecommons.org/licenses/by-nc/4.0/legalcode","WGS84","4111579192","159679658",NA,NA,NA
"50c9509d-22c7-4a22-a47d-8c48425ef4a7","HUMAN_OBSERVATION","PRESENT","Karsenia koreana",36.19499,127.334616,"ASIA","Chungcheongnam-do",2023,5,5,"cdc,cdround","https://www.inaturalist.org/observations/159679747","http://creativecommons.org/licenses/by-nc/4.0/legalcode","WGS84","4111700152","159679747",NA,NA,NA
"50c9509d-22c7-4a22-a47d-8c48425ef4a7","HUMAN_OBSERVATION","PRESENT","Karsenia koreana",36.194924,127.334804,"ASIA","Chungcheongnam-do",2023,5,5,"cdc,cdround","https://www.inaturalist.org/observations/159680074","http://creativecommons.org/licenses/by-nc/4.0/legalcode","WGS84","4111712171","159680074",NA,NA,NA
"50c9509d-22c7-4a22-a47d-8c48425ef4a7","HUMAN_OBSERVATION","PRESENT","Karsenia koreana",36.194921,127.334748,"ASIA","Chungcheongnam-do",2023,5,5,"cdc,cdround","https://www.inaturalist.org/observations/159680166","http://creativecommons.org/licenses/by-nc/4.0/legalcode","WGS84","4111715146","159680166",NA,NA,NA
"50c9509d-22c7-4a22-a47d-8c48425ef4a7","HUMAN_OBSERVATION","PRESENT","Karsenia koreana",36.194989,127.334627,"ASIA","Chungcheongnam-do",2023,5,5,"cdc,cdround","https://www.inaturalist.org/observations/159680478","http://creativecommons.org/licenses/by-nc/4.0/legalcode","WGS84","4111786243","159680478",NA,NA,NA
"50c9509d-22c7-4a22-a47d-8c48425ef4a7","HUMAN_OBSERVATION","PRESENT","Karsenia koreana",36.195017,127.334552,"ASIA","Chungcheongnam-do",2023,5,5,"cdc,cdround","https://www.inaturalist.org/observations/159680586","http://creativecommons.org/licenses/by-nc/4.0/legalcode","WGS84","4111753218","159680586",NA,NA,NA
"50c9509d-22c7-4a22-a47d-8c48425ef4a7","HUMAN_OBSERVATION","PRESENT","Karsenia koreana",36.195019,127.334551,"ASIA","Chungcheongnam-do",2023,5,4,"cdc,cdround","https://www.inaturalist.org/observations/159680785","http://creativecommons.org/licenses/by-nc/4.0/legalcode","WGS84","4112082165","159680785",NA,NA,NA
"50c9509d-22c7-4a22-a47d-8c48425ef4a7","HUMAN_OBSERVATION","PRESENT","Karsenia koreana",36.195004,127.334623,"ASIA","Chungcheongnam-do",2023,5,4,"cdc,cdround","https://www.inaturalist.org/observations/159680946","http://creativecommons.org/licenses/by-nc/4.0/legalcode","WGS84","4111678203","159680946",NA,NA,NA
"50c9509d-22c7-4a22-a47d-8c48425ef4a7","HUMAN_OBSERVATION","PRESENT","Karsenia koreana",36.195061,127.334606,"ASIA","Chungcheongnam-do",2023,5,4,"cdc,cdround","https://www.inaturalist.org/observations/159681128","http://creativecommons.org/licenses/by-nc/4.0/legalcode","WGS84","4111596155","159681128",NA,NA,NA
"50c9509d-22c7-4a22-a47d-8c48425ef4a7","HUMAN_OBSERVATION","PRESENT","Karsenia koreana",36.194921,127.334721,"ASIA","Chungcheongnam-do",2023,5,5,"cdc,cdround","https://www.inaturalist.org/observations/159782954","http://creativecommons.org/licenses/by-nc/4.0/legalcode","WGS84","4111804275","159782954",NA,NA,NA
"50c9509d-22c7-4a22-a47d-8c48425ef4a7","HUMAN_OBSERVATION","PRESENT","Karsenia koreana",36.194421,127.334209,"ASIA","Chungcheongnam-do",2023,5,5,"cdc,cdround","https://www.inaturalist.org/observations/159784080","http://creativecommons.org/licenses/by-nc/4.0/legalcode","WGS84","4111880305","159784080",NA,NA,NA
"50c9509d-22c7-4a22-a47d-8c48425ef4a7","HUMAN_OBSERVATION","PRESENT","Karsenia koreana",36.194312,127.334114,"ASIA","Chungcheongnam-do",2023,5,5,"cdc,cdround","https://www.inaturalist.org/observations/159784820","http://creativecommons.org/licenses/by-nc/4.0/legalcode","WGS84","4111642254","159784820",NA,NA,NA
"50c9509d-22c7-4a22-a47d-8c48425ef4a7","HUMAN_OBSERVATION","PRESENT","Karsenia koreana",36.194314,127.334104,"ASIA","Chungcheongnam-do",2023,5,5,"cdc,cdround","https://www.inaturalist.org/observations/159784925","http://creativecommons.org/licenses/by-nc/4.0/legalcode","WGS84","4112101247","159784925",NA,NA,NA
"50c9509d-22c7-4a22-a47d-8c48425ef4a7","HUMAN_OBSERVATION","PRESENT","Karsenia koreana",36.19375,127.333742,"ASIA","Chungcheongnam-do",2023,5,5,"cdc,cdround","https://www.inaturalist.org/observations/159786044","http://creativecommons.org/licenses/by-nc/4.0/legalcode","WGS84","4111743299","159786044",NA,NA,NA
"50c9509d-22c7-4a22-a47d-8c48425ef4a7","HUMAN_OBSERVATION","PRESENT","Karsenia koreana",36.195003,127.334625,"ASIA","Chungcheongnam-do",2023,5,5,"cdc,cdround","https://www.inaturalist.org/observations/159798162","http://creativecommons.org/licenses/by-nc/4.0/legalcode","WGS84","4112039319","159798162",NA,NA,NA
"50c9509d-22c7-4a22-a47d-8c48425ef4a7","HUMAN_OBSERVATION","PRESENT","Karsenia koreana",36.194989,127.334641,"ASIA","Chungcheongnam-do",2023,5,5,"cdc,cdround","https://www.inaturalist.org/observations/159798192","http://creativecommons.org/licenses/by-nc/4.0/legalcode","WGS84","4111741267","159798192",NA,NA,NA
"50c9509d-22c7-4a22-a47d-8c48425ef4a7","HUMAN_OBSERVATION","PRESENT","Karsenia koreana",36.194994,127.33464,"ASIA","Chungcheongnam-do",2023,5,5,"cdc,cdround","https://www.inaturalist.org/observations/159798261","http://creativecommons.org/licenses/by-nc/4.0/legalcode","WGS84","4112107280","159798261",NA,NA,NA
"50c9509d-22c7-4a22-a47d-8c48425ef4a7","HUMAN_OBSERVATION","PRESENT","Karsenia koreana",36.195,127.334638,"ASIA","Chungcheongnam-do",2023,5,5,"cdc,cdround","https://www.inaturalist.org/observations/159798346","http://creativecommons.org/licenses/by-nc/4.0/legalcode","WGS84","4112055330","159798346",NA,NA,NA
"50c9509d-22c7-4a22-a47d-8c48425ef4a7","HUMAN_OBSERVATION","PRESENT","Karsenia koreana",36.20181,127.340642,"ASIA","Chungcheongnam-do",2023,5,5,"cdc,cdround","https://www.inaturalist.org/observations/159807187","http://creativecommons.org/licenses/by-nc/4.0/legalcode","WGS84","4111931309","159807187",NA,NA,NA
"50c9509d-22c7-4a22-a47d-8c48425ef4a7","HUMAN_OBSERVATION","PRESENT","Karsenia koreana",36.201763,127.340466,"ASIA","Chungcheongnam-do",2023,5,5,"cdc,cdround","https://www.inaturalist.org/observations/159807314","http://creativecommons.org/licenses/by-nc/4.0/legalcode","WGS84","4111914337","159807314",NA,NA,NA
"50c9509d-22c7-4a22-a47d-8c48425ef4a7","HUMAN_OBSERVATION","PRESENT","Karsenia koreana",36.201796,127.340625,"ASIA","Chungcheongnam-do",2023,5,5,"cdc,cdround","https://www.inaturalist.org/observations/159807383","http://creativecommons.org/licenses/by-nc/4.0/legalcode","WGS84","4111567288","159807383",NA,NA,NA
"50c9509d-22c7-4a22-a47d-8c48425ef4a7","HUMAN_OBSERVATION","PRESENT","Karsenia koreana",36.201811,127.340641,"ASIA","Chungcheongnam-do",2023,5,5,"cdc,cdround","https://www.inaturalist.org/observations/159807464","http://creativecommons.org/licenses/by-nc/4.0/legalcode","WGS84","4112197379","159807464",NA,NA,NA
"50c9509d-22c7-4a22-a47d-8c48425ef4a7","HUMAN_OBSERVATION","PRESENT","Karsenia koreana",36.201801,127.340642,"ASIA","Chungcheongnam-do",2023,5,5,"cdc,cdround","https://www.inaturalist.org/observations/159807626","http://creativecommons.org/licenses/by-nc/4.0/legalcode","WGS84","4111870321","159807626",NA,NA,NA
"50c9509d-22c7-4a22-a47d-8c48425ef4a7","HUMAN_OBSERVATION","PRESENT","Karsenia koreana",36.201803,127.340641,"ASIA","Chungcheongnam-do",2023,5,5,"cdc,cdround","https://www.inaturalist.org/observations/159807755","http://creativecommons.org/licenses/by-nc/4.0/legalcode","WGS84","4112121280","159807755",NA,NA,NA
"50c9509d-22c7-4a22-a47d-8c48425ef4a7","HUMAN_OBSERVATION","PRESENT","Karsenia koreana",36.19504,127.334747,"ASIA","Chungcheongnam-do",2023,5,6,"cdc,cdround","https://www.inaturalist.org/observations/159893979","http://creativecommons.org/licenses/by-nc/4.0/legalcode","WGS84","4111830368","159893979",NA,NA,NA
"50c9509d-22c7-4a22-a47d-8c48425ef4a7","HUMAN_OBSERVATION","PRESENT","Karsenia koreana",36.19504,127.334777,"ASIA","Chungcheongnam-do",2023,5,6,"cdc,cdround","https://www.inaturalist.org/observations/159894095","http://creativecommons.org/licenses/by-nc/4.0/legalcode","WGS84","4112059418","159894095",NA,NA,NA
"50c9509d-22c7-4a22-a47d-8c48425ef4a7","HUMAN_OBSERVATION","PRESENT","Karsenia koreana",36.195071,127.334794,"ASIA","Chungcheongnam-do",2023,5,6,"cdc,cdround","https://www.inaturalist.org/observations/159894373","http://creativecommons.org/licenses/by-nc/4.0/legalcode","WGS84","4111854461","159894373",NA,NA,NA
"50c9509d-22c7-4a22-a47d-8c48425ef4a7","HUMAN_OBSERVATION","PRESENT","Karsenia koreana",36.195026,127.334798,"ASIA","Chungcheongnam-do",2023,5,6,"cdc,cdround","https://www.inaturalist.org/observations/159894833","http://creativecommons.org/licenses/by-nc/4.0/legalcode","WGS84","4111877383","159894833",NA,NA,NA
"50c9509d-22c7-4a22-a47d-8c48425ef4a7","HUMAN_OBSERVATION","PRESENT","Karsenia koreana",36.195007,127.33481,"ASIA","Chungcheongnam-do",2023,5,6,"cdc,cdround","https://www.inaturalist.org/observations/159894913","http://creativecommons.org/licenses/by-nc/4.0/legalcode","WGS84","4111872424","159894913",NA,NA,NA
"50c9509d-22c7-4a22-a47d-8c48425ef4a7","HUMAN_OBSERVATION","PRESENT","Karsenia koreana",36.195017,127.334794,"ASIA","Chungcheongnam-do",2023,5,6,"cdc,cdround","https://www.inaturalist.org/observations/159894968","http://creativecommons.org/licenses/by-nc/4.0/legalcode","WGS84","4111993427","159894968",NA,NA,NA
"50c9509d-22c7-4a22-a47d-8c48425ef4a7","HUMAN_OBSERVATION","PRESENT","Karsenia koreana",36.195062,127.334798,"ASIA","Chungcheongnam-do",2023,5,6,"cdc,cdround","https://www.inaturalist.org/observations/159895142","http://creativecommons.org/licenses/by-nc/4.0/legalcode","WGS84","4112056386","159895142",NA,NA,NA
"50c9509d-22c7-4a22-a47d-8c48425ef4a7","HUMAN_OBSERVATION","PRESENT","Karsenia koreana",36.195057,127.334801,"ASIA","Chungcheongnam-do",2023,5,6,"cdc,cdround","https://www.inaturalist.org/observations/159895219","http://creativecommons.org/licenses/by-nc/4.0/legalcode","WGS84","4111884400","159895219",NA,NA,NA
"50c9509d-22c7-4a22-a47d-8c48425ef4a7","HUMAN_OBSERVATION","PRESENT","Karsenia koreana",36.19505,127.334798,"ASIA","Chungcheongnam-do",2023,5,6,"cdc,cdround","https://www.inaturalist.org/observations/159895349","http://creativecommons.org/licenses/by-nc/4.0/legalcode","WGS84","4112025443","159895349",NA,NA,NA
"50c9509d-22c7-4a22-a47d-8c48425ef4a7","HUMAN_OBSERVATION","PRESENT","Karsenia koreana",36.195052,127.334665,"ASIA","Chungcheongnam-do",2023,5,6,"cdc,cdround","https://www.inaturalist.org/observations/159897530","http://creativecommons.org/licenses/by-nc/4.0/legalcode","WGS84","4112025444","159897530",NA,NA,NA
"50c9509d-22c7-4a22-a47d-8c48425ef4a7","HUMAN_OBSERVATION","PRESENT","Karsenia koreana",36.195049,127.334672,"ASIA","Chungcheongnam-do",2023,5,6,"cdc,cdround","https://www.inaturalist.org/observations/159897639","http://creativecommons.org/licenses/by-nc/4.0/legalcode","WGS84","4111857400","159897639",NA,NA,NA
"50c9509d-22c7-4a22-a47d-8c48425ef4a7","HUMAN_OBSERVATION","PRESENT","Karsenia koreana",36.195039,127.334676,"ASIA","Chungcheongnam-do",2023,5,6,"cdc,cdround","https://www.inaturalist.org/observations/159897814","http://creativecommons.org/licenses/by-nc/4.0/legalcode","WGS84","4111954388","159897814",NA,NA,NA
"50c9509d-22c7-4a22-a47d-8c48425ef4a7","HUMAN_OBSERVATION","PRESENT","Karsenia koreana",36.19503,127.334678,"ASIA","Chungcheongnam-do",2023,5,6,"cdc,cdround","https://www.inaturalist.org/observations/159897878","http://creativecommons.org/licenses/by-nc/4.0/legalcode","WGS84","4111909417","159897878",NA,NA,NA
"50c9509d-22c7-4a22-a47d-8c48425ef4a7","HUMAN_OBSERVATION","PRESENT","Karsenia koreana",36.195039,127.334686,"ASIA","Chungcheongnam-do",2023,5,6,"cdc,cdround","https://www.inaturalist.org/observations/159898062","http://creativecommons.org/licenses/by-nc/4.0/legalcode","WGS84","4111967408","159898062",NA,NA,NA
"50c9509d-22c7-4a22-a47d-8c48425ef4a7","HUMAN_OBSERVATION","PRESENT","Karsenia koreana",36.195027,127.334705,"ASIA","Chungcheongnam-do",2023,5,6,"cdc,cdround","https://www.inaturalist.org/observations/159898238","http://creativecommons.org/licenses/by-nc/4.0/legalcode","WGS84","4111958381","159898238",NA,NA,NA
"50c9509d-22c7-4a22-a47d-8c48425ef4a7","HUMAN_OBSERVATION","PRESENT","Karsenia koreana",36.195017,127.33471,"ASIA","Chungcheongnam-do",2023,5,6,"cdc,cdround","https://www.inaturalist.org/observations/159898370","http://creativecommons.org/licenses/by-nc/4.0/legalcode","WGS84","4112006401","159898370",NA,NA,NA
"50c9509d-22c7-4a22-a47d-8c48425ef4a7","HUMAN_OBSERVATION","PRESENT","Karsenia koreana",36.195017,127.334713,"ASIA","Chungcheongnam-do",2023,5,6,"cdc,cdround","https://www.inaturalist.org/observations/159898477","http://creativecommons.org/licenses/by-nc/4.0/legalcode","WGS84","4111896374","159898477",NA,NA,NA
"50c9509d-22c7-4a22-a47d-8c48425ef4a7","HUMAN_OBSERVATION","PRESENT","Karsenia koreana",36.195021,127.33471,"ASIA","Chungcheongnam-do",2023,5,6,"cdc,cdround","https://www.inaturalist.org/observations/159898604","http://creativecommons.org/licenses/by-nc/4.0/legalcode","WGS84","4112050399","159898604",NA,NA,NA
"50c9509d-22c7-4a22-a47d-8c48425ef4a7","HUMAN_OBSERVATION","PRESENT","Karsenia koreana",36.19497,127.334723,"ASIA","Chungcheongnam-do",2023,5,6,"cdc,cdround","https://www.inaturalist.org/observations/159900460","http://creativecommons.org/licenses/by-nc/4.0/legalcode","WGS84","4111816385","159900460",NA,NA,NA
"50c9509d-22c7-4a22-a47d-8c48425ef4a7","HUMAN_OBSERVATION","PRESENT","Karsenia koreana",36.194984,127.334721,"ASIA","Chungcheongnam-do",2023,5,6,"cdc,cdround","https://www.inaturalist.org/observations/159900572","http://creativecommons.org/licenses/by-nc/4.0/legalcode","WGS84","4112191395","159900572",NA,NA,NA
"50c9509d-22c7-4a22-a47d-8c48425ef4a7","HUMAN_OBSERVATION","PRESENT","Karsenia koreana",36.194998,127.334703,"ASIA","Chungcheongnam-do",2023,5,6,"cdc,cdround","https://www.inaturalist.org/observations/159900752","http://creativecommons.org/licenses/by-nc/4.0/legalcode","WGS84","4112218385","159900752",NA,NA,NA
"50c9509d-22c7-4a22-a47d-8c48425ef4a7","HUMAN_OBSERVATION","PRESENT","Karsenia koreana",36.195001,127.334715,"ASIA","Chungcheongnam-do",2023,5,5,"cdc,cdround","https://www.inaturalist.org/observations/159900852","http://creativecommons.org/licenses/by-nc/4.0/legalcode","WGS84","4111833413","159900852",NA,NA,NA
"50c9509d-22c7-4a22-a47d-8c48425ef4a7","HUMAN_OBSERVATION","PRESENT","Karsenia koreana",36.195166,127.334806,"ASIA","Chungcheongnam-do",2023,5,5,"cdc,cdround","https://www.inaturalist.org/observations/159901109","http://creativecommons.org/licenses/by-nc/4.0/legalcode","WGS84","4112171425","159901109",NA,NA,NA
"50c9509d-22c7-4a22-a47d-8c48425ef4a7","HUMAN_OBSERVATION","PRESENT","Karsenia koreana",36.195052,127.334809,"ASIA","Chungcheongnam-do",2023,5,5,"cdc,cdround","https://www.inaturalist.org/observations/159901295","http://creativecommons.org/licenses/by-nc/4.0/legalcode","WGS84","4111882422","159901295",NA,NA,NA
"50c9509d-22c7-4a22-a47d-8c48425ef4a7","HUMAN_OBSERVATION","PRESENT","Karsenia koreana",36.195069,127.334746,"ASIA","Chungcheongnam-do",2023,5,5,"cdc,cdround","https://www.inaturalist.org/observations/159901408","http://creativecommons.org/licenses/by-nc/4.0/legalcode","WGS84","4111997439","159901408",NA,NA,NA
"50c9509d-22c7-4a22-a47d-8c48425ef4a7","HUMAN_OBSERVATION","PRESENT","Karsenia koreana",36.195052,127.334741,"ASIA","Chungcheongnam-do",2023,5,5,"cdc,cdround","https://www.inaturalist.org/observations/159901569","http://creativecommons.org/licenses/by-nc/4.0/legalcode","WGS84","4112173399","159901569",NA,NA,NA
"50c9509d-22c7-4a22-a47d-8c48425ef4a7","HUMAN_OBSERVATION","PRESENT","Karsenia koreana",36.195027,127.334747,"ASIA","Chungcheongnam-do",2023,5,5,"cdc,cdround","https://www.inaturalist.org/observations/159901695","http://creativecommons.org/licenses/by-nc/4.0/legalcode","WGS84","4111904377","159901695",NA,NA,NA
"50c9509d-22c7-4a22-a47d-8c48425ef4a7","HUMAN_OBSERVATION","PRESENT","Karsenia koreana",36.195013,127.334736,"ASIA","Chungcheongnam-do",2023,5,5,"cdc,cdround","https://www.inaturalist.org/observations/159901875","http://creativecommons.org/licenses/by-nc/4.0/legalcode","WGS84","4111949365","159901875",NA,NA,NA
"50c9509d-22c7-4a22-a47d-8c48425ef4a7","HUMAN_OBSERVATION","PRESENT","Karsenia koreana",36.195033,127.334721,"ASIA","Chungcheongnam-do",2023,5,5,"cdc,cdround","https://www.inaturalist.org/observations/159901981","http://creativecommons.org/licenses/by-nc/4.0/legalcode","WGS84","4111820440","159901981",NA,NA,NA
"50c9509d-22c7-4a22-a47d-8c48425ef4a7","HUMAN_OBSERVATION","PRESENT","Karsenia koreana",36.195041,127.334722,"ASIA","Chungcheongnam-do",2023,5,5,"cdc,cdround","https://www.inaturalist.org/observations/159902056","http://creativecommons.org/licenses/by-nc/4.0/legalcode","WGS84","4112207375","159902056",NA,NA,NA
"50c9509d-22c7-4a22-a47d-8c48425ef4a7","HUMAN_OBSERVATION","PRESENT","Karsenia koreana",36.195045,127.334716,"ASIA","Chungcheongnam-do",2023,5,5,"cdc,cdround","https://www.inaturalist.org/observations/159902172","http://creativecommons.org/licenses/by-nc/4.0/legalcode","WGS84","4111824448","159902172",NA,NA,NA
"50c9509d-22c7-4a22-a47d-8c48425ef4a7","HUMAN_OBSERVATION","PRESENT","Karsenia koreana",36.195046,127.334721,"ASIA","Chungcheongnam-do",2023,5,5,"cdc,cdround","https://www.inaturalist.org/observations/159902311","http://creativecommons.org/licenses/by-nc/4.0/legalcode","WGS84","4111862385","159902311",NA,NA,NA
"50c9509d-22c7-4a22-a47d-8c48425ef4a7","HUMAN_OBSERVATION","PRESENT","Karsenia koreana",36.21872,127.340157,"ASIA","Chungcheongnam-do",2023,5,5,"cdc,cdround","https://www.inaturalist.org/observations/159913939","http://creativecommons.org/licenses/by-nc/4.0/legalcode","WGS84","4111856370","159913939",NA,NA,NA
"50c9509d-22c7-4a22-a47d-8c48425ef4a7","HUMAN_OBSERVATION","PRESENT","Karsenia koreana",36.195014,127.334645,"ASIA","Chungcheongnam-do",2023,6,27,"cdc,cdround","https://www.inaturalist.org/observations/169716820","http://creativecommons.org/licenses/by-nc/4.0/legalcode","WGS84","4138479198","169716820",NA,NA,NA
"50c9509d-22c7-4a22-a47d-8c48425ef4a7","HUMAN_OBSERVATION","PRESENT","Karsenia koreana",36.195015,127.334636,"ASIA","Chungcheongnam-do",2023,6,27,"cdc,cdround","https://www.inaturalist.org/observations/169716834","http://creativecommons.org/licenses/by-nc/4.0/legalcode","WGS84","4138623230","169716834",NA,NA,NA
"50c9509d-22c7-4a22-a47d-8c48425ef4a7","HUMAN_OBSERVATION","PRESENT","Karsenia koreana",36.195006,127.334674,"ASIA","Chungcheongnam-do",2023,6,27,"cdc,cdround","https://www.inaturalist.org/observations/169716852","http://creativecommons.org/licenses/by-nc/4.0/legalcode","WGS84","4138554131","169716852",NA,NA,NA
"50c9509d-22c7-4a22-a47d-8c48425ef4a7","HUMAN_OBSERVATION","PRESENT","Karsenia koreana",36.187417,127.333945,"ASIA","Chungcheongnam-do",2023,8,12,"cdc,cdround","https://www.inaturalist.org/observations/178105691","http://creativecommons.org/licenses/by-nc/4.0/legalcode","WGS84","4177391878","178105691",NA,NA,NA
"50c9509d-22c7-4a22-a47d-8c48425ef4a7","HUMAN_OBSERVATION","PRESENT","Karsenia koreana",36.202544,127.344013,"ASIA","Chungcheongnam-do",2022,7,23,"cdc","https://www.inaturalist.org/observations/127477317","http://creativecommons.org/licenses/by-nc/4.0/legalcode","WGS84","3874063034","127477317",NA,NA,NA
"50c9509d-22c7-4a22-a47d-8c48425ef4a7","HUMAN_OBSERVATION","PRESENT","Karsenia koreana",36.187247,127.333641,"ASIA","Chungcheongnam-do",2022,7,23,"cdc,cdround","https://www.inaturalist.org/observations/127477471","http://creativecommons.org/licenses/by-nc/4.0/legalcode","WGS84","3874001112","127477471",NA,NA,NA
"50c9509d-22c7-4a22-a47d-8c48425ef4a7","HUMAN_OBSERVATION","PRESENT","Karsenia koreana",36.334867,127.204211,"ASIA","Chungcheongnam-do",2022,10,15,"cdc,cdround","https://www.inaturalist.org/observations/138942603","http://creativecommons.org/licenses/by-nc/4.0/legalcode","WGS84","3947600605","138942603",NA,NA,NA
"50c9509d-22c7-4a22-a47d-8c48425ef4a7","HUMAN_OBSERVATION","PRESENT","Karsenia koreana",36.357776,127.351412,"ASIA","Chungcheongnam-do",2022,10,15,"cdc,cdround","https://www.inaturalist.org/observations/138942756","http://creativecommons.org/licenses/by-nc/4.0/legalcode","WGS84","3947363621","138942756",NA,NA,NA
"50c9509d-22c7-4a22-a47d-8c48425ef4a7","HUMAN_OBSERVATION","PRESENT","Karsenia koreana",36.231387,127.251992,"ASIA","Chungcheongnam-do",2022,10,15,"cdc,cdround","https://www.inaturalist.org/observations/138942852","http://creativecommons.org/licenses/by-nc/4.0/legalcode","WGS84","3947355614","138942852",NA,NA,NA
"50c9509d-22c7-4a22-a47d-8c48425ef4a7","HUMAN_OBSERVATION","PRESENT","Karsenia koreana",36.238783,127.374993,"ASIA","Chungcheongnam-do",2022,10,30,"cdc,cdround","https://www.inaturalist.org/observations/140463097","http://creativecommons.org/licenses/by-nc/4.0/legalcode","WGS84","3961480276","140463097",NA,NA,NA
"50c9509d-22c7-4a22-a47d-8c48425ef4a7","HUMAN_OBSERVATION","PRESENT","Karsenia koreana",36.193004,127.332593,"ASIA","Chungcheongnam-do",2019,3,30,"cdc,cdround","https://www.inaturalist.org/observations/21869946","http://creativecommons.org/licenses/by/4.0/legalcode","WGS84","2235521377","21869946",NA,NA,NA
"50c9509d-22c7-4a22-a47d-8c48425ef4a7","HUMAN_OBSERVATION","PRESENT","Karsenia koreana",36.554361,127.586775,"ASIA","Chungcheongbuk-do",2019,4,27,"cdc,cdround","https://www.inaturalist.org/observations/23359194","http://creativecommons.org/licenses/by/4.0/legalcode","WGS84","2238848345","23359194",NA,NA,NA
"50c9509d-22c7-4a22-a47d-8c48425ef4a7","HUMAN_OBSERVATION","PRESENT","Karsenia koreana",36.191627,127.331652,"ASIA","Chungcheongnam-do",2019,5,4,"cdc,cdround","https://www.inaturalist.org/observations/24497578","http://creativecommons.org/licenses/by-nc/4.0/legalcode","WGS84","2244215195","24497578",NA,NA,NA
"50c9509d-22c7-4a22-a47d-8c48425ef4a7","HUMAN_OBSERVATION","PRESENT","Karsenia koreana",36.200832,127.337502,"ASIA","Chungcheongnam-do",2019,5,4,"cdc,cdround","https://www.inaturalist.org/observations/25100781","http://creativecommons.org/licenses/by-nc/4.0/legalcode","WGS84","2242984809","25100781",NA,NA,NA
"50c9509d-22c7-4a22-a47d-8c48425ef4a7","HUMAN_OBSERVATION","PRESENT","Karsenia koreana",35.788202,128.074907,"ASIA","Gyeongsangnam-do",2019,7,29,"cdc,cdround","https://www.inaturalist.org/observations/29772957","http://creativecommons.org/licenses/by/4.0/legalcode","WGS84","2311371210","29772957",NA,NA,NA
"50c9509d-22c7-4a22-a47d-8c48425ef4a7","HUMAN_OBSERVATION","PRESENT","Karsenia koreana",35.795724,128.084117,"ASIA","Gyeongsangnam-do",2019,7,30,"cdc,cdround","https://www.inaturalist.org/observations/29820566","http://creativecommons.org/licenses/by/4.0/legalcode","WGS84","2311385227","29820566",NA,NA,NA
"50c9509d-22c7-4a22-a47d-8c48425ef4a7","HUMAN_OBSERVATION","PRESENT","Karsenia koreana",35.685443,127.76382,"ASIA","Gyeongsangnam-do",2019,7,31,"cdc,cdround","https://www.inaturalist.org/observations/29919946","http://creativecommons.org/licenses/by/4.0/legalcode","WGS84","2311409167","29919946",NA,NA,NA
"50c9509d-22c7-4a22-a47d-8c48425ef4a7","HUMAN_OBSERVATION","PRESENT","Karsenia koreana",35.685418,127.763873,"ASIA","Gyeongsangnam-do",2019,7,31,"cdc,cdround","https://www.inaturalist.org/observations/29919948","http://creativecommons.org/licenses/by/4.0/legalcode","WGS84","2311410836","29919948",NA,NA,NA
"50c9509d-22c7-4a22-a47d-8c48425ef4a7","HUMAN_OBSERVATION","PRESENT","Karsenia koreana",35.68779,127.764288,"ASIA","Gyeongsangnam-do",2019,7,31,"cdc,cdround","https://www.inaturalist.org/observations/29919975","http://creativecommons.org/licenses/by/4.0/legalcode","WGS84","2311409293","29919975",NA,NA,NA
"50c9509d-22c7-4a22-a47d-8c48425ef4a7","HUMAN_OBSERVATION","PRESENT","Karsenia koreana",35.805352,128.107597,"ASIA","Gyeongsangbuk-do",2019,7,30,"cdc,cdround","https://www.inaturalist.org/observations/29976733","http://creativecommons.org/licenses/by/4.0/legalcode","WGS84","2311421302","29976733",NA,NA,NA
"50c9509d-22c7-4a22-a47d-8c48425ef4a7","HUMAN_OBSERVATION","PRESENT","Karsenia koreana",35.788007,128.075045,"ASIA","Gyeongsangnam-do",2019,7,30,"cdc,cdround","https://www.inaturalist.org/observations/29976737","http://creativecommons.org/licenses/by/4.0/legalcode","WGS84","2311424795","29976737",NA,NA,NA
"50c9509d-22c7-4a22-a47d-8c48425ef4a7","HUMAN_OBSERVATION","PRESENT","Karsenia koreana",35.791985,128.087771,"ASIA","Gyeongsangnam-do",2019,7,30,"cdc,cdround","https://www.inaturalist.org/observations/29976746","http://creativecommons.org/licenses/by/4.0/legalcode","WGS84","2311422907","29976746",NA,NA,NA
"50c9509d-22c7-4a22-a47d-8c48425ef4a7","HUMAN_OBSERVATION","PRESENT","Karsenia koreana",35.685326,127.76393,"ASIA","Gyeongsangnam-do",2019,7,31,"cdc,cdround","https://www.inaturalist.org/observations/30020923","http://creativecommons.org/licenses/by/4.0/legalcode","WGS84","2331853685","30020923",NA,NA,NA
"50c9509d-22c7-4a22-a47d-8c48425ef4a7","HUMAN_OBSERVATION","PRESENT","Karsenia koreana",36.258987,127.966988,"ASIA","Gyeongsangbuk-do",2019,8,4,"cdc,cdround","https://www.inaturalist.org/observations/30176332","http://creativecommons.org/licenses/by/4.0/legalcode","WGS84","2366032296","30176332",NA,NA,NA
"50c9509d-22c7-4a22-a47d-8c48425ef4a7","HUMAN_OBSERVATION","PRESENT","Karsenia koreana",36.191038,127.333173,"ASIA","Chungcheongnam-do",2018,9,22,"cdc,cdround","https://www.inaturalist.org/observations/16784045","http://creativecommons.org/licenses/by-nc/4.0/legalcode","WGS84","1914207897","16784045",NA,NA,NA
"50c9509d-22c7-4a22-a47d-8c48425ef4a7","HUMAN_OBSERVATION","PRESENT","Karsenia koreana",36.189357,127.333503,"ASIA","Chungcheongnam-do",2018,9,29,"cdc,cdround","https://www.inaturalist.org/observations/17153813","http://creativecommons.org/licenses/by-nc/4.0/legalcode","WGS84","1946201981","17153813",NA,NA,NA
"50c9509d-22c7-4a22-a47d-8c48425ef4a7","HUMAN_OBSERVATION","PRESENT","Karsenia koreana",36.191111,127.333053,"ASIA","Chungcheongnam-do",2018,9,29,"cdc,cdround","https://www.inaturalist.org/observations/17153818","http://creativecommons.org/licenses/by-nc/4.0/legalcode","WGS84","1946201977","17153818",NA,NA,NA
"50c9509d-22c7-4a22-a47d-8c48425ef4a7","HUMAN_OBSERVATION","PRESENT","Karsenia koreana",36.194719,127.334167,"ASIA","Chungcheongnam-do",2018,9,29,"cdc,cdround","https://www.inaturalist.org/observations/17153819","http://creativecommons.org/licenses/by-nc/4.0/legalcode","WGS84","1946201978","17153819",NA,NA,NA
"50c9509d-22c7-4a22-a47d-8c48425ef4a7","HUMAN_OBSERVATION","PRESENT","Karsenia koreana",36.217224,127.340553,"ASIA","Chungcheongnam-do",2018,10,4,"cdc,cdround","https://www.inaturalist.org/observations/17284268","http://creativecommons.org/licenses/by-nc/4.0/legalcode","WGS84","1946202213","17284268",NA,NA,NA
"50c9509d-22c7-4a22-a47d-8c48425ef4a7","HUMAN_OBSERVATION","PRESENT","Karsenia koreana",36.221943,127.339722,"ASIA","Chungcheongnam-do",2018,10,4,"cdc,cdround","https://www.inaturalist.org/observations/17284283","http://creativecommons.org/licenses/by-nc/4.0/legalcode","WGS84","1946202214","17284283",NA,NA,NA
"50c9509d-22c7-4a22-a47d-8c48425ef4a7","HUMAN_OBSERVATION","PRESENT","Karsenia koreana",36.201668,127.337502,"ASIA","Chungcheongnam-do",2018,10,4,"cdc,cdround","https://www.inaturalist.org/observations/17284420","http://creativecommons.org/licenses/by-nc/4.0/legalcode","WGS84","1946202215","17284420",NA,NA,NA
"50c9509d-22c7-4a22-a47d-8c48425ef4a7","HUMAN_OBSERVATION","PRESENT","Karsenia koreana",36.220129,127.339365,"ASIA","Chungcheongnam-do",2018,10,10,"cdc,cdround","https://www.inaturalist.org/observations/17375133","http://creativecommons.org/licenses/by-nc/4.0/legalcode","WGS84","1946203939","17375133",NA,NA,NA
"50c9509d-22c7-4a22-a47d-8c48425ef4a7","HUMAN_OBSERVATION","PRESENT","Karsenia koreana",36.215841,127.337314,"ASIA","Chungcheongnam-do",2018,10,10,"cdc,cdround","https://www.inaturalist.org/observations/186490665","http://creativecommons.org/licenses/by-nc/4.0/legalcode","WGS84","4424219135","186490665",NA,NA,NA
"50c9509d-22c7-4a22-a47d-8c48425ef4a7","HUMAN_OBSERVATION","PRESENT","Karsenia koreana",36.3375,127.276667,"ASIA","Daejeon",2018,10,13,"cdc,cdround","https://www.inaturalist.org/observations/27553454","http://creativecommons.org/licenses/by-nc/4.0/legalcode","WGS84","2273271003","27553454",NA,NA,NA
"50c9509d-22c7-4a22-a47d-8c48425ef4a7","HUMAN_OBSERVATION","PRESENT","Karsenia koreana",36.203954,127.345957,"ASIA","Chungcheongnam-do",2017,4,15,"cdc","https://www.inaturalist.org/observations/5716460","http://creativecommons.org/licenses/by/4.0/legalcode","WGS84","1500236583","5716460",NA,NA,NA
"50c9509d-22c7-4a22-a47d-8c48425ef4a7","HUMAN_OBSERVATION","PRESENT","Karsenia koreana",36.203027,127.346064,"ASIA","Chungcheongnam-do",2017,4,15,"cdc","https://www.inaturalist.org/observations/5716516","http://creativecommons.org/licenses/by/4.0/legalcode","WGS84","1802617596","5716516",NA,NA,NA
"50c9509d-22c7-4a22-a47d-8c48425ef4a7","HUMAN_OBSERVATION","PRESENT","Karsenia koreana",36.186724,127.333072,"ASIA","Chungcheongnam-do",2017,4,21,"cdc","https://www.inaturalist.org/observations/5889901","http://creativecommons.org/licenses/by/4.0/legalcode","WGS84","1802618312","5889901",NA,NA,NA
"50c9509d-22c7-4a22-a47d-8c48425ef4a7","HUMAN_OBSERVATION","PRESENT","Karsenia koreana",36.202348,127.343795,"ASIA","Chungcheongnam-do",2017,4,22,"cdc","https://www.inaturalist.org/observations/5903600","http://creativecommons.org/licenses/by/4.0/legalcode","WGS84","1500296820","5903600",NA,NA,NA
"50c9509d-22c7-4a22-a47d-8c48425ef4a7","HUMAN_OBSERVATION","PRESENT","Karsenia koreana",36.202694,127.344052,"ASIA","Chungcheongnam-do",2017,4,22,"cdc","https://www.inaturalist.org/observations/5903602","http://creativecommons.org/licenses/by/4.0/legalcode","WGS84","1500296808","5903602",NA,NA,NA
"50c9509d-22c7-4a22-a47d-8c48425ef4a7","HUMAN_OBSERVATION","PRESENT","Karsenia koreana",36.631289,127.731165,"ASIA","Chungcheongbuk-do",2017,5,1,"cdc,cdround","https://www.inaturalist.org/observations/199770617","http://creativecommons.org/licenses/by-nc/4.0/legalcode","WGS84","4525245082","199770617",NA,NA,NA
"50c9509d-22c7-4a22-a47d-8c48425ef4a7","HUMAN_OBSERVATION","PRESENT","Karsenia koreana",35.869425,127.283708,"ASIA","Jeollabuk-do",2017,5,4,"cdc","https://www.inaturalist.org/observations/6087485","http://creativecommons.org/licenses/by/4.0/legalcode","WGS84","1562894136","6087485",NA,NA,NA
"50c9509d-22c7-4a22-a47d-8c48425ef4a7","HUMAN_OBSERVATION","PRESENT","Karsenia koreana",36.201858,127.343614,"ASIA","Chungcheongnam-do",2017,6,3,"cdc,cdround","https://www.inaturalist.org/observations/21822686","http://creativecommons.org/licenses/by/4.0/legalcode","WGS84","2235509865","21822686",NA,NA,NA
"50c9509d-22c7-4a22-a47d-8c48425ef4a7","HUMAN_OBSERVATION","PRESENT","Karsenia koreana",36.200833,127.337222,"ASIA","Chungcheongnam-do",2017,8,22,"cdc,cdround","https://www.inaturalist.org/observations/7645562","http://creativecommons.org/licenses/by-nc/4.0/legalcode","WGS84","1640050801","7645562",NA,NA,NA
"50c9509d-22c7-4a22-a47d-8c48425ef4a7","HUMAN_OBSERVATION","PRESENT","Karsenia koreana",36.194444,127.334167,"ASIA","Chungcheongnam-do",2017,8,22,"cdc,cdround","https://www.inaturalist.org/observations/7645563","http://creativecommons.org/licenses/by-nc/4.0/legalcode","WGS84","1640050691","7645563",NA,NA,NA
"50c9509d-22c7-4a22-a47d-8c48425ef4a7","HUMAN_OBSERVATION","PRESENT","Karsenia koreana",36.193203,127.339911,"ASIA","Chungcheongnam-do",2017,9,26,"cdc,cdround","https://www.inaturalist.org/observations/8586165","http://creativecommons.org/licenses/by/4.0/legalcode","WGS84","1699372976","8586165",NA,NA,NA
"50c9509d-22c7-4a22-a47d-8c48425ef4a7","HUMAN_OBSERVATION","PRESENT","Karsenia koreana",36.186659,127.333753,"ASIA","Chungcheongnam-do",2017,10,21,"cdc","https://www.inaturalist.org/observations/8778620","http://creativecommons.org/licenses/by/4.0/legalcode","WGS84","1703153972","8778620",NA,NA,NA
"50c9509d-22c7-4a22-a47d-8c48425ef4a7","HUMAN_OBSERVATION","PRESENT","Karsenia koreana",36.10125,127.201263,"ASIA","Chungcheongnam-do",2016,3,19,"cdc","https://www.inaturalist.org/observations/2806209","http://creativecommons.org/licenses/by/4.0/legalcode","WGS84","1272078654","2806209",NA,NA,NA
"50c9509d-22c7-4a22-a47d-8c48425ef4a7","HUMAN_OBSERVATION","PRESENT","Karsenia koreana",36.196599,127.340941,"ASIA","Chungcheongnam-do",2016,5,13,"cdc","https://www.inaturalist.org/observations/3170904","http://creativecommons.org/licenses/by/4.0/legalcode","WGS84","1272080834","3170904",NA,NA,NA
"50c9509d-22c7-4a22-a47d-8c48425ef4a7","HUMAN_OBSERVATION","PRESENT","Karsenia koreana",36.055279,127.278336,"ASIA","Jeollabuk-do",2016,5,22,"cdc,cdround","https://www.inaturalist.org/observations/3263233","http://creativecommons.org/licenses/by-nc/4.0/legalcode","WGS84","1315049083","3263233",NA,NA,NA
"50c9509d-22c7-4a22-a47d-8c48425ef4a7","HUMAN_OBSERVATION","PRESENT","Karsenia koreana",36.199343,127.344707,"ASIA","Chungcheongnam-do",2016,9,10,"cdc","https://www.inaturalist.org/observations/4077115","http://creativecommons.org/licenses/by/4.0/legalcode","WGS84","1315057484","4077115",NA,NA,NA
"50c9509d-22c7-4a22-a47d-8c48425ef4a7","HUMAN_OBSERVATION","PRESENT","Karsenia koreana",36.201763,127.343328,"ASIA","Chungcheongnam-do",2016,10,1,"cdc","https://www.inaturalist.org/observations/4243890","http://creativecommons.org/licenses/by/4.0/legalcode","WGS84","1847630586","4243890",NA,NA,NA
"50c9509d-22c7-4a22-a47d-8c48425ef4a7","HUMAN_OBSERVATION","PRESENT","Karsenia koreana",36.220656,127.329859,"ASIA","Daejeon",2016,10,1,"cdc","https://www.inaturalist.org/observations/4243901","http://creativecommons.org/licenses/by/4.0/legalcode","WGS84","1839275231","4243901",NA,NA,NA
"50c9509d-22c7-4a22-a47d-8c48425ef4a7","HUMAN_OBSERVATION","PRESENT","Karsenia koreana",36.201586,127.343323,"ASIA","Chungcheongnam-do",2016,10,8,"cdc","https://www.inaturalist.org/observations/4303902","http://creativecommons.org/licenses/by/4.0/legalcode","WGS84","1453128637","4303902",NA,NA,NA
"50c9509d-22c7-4a22-a47d-8c48425ef4a7","HUMAN_OBSERVATION","PRESENT","Karsenia koreana",36.186156,127.333624,"ASIA","Chungcheongnam-do",2016,10,8,"cdc","https://www.inaturalist.org/observations/4303909","http://creativecommons.org/licenses/by/4.0/legalcode","WGS84","1453128669","4303909",NA,NA,NA
"50c9509d-22c7-4a22-a47d-8c48425ef4a7","HUMAN_OBSERVATION","PRESENT","Karsenia koreana",36.185636,127.333238,"ASIA","Chungcheongnam-do",2016,10,8,"cdc","https://www.inaturalist.org/observations/4303910","http://creativecommons.org/licenses/by/4.0/legalcode","WGS84","1453128678","4303910",NA,NA,NA
"50c9509d-22c7-4a22-a47d-8c48425ef4a7","HUMAN_OBSERVATION","PRESENT","Karsenia koreana",36.202095,127.343637,"ASIA","Chungcheongnam-do",2016,10,8,"cdc,cdround","https://www.inaturalist.org/observations/4304422","http://creativecommons.org/licenses/by-nc/4.0/legalcode","WGS84","1993776102","4304422",NA,NA,NA
"50c9509d-22c7-4a22-a47d-8c48425ef4a7","HUMAN_OBSERVATION","PRESENT","Karsenia koreana",36.201349,127.343377,"ASIA","Chungcheongnam-do",2016,10,8,"cdc,cdround","https://www.inaturalist.org/observations/4304603","http://creativecommons.org/licenses/by-nc/4.0/legalcode","WGS84","1993776107","4304603",NA,NA,NA
"50c9509d-22c7-4a22-a47d-8c48425ef4a7","HUMAN_OBSERVATION","PRESENT","Karsenia koreana",36.202142,127.343688,"ASIA","Chungcheongnam-do",2016,10,8,"cdc,cdround","https://www.inaturalist.org/observations/4310025","http://creativecommons.org/licenses/by-nc/4.0/legalcode","WGS84","1993776111","4310025",NA,NA,NA
"50c9509d-22c7-4a22-a47d-8c48425ef4a7","HUMAN_OBSERVATION","PRESENT","Karsenia koreana",36.202458,127.344053,"ASIA","Chungcheongnam-do",2016,10,8,"cdc,cdround","https://www.inaturalist.org/observations/4313214","http://creativecommons.org/licenses/by-nc/4.0/legalcode","WGS84","1993776118","4313214",NA,NA,NA
"50c9509d-22c7-4a22-a47d-8c48425ef4a7","HUMAN_OBSERVATION","PRESENT","Karsenia koreana",36.188887,127.334,"ASIA","Chungcheongnam-do",2016,10,8,"cdc,cdround","https://www.inaturalist.org/observations/4323490","http://creativecommons.org/licenses/by-nc/4.0/legalcode","WGS84","1993776129","4323490",NA,NA,NA
"50c9509d-22c7-4a22-a47d-8c48425ef4a7","HUMAN_OBSERVATION","PRESENT","Karsenia koreana",36.188563,127.333953,"ASIA","Chungcheongnam-do",2016,10,8,"cdc,cdround","https://www.inaturalist.org/observations/4323491","http://creativecommons.org/licenses/by-nc/4.0/legalcode","WGS84","1993776128","4323491",NA,NA,NA
"50c9509d-22c7-4a22-a47d-8c48425ef4a7","HUMAN_OBSERVATION","PRESENT","Karsenia koreana",36.199369,127.342916,"ASIA","Chungcheongnam-do",2015,4,26,"cdc","https://www.inaturalist.org/observations/4750802","http://creativecommons.org/licenses/by/4.0/legalcode","WGS84","1839275442","4750802",NA,NA,NA
"50c9509d-22c7-4a22-a47d-8c48425ef4a7","HUMAN_OBSERVATION","PRESENT","Karsenia koreana",36.198469,127.345662,"ASIA","Chungcheongnam-do",2015,4,26,"cdc","https://www.inaturalist.org/observations/4750803","http://creativecommons.org/licenses/by/4.0/legalcode","WGS84","1847631397","4750803",NA,NA,NA
"50c9509d-22c7-4a22-a47d-8c48425ef4a7","HUMAN_OBSERVATION","PRESENT","Karsenia koreana",36.200062,127.288671,"ASIA","Chungcheongnam-do",2015,5,17,"cdc","https://www.inaturalist.org/observations/4750919","http://creativecommons.org/licenses/by/4.0/legalcode","WGS84","1839275444","4750919",NA,NA,NA
"50c9509d-22c7-4a22-a47d-8c48425ef4a7","HUMAN_OBSERVATION","PRESENT","Karsenia koreana",35.872742,127.285924,"ASIA","Jeollabuk-do",2015,6,7,"cdc","https://www.inaturalist.org/observations/3681124","http://creativecommons.org/licenses/by/4.0/legalcode","WGS84","1291126592","3681124",NA,NA,NA
"50c9509d-22c7-4a22-a47d-8c48425ef4a7","HUMAN_OBSERVATION","PRESENT","Karsenia koreana",35.929603,127.244118,"ASIA","Jeollabuk-do",2015,8,8,"cdc,cdround","https://www.inaturalist.org/observations/16183282","http://creativecommons.org/licenses/by-nc/4.0/legalcode","WGS84","1914197391","16183282",NA,NA,NA
"50c9509d-22c7-4a22-a47d-8c48425ef4a7","HUMAN_OBSERVATION","PRESENT","Karsenia koreana",36.065058,127.284079,"ASIA","Jeollabuk-do",2015,8,9,"cdc","https://www.inaturalist.org/observations/2096597","http://creativecommons.org/licenses/by/4.0/legalcode","WGS84","1272076714","2096597",NA,NA,NA
"50c9509d-22c7-4a22-a47d-8c48425ef4a7","HUMAN_OBSERVATION","PRESENT","Karsenia koreana",36.364252,127.187004,"ASIA","Chungcheongnam-do",2015,9,22,"cdc","https://www.inaturalist.org/observations/1972081","http://creativecommons.org/licenses/by/4.0/legalcode","WGS84","1272076524","1972081",NA,NA,NA
"50c9509d-22c7-4a22-a47d-8c48425ef4a7","HUMAN_OBSERVATION","PRESENT","Karsenia koreana",36.189845,127.333045,"ASIA","Chungcheongnam-do",2015,11,14,"cdc","https://www.inaturalist.org/observations/2379808","http://creativecommons.org/licenses/by/4.0/legalcode","WGS84","1211998422","2379808",NA,NA,NA
"50c9509d-22c7-4a22-a47d-8c48425ef4a7","HUMAN_OBSERVATION","PRESENT","Karsenia koreana",36.200426,127.343752,"ASIA","Chungcheongnam-do",2014,5,17,"cdc","https://www.inaturalist.org/observations/4675016","http://creativecommons.org/licenses/by/4.0/legalcode","WGS84","1847631326","4675016",NA,NA,NA
"50c9509d-22c7-4a22-a47d-8c48425ef4a7","HUMAN_OBSERVATION","PRESENT","Karsenia koreana",36.435597,127.468014,"ASIA","Chungcheongbuk-do",2014,7,13,"cdc","https://www.inaturalist.org/observations/780916","http://creativecommons.org/licenses/by/4.0/legalcode","WGS84","1065579436","780916",NA,NA,NA
"50c9509d-22c7-4a22-a47d-8c48425ef4a7","HUMAN_OBSERVATION","PRESENT","Karsenia koreana",36.370334,127.193184,"ASIA","Chungcheongnam-do",2014,8,14,"cdc","https://www.inaturalist.org/observations/1200524","http://creativecommons.org/licenses/by/4.0/legalcode","WGS84","1272073129","1200524",NA,NA,NA
"50c9509d-22c7-4a22-a47d-8c48425ef4a7","HUMAN_OBSERVATION","PRESENT","Karsenia koreana",36.20769,127.344503,"ASIA","Chungcheongnam-do",2014,9,20,"cdc","https://www.inaturalist.org/observations/1198474","http://creativecommons.org/licenses/by/4.0/legalcode","WGS84","1065599279","1198474",NA,NA,NA
"50c9509d-22c7-4a22-a47d-8c48425ef4a7","HUMAN_OBSERVATION","PRESENT","Karsenia koreana",36.643983,127.786789,"ASIA","Chungcheongbuk-do",2014,10,3,"cdc","https://www.inaturalist.org/observations/1198472","http://creativecommons.org/licenses/by/4.0/legalcode","WGS84","1065599295","1198472",NA,NA,NA
"50c9509d-22c7-4a22-a47d-8c48425ef4a7","HUMAN_OBSERVATION","PRESENT","Karsenia koreana",36.394584,127.203816,"ASIA","Chungcheongnam-do",2013,5,15,"cdc","https://www.inaturalist.org/observations/4638996","http://creativecommons.org/licenses/by/4.0/legalcode","WGS84","1453243197","4638996",NA,NA,NA
"50c9509d-22c7-4a22-a47d-8c48425ef4a7","HUMAN_OBSERVATION","PRESENT","Karsenia koreana",36.374476,127.195458,"ASIA","Chungcheongnam-do",2013,5,15,"cdc","https://www.inaturalist.org/observations/4639016","http://creativecommons.org/licenses/by/4.0/legalcode","WGS84","1453243226","4639016",NA,NA,NA
"50c9509d-22c7-4a22-a47d-8c48425ef4a7","HUMAN_OBSERVATION","PRESENT","Karsenia koreana",36.373293,127.192122,"ASIA","Chungcheongnam-do",2013,5,18,"cdc","https://www.inaturalist.org/observations/4639023","http://creativecommons.org/licenses/by/4.0/legalcode","WGS84","1839275410","4639023",NA,NA,NA
"50c9509d-22c7-4a22-a47d-8c48425ef4a7","HUMAN_OBSERVATION","PRESENT","Karsenia koreana",36.265657,127.399178,"ASIA","Daejeon",2013,6,1,"cdc","https://www.inaturalist.org/observations/355301","http://creativecommons.org/licenses/by-nc/4.0/legalcode","WGS84","891026667","355301",NA,NA,NA
"50c9509d-22c7-4a22-a47d-8c48425ef4a7","HUMAN_OBSERVATION","PRESENT","Karsenia koreana",36.196417,127.342561,"ASIA","Chungcheongnam-do",2013,6,1,"cdc","https://www.inaturalist.org/observations/4639079","http://creativecommons.org/licenses/by/4.0/legalcode","WGS84","1453243159","4639079",NA,NA,NA
"50c9509d-22c7-4a22-a47d-8c48425ef4a7","HUMAN_OBSERVATION","PRESENT","Karsenia koreana",36.196538,127.343055,"ASIA","Chungcheongnam-do",2013,6,1,"cdc","https://www.inaturalist.org/observations/4639087","http://creativecommons.org/licenses/by/4.0/legalcode","WGS84","1453243275","4639087",NA,NA,NA
"50c9509d-22c7-4a22-a47d-8c48425ef4a7","HUMAN_OBSERVATION","PRESENT","Karsenia koreana",36.345273,127.219791,"ASIA","Chungcheongnam-do",2013,7,13,"cdc","https://www.inaturalist.org/observations/335081","http://creativecommons.org/licenses/by/4.0/legalcode","WGS84","1272084206","335081",NA,NA,NA
"50c9509d-22c7-4a22-a47d-8c48425ef4a7","HUMAN_OBSERVATION","PRESENT","Karsenia koreana",36.401251,127.200136,"ASIA","Chungcheongnam-do",2013,7,27,"cdc","https://www.inaturalist.org/observations/348867","http://creativecommons.org/licenses/by/4.0/legalcode","WGS84","1272116969","348867",NA,NA,NA
"50c9509d-22c7-4a22-a47d-8c48425ef4a7","HUMAN_OBSERVATION","PRESENT","Karsenia koreana",36.3742,127.192283,"ASIA","Chungcheongnam-do",2013,7,13,"cdc","https://www.inaturalist.org/observations/4639329","http://creativecommons.org/licenses/by/4.0/legalcode","WGS84","1453243220","4639329",NA,NA,NA
"50c9509d-22c7-4a22-a47d-8c48425ef4a7","HUMAN_OBSERVATION","PRESENT","Karsenia koreana",36.334752,127.272105,"ASIA","Daejeon",2013,9,18,"cdc","https://www.inaturalist.org/observations/401949","http://creativecommons.org/licenses/by/4.0/legalcode","WGS84","1272117048","401949",NA,NA,NA
"50c9509d-22c7-4a22-a47d-8c48425ef4a7","HUMAN_OBSERVATION","PRESENT","Karsenia koreana",36.288563,127.932358,"ASIA","Gyeongsangbuk-do",2012,4,24,"cdc,cdround","https://www.inaturalist.org/observations/74407","http://creativecommons.org/licenses/by/4.0/legalcode","WGS84","1272118036","74407",NA,NA,NA
"50c9509d-22c7-4a22-a47d-8c48425ef4a7","HUMAN_OBSERVATION","PRESENT","Karsenia koreana",36.371539,127.540283,"ASIA","Chungcheongbuk-do",2012,4,25,"cdc,cdround","https://www.inaturalist.org/observations/74408","http://creativecommons.org/licenses/by/4.0/legalcode","WGS84","891020007","74408",NA,NA,NA
"50c9509d-22c7-4a22-a47d-8c48425ef4a7","HUMAN_OBSERVATION","PRESENT","Karsenia koreana",36.343925,127.224212,"ASIA","Chungcheongnam-do",2012,5,19,"cdc","https://www.inaturalist.org/observations/4633862","http://creativecommons.org/licenses/by/4.0/legalcode","WGS84","1847631254","4633862",NA,NA,NA
"50c9509d-22c7-4a22-a47d-8c48425ef4a7","HUMAN_OBSERVATION","PRESENT","Karsenia koreana",36.341021,127.22301,"ASIA","Chungcheongnam-do",2012,5,19,"cdc","https://www.inaturalist.org/observations/4633863","http://creativecommons.org/licenses/by/4.0/legalcode","WGS84","1839275397","4633863",NA,NA,NA
"50c9509d-22c7-4a22-a47d-8c48425ef4a7","HUMAN_OBSERVATION","PRESENT","Karsenia koreana",36.345999,127.216401,"ASIA","Chungcheongnam-do",2012,5,19,"cdc","https://www.inaturalist.org/observations/4633864","http://creativecommons.org/licenses/by/4.0/legalcode","WGS84","1839275398","4633864",NA,NA,NA
"50c9509d-22c7-4a22-a47d-8c48425ef4a7","HUMAN_OBSERVATION","PRESENT","Karsenia koreana",36.381352,127.27541,"ASIA","Daejeon",2012,5,9,"cdc,cdround","https://www.inaturalist.org/observations/77860","http://creativecommons.org/licenses/by/4.0/legalcode","WGS84","1272118121","77860",NA,NA,NA
"50c9509d-22c7-4a22-a47d-8c48425ef4a7","HUMAN_OBSERVATION","PRESENT","Karsenia koreana",36.657334,127.689543,"ASIA","Chungcheongbuk-do",2012,5,31,"cdc,cdround","https://www.inaturalist.org/observations/91003","http://creativecommons.org/licenses/by/4.0/legalcode","WGS84","1272118757","91003",NA,NA,NA
"50c9509d-22c7-4a22-a47d-8c48425ef4a7","HUMAN_OBSERVATION","PRESENT","Karsenia koreana",36.200863,127.343279,"ASIA","Chungcheongnam-do",2012,6,23,"cdc,cdround","https://www.inaturalist.org/observations/17449390","http://creativecommons.org/licenses/by-nc/4.0/legalcode","WGS84","1931487854","17449390",NA,NA,NA
"50c9509d-22c7-4a22-a47d-8c48425ef4a7","HUMAN_OBSERVATION","PRESENT","Karsenia koreana",36.338947,127.193313,"ASIA","Chungcheongnam-do",2012,6,20,"cdc","https://www.inaturalist.org/observations/4636449","http://creativecommons.org/licenses/by/4.0/legalcode","WGS84","1839275400","4636449",NA,NA,NA
"50c9509d-22c7-4a22-a47d-8c48425ef4a7","HUMAN_OBSERVATION","PRESENT","Karsenia koreana",36.342058,127.198291,"ASIA","Chungcheongnam-do",2012,6,20,"cdc","https://www.inaturalist.org/observations/4636452","http://creativecommons.org/licenses/by/4.0/legalcode","WGS84","1839275401","4636452",NA,NA,NA
"50c9509d-22c7-4a22-a47d-8c48425ef4a7","HUMAN_OBSERVATION","PRESENT","Karsenia koreana",36.196231,127.341526,"ASIA","Chungcheongnam-do",2012,6,28,"cdc","https://www.inaturalist.org/observations/4636540","http://creativecommons.org/licenses/by/4.0/legalcode","WGS84","1847631262","4636540",NA,NA,NA
"50c9509d-22c7-4a22-a47d-8c48425ef4a7","HUMAN_OBSERVATION","PRESENT","Karsenia koreana",36.195413,127.342004,"ASIA","Chungcheongnam-do",2012,6,28,"cdc","https://www.inaturalist.org/observations/4636544","http://creativecommons.org/licenses/by/4.0/legalcode","WGS84","1847631263","4636544",NA,NA,NA
"50c9509d-22c7-4a22-a47d-8c48425ef4a7","HUMAN_OBSERVATION","PRESENT","Karsenia koreana",35.675566,128.058529,"ASIA","Gyeongsangnam-do",2012,6,6,"cdc,cdround","https://www.inaturalist.org/observations/90994","http://creativecommons.org/licenses/by/4.0/legalcode","WGS84","1272118756","90994",NA,NA,NA
"50c9509d-22c7-4a22-a47d-8c48425ef4a7","HUMAN_OBSERVATION","PRESENT","Karsenia koreana",35.800412,128.100929,"ASIA","Gyeongsangnam-do",2012,6,6,"cdc,cdround","https://www.inaturalist.org/observations/91006","http://creativecommons.org/licenses/by/4.0/legalcode","WGS84","1144286878","91006",NA,NA,NA
"ef6e0754-8bf2-4854-9aa3-3a2a1a90810b","HUMAN_OBSERVATION","PRESENT","Karsenia koreana",35.904167,128.120556,"ASIA",NA,2012,6,22,"cdc,cdround,gass84",NA,"http://creativecommons.org/licenses/by-nc/4.0/legalcode","WGS84","3001856080",NA,NA,NA,NA
"50c9509d-22c7-4a22-a47d-8c48425ef4a7","HUMAN_OBSERVATION","PRESENT","Karsenia koreana",36.38054,127.220113,"ASIA","Chungcheongnam-do",2012,7,2,"cdc","https://www.inaturalist.org/observations/4636686","http://creativecommons.org/licenses/by/4.0/legalcode","WGS84","1839275402","4636686",NA,NA,NA
"50c9509d-22c7-4a22-a47d-8c48425ef4a7","HUMAN_OBSERVATION","PRESENT","Karsenia koreana",36.378364,127.219512,"ASIA","Chungcheongnam-do",2012,7,2,"cdc","https://www.inaturalist.org/observations/4636689","http://creativecommons.org/licenses/by/4.0/legalcode","WGS84","1839275403","4636689",NA,NA,NA
"50c9509d-22c7-4a22-a47d-8c48425ef4a7","HUMAN_OBSERVATION","PRESENT","Karsenia koreana",36.380782,127.218096,"ASIA","Chungcheongnam-do",2012,7,2,"cdc","https://www.inaturalist.org/observations/4636694","http://creativecommons.org/licenses/by/4.0/legalcode","WGS84","1839275404","4636694",NA,NA,NA
"50c9509d-22c7-4a22-a47d-8c48425ef4a7","HUMAN_OBSERVATION","PRESENT","Karsenia koreana",36.124183,127.411065,"ASIA","Chungcheongnam-do",2012,9,3,"cdc","https://www.inaturalist.org/observations/4637500","http://creativecommons.org/licenses/by/4.0/legalcode","WGS84","1839275405","4637500",NA,NA,NA
"ef6e0754-8bf2-4854-9aa3-3a2a1a90810b","HUMAN_OBSERVATION","PRESENT","Karsenia koreana",35.8425,128.104722,"ASIA",NA,2012,9,18,"cdc,cdround,gass84",NA,"http://creativecommons.org/licenses/by-nc/4.0/legalcode","WGS84","3001337018",NA,NA,NA,NA
"ef6e0754-8bf2-4854-9aa3-3a2a1a90810b","HUMAN_OBSERVATION","PRESENT","Karsenia koreana",35.777222,128.187778,"ASIA",NA,2012,9,27,"cdc,cdround,gass84",NA,"http://creativecommons.org/licenses/by-nc/4.0/legalcode","WGS84","3001841039",NA,NA,NA,NA
"50c9509d-22c7-4a22-a47d-8c48425ef4a7","HUMAN_OBSERVATION","PRESENT","Karsenia koreana",36.192538,127.339643,"ASIA","Chungcheongnam-do",2012,10,5,"cdc","https://www.inaturalist.org/observations/4637682","http://creativecommons.org/licenses/by/4.0/legalcode","WGS84","1839275407","4637682",NA,NA,NA
"50c9509d-22c7-4a22-a47d-8c48425ef4a7","HUMAN_OBSERVATION","PRESENT","Karsenia koreana",36.19207,127.339729,"ASIA","Chungcheongnam-do",2012,10,5,"cdc","https://www.inaturalist.org/observations/4637683","http://creativecommons.org/licenses/by/4.0/legalcode","WGS84","1839275408","4637683",NA,NA,NA
"ef6e0754-8bf2-4854-9aa3-3a2a1a90810b","HUMAN_OBSERVATION","PRESENT","Karsenia koreana",36.211389,127.668944,"ASIA",NA,2011,2,1,"cdc,cdround,gass84",NA,"http://creativecommons.org/licenses/by-nc/4.0/legalcode","WGS84","3001847819",NA,NA,NA,NA
"ef6e0754-8bf2-4854-9aa3-3a2a1a90810b","HUMAN_OBSERVATION","PRESENT","Karsenia koreana",36.115583,127.824111,"ASIA",NA,2011,2,1,"cdc,cdround,gass84",NA,"http://creativecommons.org/licenses/by-nc/4.0/legalcode","WGS84","3001342908",NA,NA,NA,NA
"ef6e0754-8bf2-4854-9aa3-3a2a1a90810b","HUMAN_OBSERVATION","PRESENT","Karsenia koreana",36.118528,127.866306,"ASIA",NA,2011,2,1,"cdc,cdround,gass84",NA,"http://creativecommons.org/licenses/by-nc/4.0/legalcode","WGS84","3001858966",NA,NA,NA,NA
"ef6e0754-8bf2-4854-9aa3-3a2a1a90810b","HUMAN_OBSERVATION","PRESENT","Karsenia koreana",36.054694,127.872111,"ASIA",NA,2011,2,1,"cdc,cdround,gass84",NA,"http://creativecommons.org/licenses/by-nc/4.0/legalcode","WGS84","3001337978",NA,NA,NA,NA
"50c9509d-22c7-4a22-a47d-8c48425ef4a7","HUMAN_OBSERVATION","PRESENT","Karsenia koreana",35.711752,127.490845,"ASIA","Jeollabuk-do",2011,3,20,"cdc","https://www.inaturalist.org/observations/2564532","http://creativecommons.org/licenses/by/4.0/legalcode","WGS84","1272077809","2564532",NA,NA,NA
"50c9509d-22c7-4a22-a47d-8c48425ef4a7","HUMAN_OBSERVATION","PRESENT","Karsenia koreana",36.087396,127.85408,"ASIA","Chungcheongbuk-do",2011,4,9,"cdc","https://www.inaturalist.org/observations/2566686","http://creativecommons.org/licenses/by/4.0/legalcode","WGS84","1272077812","2566686",NA,NA,NA
"50c9509d-22c7-4a22-a47d-8c48425ef4a7","HUMAN_OBSERVATION","PRESENT","Karsenia koreana",35.890441,127.263222,"ASIA","Jeollabuk-do",2011,5,14,"cdc","https://www.inaturalist.org/observations/2572475","http://creativecommons.org/licenses/by/4.0/legalcode","WGS84","1305116530","2572475",NA,NA,NA
"50c9509d-22c7-4a22-a47d-8c48425ef4a7","HUMAN_OBSERVATION","PRESENT","Karsenia koreana",35.811967,127.261162,"ASIA","Jeollabuk-do",2011,6,4,"cdc","https://www.inaturalist.org/observations/2572530","http://creativecommons.org/licenses/by/4.0/legalcode","WGS84","1272077840","2572530",NA,NA,NA
"50c9509d-22c7-4a22-a47d-8c48425ef4a7","HUMAN_OBSERVATION","PRESENT","Karsenia koreana",35.660644,127.409821,"ASIA","Jeollabuk-do",2011,6,5,"cdc","https://www.inaturalist.org/observations/2572531","http://creativecommons.org/licenses/by/4.0/legalcode","WGS84","1272077843","2572531",NA,NA,NA
"50c9509d-22c7-4a22-a47d-8c48425ef4a7","HUMAN_OBSERVATION","PRESENT","Karsenia koreana",36.136766,127.554703,"ASIA","Chungcheongnam-do",2011,6,19,"cdc","https://www.inaturalist.org/observations/2575168","http://creativecommons.org/licenses/by/4.0/legalcode","WGS84","1272077866","2575168",NA,NA,NA
"50c9509d-22c7-4a22-a47d-8c48425ef4a7","HUMAN_OBSERVATION","PRESENT","Karsenia koreana",36.16719,127.549295,"ASIA","Chungcheongnam-do",2011,7,3,"cdc","https://www.inaturalist.org/observations/2575203","http://creativecommons.org/licenses/by/4.0/legalcode","WGS84","1272077868","2575203",NA,NA,NA
"50c9509d-22c7-4a22-a47d-8c48425ef4a7","HUMAN_OBSERVATION","PRESENT","Karsenia koreana",36.187421,127.335641,"ASIA","Chungcheongnam-do",2011,7,9,"cdc","https://www.inaturalist.org/observations/2575209","http://creativecommons.org/licenses/by/4.0/legalcode","WGS84","1272077869","2575209",NA,NA,NA
"50c9509d-22c7-4a22-a47d-8c48425ef4a7","HUMAN_OBSERVATION","PRESENT","Karsenia koreana",36.185897,127.334032,"ASIA","Chungcheongnam-do",2011,7,9,"cdc","https://www.inaturalist.org/observations/2575214","http://creativecommons.org/licenses/by/4.0/legalcode","WGS84","1272077865","2575214",NA,NA,NA
"50c9509d-22c7-4a22-a47d-8c48425ef4a7","HUMAN_OBSERVATION","PRESENT","Karsenia koreana",36.195975,127.341542,"ASIA","Chungcheongnam-do",2011,8,17,"cdc","https://www.inaturalist.org/observations/4626112","http://creativecommons.org/licenses/by/4.0/legalcode","WGS84","1453238240","4626112",NA,NA,NA
"50c9509d-22c7-4a22-a47d-8c48425ef4a7","HUMAN_OBSERVATION","PRESENT","Karsenia koreana",36.197188,127.363129,"ASIA","Chungcheongnam-do",2011,9,24,"cdc,cdround","https://www.inaturalist.org/observations/32470","http://creativecommons.org/licenses/by/4.0/legalcode","WGS84","1227774357","32470",NA,NA,NA
"50c9509d-22c7-4a22-a47d-8c48425ef4a7","HUMAN_OBSERVATION","PRESENT","Karsenia koreana",36.211247,127.340298,"ASIA","Chungcheongnam-do",2011,10,9,"cdc,cdround","https://www.inaturalist.org/observations/34609","http://creativecommons.org/licenses/by/4.0/legalcode","WGS84","1272113938","34609",NA,NA,NA
"50c9509d-22c7-4a22-a47d-8c48425ef4a7","HUMAN_OBSERVATION","PRESENT","Karsenia koreana",36.187247,127.33562,"ASIA","Chungcheongnam-do",2011,10,9,"cdc","https://www.inaturalist.org/observations/4627982","http://creativecommons.org/licenses/by/4.0/legalcode","WGS84","1839275393","4627982",NA,NA,NA
"50c9509d-22c7-4a22-a47d-8c48425ef4a7","HUMAN_OBSERVATION","PRESENT","Karsenia koreana",36.350389,127.217388,"ASIA","Chungcheongnam-do",2010,2,7,"cdc","https://www.inaturalist.org/observations/2506586","http://creativecommons.org/licenses/by/4.0/legalcode","WGS84","1272077686","2506586",NA,NA,NA
"50c9509d-22c7-4a22-a47d-8c48425ef4a7","HUMAN_OBSERVATION","PRESENT","Karsenia koreana",36.092112,127.2052,"ASIA","Jeollabuk-do",2010,4,4,"cdc","https://www.inaturalist.org/observations/2507209","http://creativecommons.org/licenses/by/4.0/legalcode","WGS84","1272077689","2507209",NA,NA,NA
"50c9509d-22c7-4a22-a47d-8c48425ef4a7","HUMAN_OBSERVATION","PRESENT","Karsenia koreana",36.095372,127.216101,"ASIA","Chungcheongnam-do",2010,4,4,"cdc","https://www.inaturalist.org/observations/2507210","http://creativecommons.org/licenses/by/4.0/legalcode","WGS84","1272077698","2507210",NA,NA,NA
"50c9509d-22c7-4a22-a47d-8c48425ef4a7","HUMAN_OBSERVATION","PRESENT","Karsenia koreana",35.874585,127.228632,"ASIA","Jeollabuk-do",2010,5,2,"cdc","https://www.inaturalist.org/observations/1198585","http://creativecommons.org/licenses/by/4.0/legalcode","WGS84","1272073127","1198585",NA,NA,NA
"50c9509d-22c7-4a22-a47d-8c48425ef4a7","HUMAN_OBSERVATION","PRESENT","Karsenia koreana",36.525737,127.561775,"ASIA","Chungcheongbuk-do",2010,5,21,"cdc,cdround","https://www.inaturalist.org/observations/199771302","http://creativecommons.org/licenses/by-nc/4.0/legalcode","WGS84","4525239123","199771302",NA,NA,NA
"50c9509d-22c7-4a22-a47d-8c48425ef4a7","HUMAN_OBSERVATION","PRESENT","Karsenia koreana",36.247318,127.20005,"ASIA","Chungcheongnam-do",2010,5,2,"cdc","https://www.inaturalist.org/observations/2507265","http://creativecommons.org/licenses/by/4.0/legalcode","WGS84","1272077697","2507265",NA,NA,NA
"50c9509d-22c7-4a22-a47d-8c48425ef4a7","HUMAN_OBSERVATION","PRESENT","Karsenia koreana",36.232366,127.250175,"ASIA","Chungcheongnam-do",2010,5,2,"cdc","https://www.inaturalist.org/observations/2507268","http://creativecommons.org/licenses/by/4.0/legalcode","WGS84","1272077692","2507268",NA,NA,NA
"50c9509d-22c7-4a22-a47d-8c48425ef4a7","HUMAN_OBSERVATION","PRESENT","Karsenia koreana",36.135379,127.316093,"ASIA","Chungcheongnam-do",2010,5,16,"cdc","https://www.inaturalist.org/observations/2507308","http://creativecommons.org/licenses/by/4.0/legalcode","WGS84","1272077690","2507308",NA,NA,NA
"50c9509d-22c7-4a22-a47d-8c48425ef4a7","HUMAN_OBSERVATION","PRESENT","Karsenia koreana",36.198503,127.32974,"ASIA","Chungcheongnam-do",2010,5,16,"cdc","https://www.inaturalist.org/observations/2507330","http://creativecommons.org/licenses/by/4.0/legalcode","WGS84","1272077693","2507330",NA,NA,NA
"50c9509d-22c7-4a22-a47d-8c48425ef4a7","HUMAN_OBSERVATION","PRESENT","Karsenia koreana",36.086078,127.250948,"ASIA","Jeollabuk-do",2010,5,16,"cdc","https://www.inaturalist.org/observations/2507332","http://creativecommons.org/licenses/by/4.0/legalcode","WGS84","1272077702","2507332",NA,NA,NA
"50c9509d-22c7-4a22-a47d-8c48425ef4a7","HUMAN_OBSERVATION","PRESENT","Karsenia koreana",35.938684,127.240391,"ASIA","Jeollabuk-do",2010,5,23,"cdc","https://www.inaturalist.org/observations/2507350","http://creativecommons.org/licenses/by/4.0/legalcode","WGS84","1272077703","2507350",NA,NA,NA
"50c9509d-22c7-4a22-a47d-8c48425ef4a7","HUMAN_OBSERVATION","PRESENT","Karsenia koreana",36.084621,127.250175,"ASIA","Jeollabuk-do",2010,6,6,"cdc","https://www.inaturalist.org/observations/2507491","http://creativecommons.org/licenses/by/4.0/legalcode","WGS84","1272077691","2507491",NA,NA,NA
"50c9509d-22c7-4a22-a47d-8c48425ef4a7","HUMAN_OBSERVATION","PRESENT","Karsenia koreana",36.19582,127.444647,"ASIA","Chungcheongnam-do",2010,6,13,"cdc","https://www.inaturalist.org/observations/2507549","http://creativecommons.org/licenses/by/4.0/legalcode","WGS84","1272077696","2507549",NA,NA,NA
"50c9509d-22c7-4a22-a47d-8c48425ef4a7","HUMAN_OBSERVATION","PRESENT","Karsenia koreana",36.976501,127.68877,"ASIA","Chungcheongbuk-do",2010,6,7,"cdc","https://www.inaturalist.org/observations/398386","http://creativecommons.org/licenses/by/4.0/legalcode","WGS84","1272117045","398386",NA,NA,NA
"50c9509d-22c7-4a22-a47d-8c48425ef4a7","HUMAN_OBSERVATION","PRESENT","Karsenia koreana",36.199854,127.344804,"ASIA","Chungcheongnam-do",2010,7,4,"cdc","https://www.inaturalist.org/observations/2509981","http://creativecommons.org/licenses/by/4.0/legalcode","WGS84","1272077711","2509981",NA,NA,NA
"50c9509d-22c7-4a22-a47d-8c48425ef4a7","HUMAN_OBSERVATION","PRESENT","Karsenia koreana",36.105705,127.299957,"ASIA","Jeollabuk-do",2010,7,30,"cdc","https://www.inaturalist.org/observations/2510044","http://creativecommons.org/licenses/by/4.0/legalcode","WGS84","1272077710","2510044",NA,NA,NA
"50c9509d-22c7-4a22-a47d-8c48425ef4a7","HUMAN_OBSERVATION","PRESENT","Karsenia koreana",36.086841,127.328109,"ASIA","Jeollabuk-do",2010,7,31,"cdc","https://www.inaturalist.org/observations/2510050","http://creativecommons.org/licenses/by/4.0/legalcode","WGS84","1272077709","2510050",NA,NA,NA
"50c9509d-22c7-4a22-a47d-8c48425ef4a7","HUMAN_OBSERVATION","PRESENT","Karsenia koreana",36.187524,127.336478,"ASIA","Chungcheongnam-do",2010,8,22,"cdc","https://www.inaturalist.org/observations/2511142","http://creativecommons.org/licenses/by/4.0/legalcode","WGS84","1272077714","2511142",NA,NA,NA
"50c9509d-22c7-4a22-a47d-8c48425ef4a7","HUMAN_OBSERVATION","PRESENT","Karsenia koreana",36.343475,127.246227,"ASIA","Chungcheongnam-do",2010,10,9,"cdc","https://www.inaturalist.org/observations/2512060","http://creativecommons.org/licenses/by/4.0/legalcode","WGS84","1272077717","2512060",NA,NA,NA
"50c9509d-22c7-4a22-a47d-8c48425ef4a7","HUMAN_OBSERVATION","PRESENT","Karsenia koreana",36.336009,127.258244,"ASIA","Daejeon",2010,11,14,"cdc","https://www.inaturalist.org/observations/2563334","http://creativecommons.org/licenses/by/4.0/legalcode","WGS84","1272077807","2563334",NA,NA,NA
"50c9509d-22c7-4a22-a47d-8c48425ef4a7","HUMAN_OBSERVATION","PRESENT","Karsenia koreana",36.198859,127.34533,"ASIA","Chungcheongnam-do",2009,4,11,"cdc","https://www.inaturalist.org/observations/2498431","http://creativecommons.org/licenses/by/4.0/legalcode","WGS84","1227759765","2498431",NA,NA,NA
"50c9509d-22c7-4a22-a47d-8c48425ef4a7","HUMAN_OBSERVATION","PRESENT","Karsenia koreana",36.552361,127.578178,"ASIA","Chungcheongbuk-do",2009,4,25,"cdc","https://www.inaturalist.org/observations/2498482","http://creativecommons.org/licenses/by/4.0/legalcode","WGS84","1272077651","2498482",NA,NA,NA
"50c9509d-22c7-4a22-a47d-8c48425ef4a7","HUMAN_OBSERVATION","PRESENT","Karsenia koreana",35.727145,127.093449,"ASIA","Jeollabuk-do",2009,5,4,"cdc","https://www.inaturalist.org/observations/2498531","http://creativecommons.org/licenses/by/4.0/legalcode","WGS84","1227759735","2498531",NA,NA,NA
"50c9509d-22c7-4a22-a47d-8c48425ef4a7","HUMAN_OBSERVATION","PRESENT","Karsenia koreana",36.181082,127.33622,"ASIA","Chungcheongnam-do",2009,5,9,"cdc","https://www.inaturalist.org/observations/2499760","http://creativecommons.org/licenses/by/4.0/legalcode","WGS84","1272077654","2499760",NA,NA,NA
"50c9509d-22c7-4a22-a47d-8c48425ef4a7","HUMAN_OBSERVATION","PRESENT","Karsenia koreana",36.371816,127.206917,"ASIA","Chungcheongnam-do",2009,5,17,"cdc","https://www.inaturalist.org/observations/2499834","http://creativecommons.org/licenses/by/4.0/legalcode","WGS84","1227760341","2499834",NA,NA,NA
"50c9509d-22c7-4a22-a47d-8c48425ef4a7","HUMAN_OBSERVATION","PRESENT","Karsenia koreana",36.192183,127.339504,"ASIA","Chungcheongnam-do",2009,5,31,"cdc","https://www.inaturalist.org/observations/2500296","http://creativecommons.org/licenses/by/4.0/legalcode","WGS84","1272077658","2500296",NA,NA,NA
"50c9509d-22c7-4a22-a47d-8c48425ef4a7","HUMAN_OBSERVATION","PRESENT","Karsenia koreana",36.200131,127.336135,"ASIA","Chungcheongnam-do",2009,5,31,"cdc","https://www.inaturalist.org/observations/2500297","http://creativecommons.org/licenses/by/4.0/legalcode","WGS84","1272077660","2500297",NA,NA,NA
"50c9509d-22c7-4a22-a47d-8c48425ef4a7","HUMAN_OBSERVATION","PRESENT","Karsenia koreana",36.22797,127.33665,"ASIA","Chungcheongnam-do",2009,5,31,"cdc","https://www.inaturalist.org/observations/2500298","http://creativecommons.org/licenses/by/4.0/legalcode","WGS84","1272077656","2500298",NA,NA,NA
"ef6e0754-8bf2-4854-9aa3-3a2a1a90810b","HUMAN_OBSERVATION","PRESENT","Karsenia koreana",36.420556,127.180556,"ASIA",NA,2009,5,19,"cdc,cdround,gass84",NA,"http://creativecommons.org/licenses/by-nc/4.0/legalcode","WGS84","3001848168",NA,NA,NA,NA
"50c9509d-22c7-4a22-a47d-8c48425ef4a7","HUMAN_OBSERVATION","PRESENT","Karsenia koreana",36.203404,127.337744,"ASIA","Chungcheongnam-do",2009,6,27,"cdc","https://www.inaturalist.org/observations/2500370","http://creativecommons.org/licenses/by/4.0/legalcode","WGS84","1272077664","2500370",NA,NA,NA
"50c9509d-22c7-4a22-a47d-8c48425ef4a7","HUMAN_OBSERVATION","PRESENT","Karsenia koreana",36.867262,128.157921,"ASIA","Chungcheongbuk-do",2009,6,28,"cdc","https://www.inaturalist.org/observations/2500372","http://creativecommons.org/licenses/by/4.0/legalcode","WGS84","1272077659","2500372",NA,NA,NA
"ef6e0754-8bf2-4854-9aa3-3a2a1a90810b","HUMAN_OBSERVATION","PRESENT","Karsenia koreana",36.3,127.199167,"ASIA",NA,2009,6,28,"cdc,cdround,gass84",NA,"http://creativecommons.org/licenses/by-nc/4.0/legalcode","WGS84","3001326172",NA,NA,NA,NA
"ef6e0754-8bf2-4854-9aa3-3a2a1a90810b","HUMAN_OBSERVATION","PRESENT","Karsenia koreana",36.300556,127.198889,"ASIA",NA,2009,6,28,"cdc,cdround,gass84",NA,"http://creativecommons.org/licenses/by-nc/4.0/legalcode","WGS84","3001343259",NA,NA,NA,NA
"ef6e0754-8bf2-4854-9aa3-3a2a1a90810b","HUMAN_OBSERVATION","PRESENT","Karsenia koreana",36.302778,127.196111,"ASIA",NA,2009,6,28,"cdc,cdround,gass84",NA,"http://creativecommons.org/licenses/by-nc/4.0/legalcode","WGS84","3001339183",NA,NA,NA,NA
"50c9509d-22c7-4a22-a47d-8c48425ef4a7","HUMAN_OBSERVATION","PRESENT","Karsenia koreana",36.195352,127.442994,"ASIA","Chungcheongnam-do",2009,7,19,"cdc","https://www.inaturalist.org/observations/2500628","http://creativecommons.org/licenses/by/4.0/legalcode","WGS84","1272077662","2500628",NA,NA,NA
"50c9509d-22c7-4a22-a47d-8c48425ef4a7","HUMAN_OBSERVATION","PRESENT","Karsenia koreana",36.154648,127.242451,"ASIA","Chungcheongnam-do",2009,7,24,"cdc","https://www.inaturalist.org/observations/2500675","http://creativecommons.org/licenses/by/4.0/legalcode","WGS84","1272077657","2500675",NA,NA,NA
"50c9509d-22c7-4a22-a47d-8c48425ef4a7","HUMAN_OBSERVATION","PRESENT","Karsenia koreana",36.201622,127.343735,"ASIA","Chungcheongnam-do",2009,7,19,"cdc,cdround","https://www.inaturalist.org/observations/3334","http://creativecommons.org/licenses/by/4.0/legalcode","WGS84","1227774390","3334",NA,NA,NA
"ef6e0754-8bf2-4854-9aa3-3a2a1a90810b","HUMAN_OBSERVATION","PRESENT","Karsenia koreana",36.420556,127.180278,"ASIA",NA,2009,7,27,"cdc,cdround,gass84",NA,"http://creativecommons.org/licenses/by-nc/4.0/legalcode","WGS84","3001859297",NA,NA,NA,NA
"50c9509d-22c7-4a22-a47d-8c48425ef4a7","HUMAN_OBSERVATION","PRESENT","Karsenia koreana",36.190114,127.332326,"ASIA","Chungcheongnam-do",2009,8,18,"cdc","https://www.inaturalist.org/observations/2501390","http://creativecommons.org/licenses/by/4.0/legalcode","WGS84","1272077665","2501390",NA,NA,NA
"50c9509d-22c7-4a22-a47d-8c48425ef4a7","HUMAN_OBSERVATION","PRESENT","Karsenia koreana",36.356394,127.263288,"ASIA","Chungcheongnam-do",2009,8,22,"cdc","https://www.inaturalist.org/observations/2505196","http://creativecommons.org/licenses/by/4.0/legalcode","WGS84","1272077678","2505196",NA,NA,NA
"50c9509d-22c7-4a22-a47d-8c48425ef4a7","HUMAN_OBSERVATION","PRESENT","Karsenia koreana",36.191681,127.33974,"ASIA","Chungcheongnam-do",2009,9,6,"cdc","https://www.inaturalist.org/observations/2505216","http://creativecommons.org/licenses/by/4.0/legalcode","WGS84","1272077682","2505216",NA,NA,NA
"50c9509d-22c7-4a22-a47d-8c48425ef4a7","HUMAN_OBSERVATION","PRESENT","Karsenia koreana",36.148722,127.239146,"ASIA","Chungcheongnam-do",2009,10,4,"cdc","https://www.inaturalist.org/observations/2505275","http://creativecommons.org/licenses/by/4.0/legalcode","WGS84","1227761947","2505275",NA,NA,NA
"50c9509d-22c7-4a22-a47d-8c48425ef4a7","HUMAN_OBSERVATION","PRESENT","Karsenia koreana",36.188736,127.333088,"ASIA","Chungcheongnam-do",2009,10,10,"cdc","https://www.inaturalist.org/observations/2505285","http://creativecommons.org/licenses/by/4.0/legalcode","WGS84","1272077680","2505285",NA,NA,NA
"50c9509d-22c7-4a22-a47d-8c48425ef4a7","HUMAN_OBSERVATION","PRESENT","Karsenia koreana",36.147578,127.282447,"ASIA","Chungcheongnam-do",2009,10,18,"cdc","https://www.inaturalist.org/observations/2505301","http://creativecommons.org/licenses/by/4.0/legalcode","WGS84","1272077671","2505301",NA,NA,NA
"50c9509d-22c7-4a22-a47d-8c48425ef4a7","HUMAN_OBSERVATION","PRESENT","Karsenia koreana",36.20198,127.343556,"ASIA","Chungcheongnam-do",2009,11,1,"cdc,cdround","https://www.inaturalist.org/observations/18086959","http://creativecommons.org/licenses/by-nc/4.0/legalcode","WGS84","1935598383","18086959",NA,NA,NA
"50c9509d-22c7-4a22-a47d-8c48425ef4a7","HUMAN_OBSERVATION","PRESENT","Karsenia koreana",36.202001,127.343553,"ASIA","Chungcheongnam-do",2009,11,3,"cdc,cdround","https://www.inaturalist.org/observations/18087018","http://creativecommons.org/licenses/by-nc/4.0/legalcode","WGS84","1946310809","18087018",NA,NA,NA
"50c9509d-22c7-4a22-a47d-8c48425ef4a7","HUMAN_OBSERVATION","PRESENT","Karsenia koreana",36.101822,127.336349,"ASIA","Jeollabuk-do",2009,11,7,"cdc","https://www.inaturalist.org/observations/2505317","http://creativecommons.org/licenses/by/4.0/legalcode","WGS84","1272077677","2505317",NA,NA,NA
"50c9509d-22c7-4a22-a47d-8c48425ef4a7","HUMAN_OBSERVATION","PRESENT","Karsenia koreana",36.435785,127.604313,"ASIA","Chungcheongbuk-do",2009,11,14,"cdc","https://www.inaturalist.org/observations/2505330","http://creativecommons.org/licenses/by/4.0/legalcode","WGS84","1272077674","2505330",NA,NA,NA
"50c9509d-22c7-4a22-a47d-8c48425ef4a7","HUMAN_OBSERVATION","PRESENT","Karsenia koreana",35.987209,127.274594,"ASIA","Jeollabuk-do",2008,3,29,"cdc","https://www.inaturalist.org/observations/2492183","http://creativecommons.org/licenses/by/4.0/legalcode","WGS84","1272077620","2492183",NA,NA,NA
"50c9509d-22c7-4a22-a47d-8c48425ef4a7","HUMAN_OBSERVATION","PRESENT","Karsenia koreana",36.218605,127.330105,"ASIA","Daejeon",2008,4,6,"cdc","https://www.inaturalist.org/observations/2492464","http://creativecommons.org/licenses/by/4.0/legalcode","WGS84","1272077623","2492464",NA,NA,NA
"50c9509d-22c7-4a22-a47d-8c48425ef4a7","HUMAN_OBSERVATION","PRESENT","Karsenia koreana",35.983563,127.279015,"ASIA","Jeollabuk-do",2008,4,12,"cdc","https://www.inaturalist.org/observations/2492523","http://creativecommons.org/licenses/by/4.0/legalcode","WGS84","1227757656","2492523",NA,NA,NA
"50c9509d-22c7-4a22-a47d-8c48425ef4a7","HUMAN_OBSERVATION","PRESENT","Karsenia koreana",36.550121,127.60972,"ASIA","Chungcheongbuk-do",2008,4,13,"cdc","https://www.inaturalist.org/observations/2492530","http://creativecommons.org/licenses/by/4.0/legalcode","WGS84","1272077626","2492530",NA,NA,NA
"50c9509d-22c7-4a22-a47d-8c48425ef4a7","HUMAN_OBSERVATION","PRESENT","Karsenia koreana",36.345066,127.217302,"ASIA","Chungcheongnam-do",2008,4,20,"cdc","https://www.inaturalist.org/observations/2492557","http://creativecommons.org/licenses/by/4.0/legalcode","WGS84","1272077628","2492557",NA,NA,NA
"50c9509d-22c7-4a22-a47d-8c48425ef4a7","HUMAN_OBSERVATION","PRESENT","Karsenia koreana",36.33288,127.260626,"ASIA","Daejeon",2008,4,26,"cdc","https://www.inaturalist.org/observations/2492640","http://creativecommons.org/licenses/by/4.0/legalcode","WGS84","1272077627","2492640",NA,NA,NA
"50c9509d-22c7-4a22-a47d-8c48425ef4a7","HUMAN_OBSERVATION","PRESENT","Karsenia koreana",36.344081,127.263029,"ASIA","Daejeon",2008,4,26,"cdc","https://www.inaturalist.org/observations/2492657","http://creativecommons.org/licenses/by/4.0/legalcode","WGS84","1272077630","2492657",NA,NA,NA
"50c9509d-22c7-4a22-a47d-8c48425ef4a7","HUMAN_OBSERVATION","PRESENT","Karsenia koreana",36.199837,127.344353,"ASIA","Chungcheongnam-do",2008,5,9,"cdc","https://www.inaturalist.org/observations/2492861","http://creativecommons.org/licenses/by/4.0/legalcode","WGS84","1272077635","2492861",NA,NA,NA
"50c9509d-22c7-4a22-a47d-8c48425ef4a7","HUMAN_OBSERVATION","PRESENT","Karsenia koreana",36.336872,127.284723,"ASIA","Daejeon",2008,5,10,"cdc","https://www.inaturalist.org/observations/2492876","http://creativecommons.org/licenses/by/4.0/legalcode","WGS84","1227757918","2492876",NA,NA,NA
"50c9509d-22c7-4a22-a47d-8c48425ef4a7","HUMAN_OBSERVATION","PRESENT","Karsenia koreana",35.987244,127.274981,"ASIA","Jeollabuk-do",2008,6,8,"cdc","https://www.inaturalist.org/observations/2493554","http://creativecommons.org/licenses/by/4.0/legalcode","WGS84","1272077639","2493554",NA,NA,NA
"50c9509d-22c7-4a22-a47d-8c48425ef4a7","HUMAN_OBSERVATION","PRESENT","Karsenia koreana",35.487231,126.842309,"ASIA","Jeollabuk-do",2008,7,25,"cdc","https://www.inaturalist.org/observations/2493767","http://creativecommons.org/licenses/by/4.0/legalcode","WGS84","1272077640","2493767",NA,NA,NA
"50c9509d-22c7-4a22-a47d-8c48425ef4a7","HUMAN_OBSERVATION","PRESENT","Karsenia koreana",36.55479,127.587472,"ASIA","Chungcheongbuk-do",2008,8,1,"cdc,cdround","https://www.inaturalist.org/observations/199770924","http://creativecommons.org/licenses/by-nc/4.0/legalcode","WGS84","4525266058","199770924",NA,NA,NA
"50c9509d-22c7-4a22-a47d-8c48425ef4a7","HUMAN_OBSERVATION","PRESENT","Karsenia koreana",36.554792,127.587467,"ASIA","Chungcheongbuk-do",2008,8,1,"cdc,cdround","https://www.inaturalist.org/observations/199770925","http://creativecommons.org/licenses/by-nc/4.0/legalcode","WGS84","4525232328","199770925",NA,NA,NA
"50c9509d-22c7-4a22-a47d-8c48425ef4a7","HUMAN_OBSERVATION","PRESENT","Karsenia koreana",36.554796,127.587446,"ASIA","Chungcheongbuk-do",2008,8,1,"cdc,cdround","https://www.inaturalist.org/observations/199770926","http://creativecommons.org/licenses/by-nc/4.0/legalcode","WGS84","4525261232","199770926",NA,NA,NA
"50c9509d-22c7-4a22-a47d-8c48425ef4a7","HUMAN_OBSERVATION","PRESENT","Karsenia koreana",36.554781,127.587457,"ASIA","Chungcheongbuk-do",2008,8,1,"cdc,cdround","https://www.inaturalist.org/observations/199770927","http://creativecommons.org/licenses/by-nc/4.0/legalcode","WGS84","4525252094","199770927",NA,NA,NA
"50c9509d-22c7-4a22-a47d-8c48425ef4a7","HUMAN_OBSERVATION","PRESENT","Karsenia koreana",35.987452,127.274466,"ASIA","Jeollabuk-do",2007,3,24,"cdc","https://www.inaturalist.org/observations/2477593","http://creativecommons.org/licenses/by/4.0/legalcode","WGS84","1272077540","2477593",NA,NA,NA
"50c9509d-22c7-4a22-a47d-8c48425ef4a7","HUMAN_OBSERVATION","PRESENT","Karsenia koreana",35.986896,127.274981,"ASIA","Jeollabuk-do",2007,4,8,"cdc","https://www.inaturalist.org/observations/2477630","http://creativecommons.org/licenses/by/4.0/legalcode","WGS84","1272077541","2477630",NA,NA,NA
"50c9509d-22c7-4a22-a47d-8c48425ef4a7","HUMAN_OBSERVATION","PRESENT","Karsenia koreana",35.98773,127.273693,"ASIA","Jeollabuk-do",2007,4,13,"cdc","https://www.inaturalist.org/observations/2482446","http://creativecommons.org/licenses/by/4.0/legalcode","WGS84","1272077594","2482446",NA,NA,NA
"50c9509d-22c7-4a22-a47d-8c48425ef4a7","HUMAN_OBSERVATION","PRESENT","Karsenia koreana",35.984535,127.276869,"ASIA","Jeollabuk-do",2007,5,12,"cdc","https://www.inaturalist.org/observations/2482770","http://creativecommons.org/licenses/by/4.0/legalcode","WGS84","1272077596","2482770",NA,NA,NA
"50c9509d-22c7-4a22-a47d-8c48425ef4a7","HUMAN_OBSERVATION","PRESENT","Karsenia koreana",35.985229,127.276096,"ASIA","Jeollabuk-do",2007,5,16,"cdc","https://www.inaturalist.org/observations/2482827","http://creativecommons.org/licenses/by/4.0/legalcode","WGS84","1272077597","2482827",NA,NA,NA
"ef6e0754-8bf2-4854-9aa3-3a2a1a90810b","HUMAN_OBSERVATION","PRESENT","Karsenia koreana",36.861441,128.054454,"ASIA",NA,2006,4,23,"cdc,cdround,gass84",NA,"http://creativecommons.org/licenses/by-nc/4.0/legalcode","WGS84","3001845865",NA,NA,NA,NA
"50c9509d-22c7-4a22-a47d-8c48425ef4a7","HUMAN_OBSERVATION","PRESENT","Karsenia koreana",35.985368,127.276182,"ASIA","Jeollabuk-do",2006,5,31,"cdc","https://www.inaturalist.org/observations/2464162","http://creativecommons.org/licenses/by/4.0/legalcode","WGS84","1272077456","2464162",NA,NA,NA
"263bbfe7-f643-43bb-b448-f0705d1c0e18","PRESERVED_SPECIMEN","PRESENT","Karsenia koreana",36.2167,127.3333,"ASIA",NA,2006,5,13,"cdc,incomis,inmafu",NA,"http://creativecommons.org/licenses/by/4.0/legalcode","WGS84","3770813956","ZFMK HERP 089420","Chungcheongnam-do; Jangtae-san",NA,NA
"50c9509d-22c7-4a22-a47d-8c48425ef4a7","HUMAN_OBSERVATION","PRESENT","Karsenia koreana",36.556326,127.581353,"ASIA","Chungcheongbuk-do",2006,6,25,"cdc","https://www.inaturalist.org/observations/2466571","http://creativecommons.org/licenses/by/4.0/legalcode","WGS84","1272077484","2466571",NA,NA,NA
"4bfac3ea-8763-4f4b-a71a-76a6f5f243d3","PRESERVED_SPECIMEN","PRESENT","Karsenia koreana",38.22134,127.5686,"ASIA",NA,2004,NA,NA,"ccm,cucdmis,rdatm,colmafu,inmafu","http://mczbase.mcz.harvard.edu/guid/MCZ:Herp:A-136691","http://creativecommons.org/licenses/by-nc/4.0/legalcode","WGS84","476481076","A-136691","[no specific locality data]","whole animal (70% ethanol)",NA
"e162a3af-1065-4e1e-be92-a7891bad51eb","PRESERVED_SPECIMEN","PRESENT","Karsenia koreana",36.21096,127.33381,"ASIA","Daejeon",NA,NA,NA,"cdc,cuiv,gass84,rdativ,incomis,inmafu",NA,"http://creativecommons.org/publicdomain/zero/1.0/legalcode","WGS84","4164644400","NIBRAM0000101721","Jangan-dong",NA,NA
