"datasetKey","basisOfRecord","occurrenceStatus","species","decimalLatitude","decimalLongitude","continent","stateProvince","year","month","day","issues","references","license","geodeticDatum","gbifID","catalogNumber","locality","county","elevation","preparations"
"50c9509d-22c7-4a22-a47d-8c48425ef4a7","HUMAN_OBSERVATION","PRESENT","Pelophylax chosenicus",35.930669,127.054656,"ASIA","Jeollabuk-do",2023,5,20,"cdc,cdround","https://www.inaturalist.org/observations/162643467","http://creativecommons.org/licenses/by-nc/4.0/legalcode","WGS84","4120854861","162643467",NA,NA,NA,NA
"50c9509d-22c7-4a22-a47d-8c48425ef4a7","HUMAN_OBSERVATION","PRESENT","Pelophylax chosenicus",37.586778,126.966059,"ASIA","Gyeonggi-do",2023,5,20,"cdc,cdround","https://www.inaturalist.org/observations/169062683","http://creativecommons.org/licenses/by-nc/4.0/legalcode","WGS84","4138120187","169062683",NA,NA,NA,NA
"50c9509d-22c7-4a22-a47d-8c48425ef4a7","HUMAN_OBSERVATION","PRESENT","Pelophylax chosenicus",37.317545,126.802909,"ASIA","Gyeonggi-do",2023,6,1,"cdc,cdround","https://www.inaturalist.org/observations/169062522","http://creativecommons.org/licenses/by-nc/4.0/legalcode","WGS84","4137795740","169062522",NA,NA,NA,NA
"50c9509d-22c7-4a22-a47d-8c48425ef4a7","HUMAN_OBSERVATION","PRESENT","Pelophylax chosenicus",37.920106,126.882009,"ASIA","Gyeonggi-do",2023,7,2,"cdc,cdround","https://www.inaturalist.org/observations/172135782","http://creativecommons.org/licenses/by-nc/4.0/legalcode","WGS84","4522447090","172135782",NA,NA,NA,NA
"50c9509d-22c7-4a22-a47d-8c48425ef4a7","HUMAN_OBSERVATION","PRESENT","Pelophylax chosenicus",36.73818,127.070054,"ASIA","Chungcheongnam-do",2023,7,21,"cdc,cdround","https://www.inaturalist.org/observations/174090249","http://creativecommons.org/licenses/by-nc/4.0/legalcode","WGS84","4165526650","174090249",NA,NA,NA,NA
"50c9509d-22c7-4a22-a47d-8c48425ef4a7","HUMAN_OBSERVATION","PRESENT","Pelophylax chosenicus",36.695884,127.068194,"ASIA","Chungcheongnam-do",2023,7,21,"cdc,cdround","https://www.inaturalist.org/observations/174092819","http://creativecommons.org/licenses/by-nc/4.0/legalcode","WGS84","4165438058","174092819",NA,NA,NA,NA
"50c9509d-22c7-4a22-a47d-8c48425ef4a7","HUMAN_OBSERVATION","PRESENT","Pelophylax chosenicus",36.684242,127.065874,"ASIA","Chungcheongnam-do",2023,8,30,"cdc,cdround","https://www.inaturalist.org/observations/181882198","http://creativecommons.org/licenses/by-nc/4.0/legalcode","WGS84","4407384275","181882198",NA,NA,NA,NA
"50c9509d-22c7-4a22-a47d-8c48425ef4a7","HUMAN_OBSERVATION","PRESENT","Pelophylax chosenicus",36.64461,127.027455,"ASIA","Chungcheongnam-do",2023,9,15,"cdc,cdround","https://www.inaturalist.org/observations/183398371","http://creativecommons.org/licenses/by-nc/4.0/legalcode","WGS84","4414090070","183398371",NA,NA,NA,NA
"50c9509d-22c7-4a22-a47d-8c48425ef4a7","HUMAN_OBSERVATION","PRESENT","Pelophylax chosenicus",35.509192,126.712852,"ASIA","Jeollabuk-do",2023,10,27,"cdc,cdround","https://www.inaturalist.org/observations/189179044","http://creativecommons.org/licenses/by-nc/4.0/legalcode","WGS84","4436212909","189179044",NA,NA,NA,NA
"50c9509d-22c7-4a22-a47d-8c48425ef4a7","HUMAN_OBSERVATION","PRESENT","Pelophylax chosenicus",37.527931,126.922473,"ASIA","Gyeonggi-do",2022,4,17,"cdc,cdround","https://www.inaturalist.org/observations/169102060","http://creativecommons.org/licenses/by-nc/4.0/legalcode","WGS84","4138368926","169102060",NA,NA,NA,NA
"50c9509d-22c7-4a22-a47d-8c48425ef4a7","HUMAN_OBSERVATION","PRESENT","Pelophylax chosenicus",37.516537,126.935476,"ASIA","Gyeonggi-do",2022,5,22,"cdc,cdround","https://www.inaturalist.org/observations/119793624","http://creativecommons.org/licenses/by-nc/4.0/legalcode","WGS84","3860372031","119793624",NA,NA,NA,NA
"50c9509d-22c7-4a22-a47d-8c48425ef4a7","HUMAN_OBSERVATION","PRESENT","Pelophylax chosenicus",38.191073,127.092421,"ASIA","Gyeonggi-do",2022,5,28,"cdc,cdround","https://www.inaturalist.org/observations/130203091","http://creativecommons.org/licenses/by-nc/4.0/legalcode","WGS84","3947666720","130203091",NA,NA,NA,NA
"50c9509d-22c7-4a22-a47d-8c48425ef4a7","HUMAN_OBSERVATION","PRESENT","Pelophylax chosenicus",36.669904,127.531717,"ASIA","Chungcheongbuk-do",2022,6,7,"cdc,cdround","https://www.inaturalist.org/observations/120628738","http://creativecommons.org/licenses/by-nc/4.0/legalcode","WGS84","3858617806","120628738",NA,NA,NA,NA
"50c9509d-22c7-4a22-a47d-8c48425ef4a7","HUMAN_OBSERVATION","PRESENT","Pelophylax chosenicus",38.021168,127.098553,"ASIA","Gyeonggi-do",2022,7,9,"cdc,cdround","https://www.inaturalist.org/observations/125433056","http://creativecommons.org/licenses/by-nc/4.0/legalcode","WGS84","3874132383","125433056",NA,NA,NA,NA
"50c9509d-22c7-4a22-a47d-8c48425ef4a7","HUMAN_OBSERVATION","PRESENT","Pelophylax chosenicus",37.576178,126.813198,"ASIA","Gyeonggi-do",2021,4,17,"cdc,cdround","https://www.inaturalist.org/observations/169365193","http://creativecommons.org/licenses/by-nc/4.0/legalcode","WGS84","4138465969","169365193",NA,NA,NA,NA
"50c9509d-22c7-4a22-a47d-8c48425ef4a7","HUMAN_OBSERVATION","PRESENT","Pelophylax chosenicus",37.497577,126.890903,"ASIA","Gyeonggi-do",2021,4,17,"cdc,cdround","https://www.inaturalist.org/observations/169365250","http://creativecommons.org/licenses/by-nc/4.0/legalcode","WGS84","4138439884","169365250",NA,NA,NA,NA
"50c9509d-22c7-4a22-a47d-8c48425ef4a7","HUMAN_OBSERVATION","PRESENT","Pelophylax chosenicus",37.473371,126.801948,"ASIA","Gyeonggi-do",2021,4,17,"cdc,cdround","https://www.inaturalist.org/observations/169365266","http://creativecommons.org/licenses/by-nc/4.0/legalcode","WGS84","4138676721","169365266",NA,NA,NA,NA
"50c9509d-22c7-4a22-a47d-8c48425ef4a7","HUMAN_OBSERVATION","PRESENT","Pelophylax chosenicus",37.465502,126.885353,"ASIA","Gyeonggi-do",2021,4,17,"cdc,cdround","https://www.inaturalist.org/observations/169365277","http://creativecommons.org/licenses/by-nc/4.0/legalcode","WGS84","4138725463","169365277",NA,NA,NA,NA
"50c9509d-22c7-4a22-a47d-8c48425ef4a7","HUMAN_OBSERVATION","PRESENT","Pelophylax chosenicus",37.483,126.990227,"ASIA","Gyeonggi-do",2021,4,17,"cdc,cdround","https://www.inaturalist.org/observations/169365282","http://creativecommons.org/licenses/by-nc/4.0/legalcode","WGS84","4138519390","169365282",NA,NA,NA,NA
"50c9509d-22c7-4a22-a47d-8c48425ef4a7","HUMAN_OBSERVATION","PRESENT","Pelophylax chosenicus",35.961978,126.978659,"ASIA","Jeollabuk-do",2021,5,22,"cdc,cdround","https://www.inaturalist.org/observations/169100399","http://creativecommons.org/licenses/by-nc/4.0/legalcode","WGS84","4138704325","169100399",NA,NA,NA,NA
"50c9509d-22c7-4a22-a47d-8c48425ef4a7","HUMAN_OBSERVATION","PRESENT","Pelophylax chosenicus",37.031847,127.086684,"ASIA","Gyeonggi-do",2021,5,13,"cdc,cdround","https://www.inaturalist.org/observations/201337050","http://creativecommons.org/licenses/by-nc/4.0/legalcode","WGS84","4535961129","201337050",NA,NA,NA,NA
"50c9509d-22c7-4a22-a47d-8c48425ef4a7","HUMAN_OBSERVATION","PRESENT","Pelophylax chosenicus",37.474633,126.924359,"ASIA","Gyeonggi-do",2021,7,10,"cdc,cdround","https://www.inaturalist.org/observations/86500665","http://creativecommons.org/publicdomain/zero/1.0/legalcode","WGS84","3355202599","86500665",NA,NA,NA,NA
"50c9509d-22c7-4a22-a47d-8c48425ef4a7","HUMAN_OBSERVATION","PRESENT","Pelophylax chosenicus",37.558899,126.74023,"ASIA","Gyeonggi-do",2020,5,3,"cdc,cdround","https://www.inaturalist.org/observations/44603815","http://creativecommons.org/licenses/by-nc/4.0/legalcode","WGS84","2620132398","44603815",NA,NA,NA,NA
"50c9509d-22c7-4a22-a47d-8c48425ef4a7","HUMAN_OBSERVATION","PRESENT","Pelophylax chosenicus",35.949609,127.155352,"ASIA","Jeollabuk-do",2020,5,6,"cdc,cdround","https://www.inaturalist.org/observations/45129474","http://creativecommons.org/licenses/by-nc/4.0/legalcode","WGS84","2634245634","45129474",NA,NA,NA,NA
"50c9509d-22c7-4a22-a47d-8c48425ef4a7","HUMAN_OBSERVATION","PRESENT","Pelophylax chosenicus",35.840189,126.895643,"ASIA","Jeollabuk-do",2020,6,2,"cdc,cdround","https://www.inaturalist.org/observations/48128036","http://creativecommons.org/licenses/by-nc/4.0/legalcode","WGS84","2634151848","48128036",NA,NA,NA,NA
"50c9509d-22c7-4a22-a47d-8c48425ef4a7","HUMAN_OBSERVATION","PRESENT","Pelophylax chosenicus",37.410513,126.635858,"ASIA","Gyeonggi-do",2020,6,3,"cdc,cdround","https://www.inaturalist.org/observations/48333666","http://creativecommons.org/licenses/by-nc/4.0/legalcode","WGS84","2634300177","48333666",NA,NA,NA,NA
"50c9509d-22c7-4a22-a47d-8c48425ef4a7","HUMAN_OBSERVATION","PRESENT","Pelophylax chosenicus",37.555938,126.639702,"ASIA","Gyeonggi-do",2020,6,3,"cdc,cdround","https://www.inaturalist.org/observations/48333686","http://creativecommons.org/licenses/by-nc/4.0/legalcode","WGS84","2634531191","48333686",NA,NA,NA,NA
"50c9509d-22c7-4a22-a47d-8c48425ef4a7","HUMAN_OBSERVATION","PRESENT","Pelophylax chosenicus",37.536109,126.727696,"ASIA","Gyeonggi-do",2020,6,3,"cdc,cdround","https://www.inaturalist.org/observations/48333714","http://creativecommons.org/licenses/by-nc/4.0/legalcode","WGS84","2634324157","48333714",NA,NA,NA,NA
"50c9509d-22c7-4a22-a47d-8c48425ef4a7","HUMAN_OBSERVATION","PRESENT","Pelophylax chosenicus",37.528088,126.721656,"ASIA","Gyeonggi-do",2020,6,3,"cdc,cdround","https://www.inaturalist.org/observations/48333946","http://creativecommons.org/licenses/by-nc/4.0/legalcode","WGS84","2634135150","48333946",NA,NA,NA,NA
"50c9509d-22c7-4a22-a47d-8c48425ef4a7","HUMAN_OBSERVATION","PRESENT","Pelophylax chosenicus",37.488208,126.965107,"ASIA","Gyeonggi-do",2020,6,11,"cdc,cdround","https://www.inaturalist.org/observations/49131689","http://creativecommons.org/licenses/by-nc/4.0/legalcode","WGS84","2873741400","49131689",NA,NA,NA,NA
"50c9509d-22c7-4a22-a47d-8c48425ef4a7","HUMAN_OBSERVATION","PRESENT","Pelophylax chosenicus",37.571545,126.94785,"ASIA","Gyeonggi-do",2020,6,11,"cdc,cdround","https://www.inaturalist.org/observations/49131712","http://creativecommons.org/licenses/by-nc/4.0/legalcode","WGS84","2873874401","49131712",NA,NA,NA,NA
"50c9509d-22c7-4a22-a47d-8c48425ef4a7","HUMAN_OBSERVATION","PRESENT","Pelophylax chosenicus",38.184,127.084326,"ASIA","Gyeonggi-do",2020,6,12,"cdc,cdround","https://www.inaturalist.org/observations/49316816","http://creativecommons.org/licenses/by-nc/4.0/legalcode","WGS84","3070528993","49316816",NA,NA,NA,NA
"50c9509d-22c7-4a22-a47d-8c48425ef4a7","HUMAN_OBSERVATION","PRESENT","Pelophylax chosenicus",37.073077,127.643003,"ASIA","Gyeonggi-do",2020,6,16,"cdc,cdround","https://www.inaturalist.org/observations/49822924","http://creativecommons.org/licenses/by-nc/4.0/legalcode","WGS84","3327679353","49822924",NA,NA,NA,NA
"50c9509d-22c7-4a22-a47d-8c48425ef4a7","HUMAN_OBSERVATION","PRESENT","Pelophylax chosenicus",36.618817,127.40388,"ASIA","Chungcheongbuk-do",2020,6,16,"cdc,cdround","https://www.inaturalist.org/observations/49836779","http://creativecommons.org/licenses/by-nc/4.0/legalcode","WGS84","2802879112","49836779",NA,NA,NA,NA
"50c9509d-22c7-4a22-a47d-8c48425ef4a7","HUMAN_OBSERVATION","PRESENT","Pelophylax chosenicus",36.789561,127.415346,"ASIA","Chungcheongbuk-do",2020,6,16,"cdc,cdround","https://www.inaturalist.org/observations/49837575","http://creativecommons.org/licenses/by-nc/4.0/legalcode","WGS84","2802944645","49837575",NA,NA,NA,NA
"50c9509d-22c7-4a22-a47d-8c48425ef4a7","HUMAN_OBSERVATION","PRESENT","Pelophylax chosenicus",37.642909,126.841494,"ASIA","Gyeonggi-do",2020,6,17,"cdc,cdround","https://www.inaturalist.org/observations/49934671","http://creativecommons.org/licenses/by-nc/4.0/legalcode","WGS84","3327780344","49934671",NA,NA,NA,NA
"50c9509d-22c7-4a22-a47d-8c48425ef4a7","HUMAN_OBSERVATION","PRESENT","Pelophylax chosenicus",37.795905,126.767568,"ASIA","Gyeonggi-do",2020,6,17,"cdc,cdround","https://www.inaturalist.org/observations/49938251","http://creativecommons.org/licenses/by-nc/4.0/legalcode","WGS84","3327765361","49938251",NA,NA,NA,NA
"50c9509d-22c7-4a22-a47d-8c48425ef4a7","HUMAN_OBSERVATION","PRESENT","Pelophylax chosenicus",37.645131,126.695578,"ASIA","Gyeonggi-do",2020,6,17,"cdc,cdround","https://www.inaturalist.org/observations/49940827","http://creativecommons.org/licenses/by-nc/4.0/legalcode","WGS84","3328042334","49940827",NA,NA,NA,NA
"50c9509d-22c7-4a22-a47d-8c48425ef4a7","HUMAN_OBSERVATION","PRESENT","Pelophylax chosenicus",37.622104,126.645149,"ASIA","Gyeonggi-do",2020,6,17,"cdc,cdround","https://www.inaturalist.org/observations/49946600","http://creativecommons.org/licenses/by-nc/4.0/legalcode","WGS84","3328033357","49946600",NA,NA,NA,NA
"50c9509d-22c7-4a22-a47d-8c48425ef4a7","HUMAN_OBSERVATION","PRESENT","Pelophylax chosenicus",37.789101,126.610263,"ASIA","Gyeonggi-do",2020,6,18,"cdc,cdround","https://www.inaturalist.org/observations/49951534","http://creativecommons.org/licenses/by-nc/4.0/legalcode","WGS84","3327967357","49951534",NA,NA,NA,NA
"50c9509d-22c7-4a22-a47d-8c48425ef4a7","HUMAN_OBSERVATION","PRESENT","Pelophylax chosenicus",36.914435,126.899415,"ASIA","Chungcheongnam-do",2020,6,18,"cdc,cdround","https://www.inaturalist.org/observations/50037125","http://creativecommons.org/licenses/by-nc/4.0/legalcode","WGS84","3327971341","50037125",NA,NA,NA,NA
"50c9509d-22c7-4a22-a47d-8c48425ef4a7","HUMAN_OBSERVATION","PRESENT","Pelophylax chosenicus",36.931324,126.884945,"ASIA","Chungcheongnam-do",2020,6,18,"cdc,cdround","https://www.inaturalist.org/observations/50038532","http://creativecommons.org/licenses/by-nc/4.0/legalcode","WGS84","3327826351","50038532",NA,NA,NA,NA
"50c9509d-22c7-4a22-a47d-8c48425ef4a7","HUMAN_OBSERVATION","PRESENT","Pelophylax chosenicus",36.681315,127.590655,"ASIA","Chungcheongbuk-do",2020,6,16,"cdc,cdround","https://www.inaturalist.org/observations/68398923","http://creativecommons.org/licenses/by-nc/4.0/legalcode","WGS84","3031892369","68398923",NA,NA,NA,NA
"50c9509d-22c7-4a22-a47d-8c48425ef4a7","HUMAN_OBSERVATION","PRESENT","Pelophylax chosenicus",36.77853,127.509288,"ASIA","Chungcheongbuk-do",2020,6,16,"cdc,cdround","https://www.inaturalist.org/observations/68398924","http://creativecommons.org/licenses/by-nc/4.0/legalcode","WGS84","3031728416","68398924",NA,NA,NA,NA
"50c9509d-22c7-4a22-a47d-8c48425ef4a7","HUMAN_OBSERVATION","PRESENT","Pelophylax chosenicus",37.546917,126.997952,"ASIA","Gyeonggi-do",2020,7,4,"cdc,cdround","https://www.inaturalist.org/observations/51888228","http://creativecommons.org/publicdomain/zero/1.0/legalcode","WGS84","2814268778","51888228",NA,NA,NA,NA
"50c9509d-22c7-4a22-a47d-8c48425ef4a7","HUMAN_OBSERVATION","PRESENT","Pelophylax chosenicus",36.582089,127.242558,"ASIA","Sejong",2020,8,10,"cdc,cdround","https://www.inaturalist.org/observations/56012681","http://creativecommons.org/licenses/by-nc/4.0/legalcode","WGS84","2850758159","56012681",NA,NA,NA,NA
"50c9509d-22c7-4a22-a47d-8c48425ef4a7","HUMAN_OBSERVATION","PRESENT","Pelophylax chosenicus",36.250733,126.454222,NA,"Chungcheongnam-do",2019,5,12,"cdround","https://www.inaturalist.org/observations/24986276","http://creativecommons.org/licenses/by/4.0/legalcode","WGS84","2242953022","24986276",NA,NA,NA,NA
"50c9509d-22c7-4a22-a47d-8c48425ef4a7","HUMAN_OBSERVATION","PRESENT","Pelophylax chosenicus",36.398921,126.527715,"ASIA","Chungcheongnam-do",2019,5,12,"cdc,cdround","https://www.inaturalist.org/observations/24986292","http://creativecommons.org/licenses/by/4.0/legalcode","WGS84","2242953614","24986292",NA,NA,NA,NA
"50c9509d-22c7-4a22-a47d-8c48425ef4a7","HUMAN_OBSERVATION","PRESENT","Pelophylax chosenicus",36.255104,126.5155,"ASIA","Chungcheongnam-do",2019,5,12,"cdc,cdround","https://www.inaturalist.org/observations/24986293","http://creativecommons.org/licenses/by/4.0/legalcode","WGS84","2242952427","24986293",NA,NA,NA,NA
"50c9509d-22c7-4a22-a47d-8c48425ef4a7","HUMAN_OBSERVATION","PRESENT","Pelophylax chosenicus",36.316834,126.53117,"ASIA","Chungcheongnam-do",2019,5,12,"cdc,cdround","https://www.inaturalist.org/observations/24986294","http://creativecommons.org/licenses/by/4.0/legalcode","WGS84","2242952534","24986294",NA,NA,NA,NA
"50c9509d-22c7-4a22-a47d-8c48425ef4a7","HUMAN_OBSERVATION","PRESENT","Pelophylax chosenicus",36.38689,126.506727,"ASIA","Chungcheongnam-do",2019,5,12,"cdc,cdround","https://www.inaturalist.org/observations/24986301","http://creativecommons.org/licenses/by/4.0/legalcode","WGS84","2242953573","24986301",NA,NA,NA,NA
"50c9509d-22c7-4a22-a47d-8c48425ef4a7","HUMAN_OBSERVATION","PRESENT","Pelophylax chosenicus",36.308169,126.53078,"ASIA","Chungcheongnam-do",2019,5,12,"cdc,cdround","https://www.inaturalist.org/observations/24986302","http://creativecommons.org/licenses/by/4.0/legalcode","WGS84","2242953996","24986302",NA,NA,NA,NA
"50c9509d-22c7-4a22-a47d-8c48425ef4a7","HUMAN_OBSERVATION","PRESENT","Pelophylax chosenicus",36.311394,126.44278,"ASIA","Chungcheongnam-do",2019,5,12,"cdc,cdround","https://www.inaturalist.org/observations/24986305","http://creativecommons.org/licenses/by/4.0/legalcode","WGS84","2242954645","24986305",NA,NA,NA,NA
"50c9509d-22c7-4a22-a47d-8c48425ef4a7","HUMAN_OBSERVATION","PRESENT","Pelophylax chosenicus",36.302676,126.538044,"ASIA","Chungcheongnam-do",2019,5,12,"cdc,cdround","https://www.inaturalist.org/observations/24986307","http://creativecommons.org/licenses/by/4.0/legalcode","WGS84","2242953403","24986307",NA,NA,NA,NA
"50c9509d-22c7-4a22-a47d-8c48425ef4a7","HUMAN_OBSERVATION","PRESENT","Pelophylax chosenicus",36.295398,126.474375,"ASIA","Chungcheongnam-do",2019,5,12,"cdc,cdround","https://www.inaturalist.org/observations/24986309","http://creativecommons.org/licenses/by/4.0/legalcode","WGS84","2242954757","24986309",NA,NA,NA,NA
"50c9509d-22c7-4a22-a47d-8c48425ef4a7","HUMAN_OBSERVATION","PRESENT","Pelophylax chosenicus",36.370679,126.443948,"ASIA","Chungcheongnam-do",2019,5,12,"cdc,cdround","https://www.inaturalist.org/observations/24986310","http://creativecommons.org/licenses/by/4.0/legalcode","WGS84","2242953615","24986310",NA,NA,NA,NA
"50c9509d-22c7-4a22-a47d-8c48425ef4a7","HUMAN_OBSERVATION","PRESENT","Pelophylax chosenicus",36.311626,126.411239,"ASIA","Chungcheongnam-do",2019,5,12,"cdc,cdround","https://www.inaturalist.org/observations/24986311","http://creativecommons.org/licenses/by/4.0/legalcode","WGS84","2242953531","24986311",NA,NA,NA,NA
"50c9509d-22c7-4a22-a47d-8c48425ef4a7","HUMAN_OBSERVATION","PRESENT","Pelophylax chosenicus",36.365439,126.515633,"ASIA","Chungcheongnam-do",2019,5,12,"cdc,cdround","https://www.inaturalist.org/observations/24986313","http://creativecommons.org/licenses/by/4.0/legalcode","WGS84","2242953524","24986313",NA,NA,NA,NA
"50c9509d-22c7-4a22-a47d-8c48425ef4a7","HUMAN_OBSERVATION","PRESENT","Pelophylax chosenicus",36.323243,126.412054,"ASIA","Chungcheongnam-do",2019,5,12,"cdc,cdround","https://www.inaturalist.org/observations/24986314","http://creativecommons.org/licenses/by/4.0/legalcode","WGS84","2242951589","24986314",NA,NA,NA,NA
"50c9509d-22c7-4a22-a47d-8c48425ef4a7","HUMAN_OBSERVATION","PRESENT","Pelophylax chosenicus",36.249804,126.58128,"ASIA","Chungcheongnam-do",2019,5,12,"cdc,cdround","https://www.inaturalist.org/observations/24986315","http://creativecommons.org/licenses/by/4.0/legalcode","WGS84","2242952454","24986315",NA,NA,NA,NA
"50c9509d-22c7-4a22-a47d-8c48425ef4a7","HUMAN_OBSERVATION","PRESENT","Pelophylax chosenicus",36.636268,126.414103,"ASIA","Chungcheongnam-do",2019,5,13,"cdc,cdround","https://www.inaturalist.org/observations/25054595","http://creativecommons.org/licenses/by/4.0/legalcode","WGS84","2242971883","25054595",NA,NA,NA,NA
"50c9509d-22c7-4a22-a47d-8c48425ef4a7","HUMAN_OBSERVATION","PRESENT","Pelophylax chosenicus",36.794763,126.593275,"ASIA","Chungcheongnam-do",2019,5,13,"cdc,cdround","https://www.inaturalist.org/observations/25054597","http://creativecommons.org/licenses/by/4.0/legalcode","WGS84","2242972250","25054597",NA,NA,NA,NA
"50c9509d-22c7-4a22-a47d-8c48425ef4a7","HUMAN_OBSERVATION","PRESENT","Pelophylax chosenicus",36.622437,126.537217,"ASIA","Chungcheongnam-do",2019,5,13,"cdc,cdround","https://www.inaturalist.org/observations/25054599","http://creativecommons.org/licenses/by/4.0/legalcode","WGS84","2242970719","25054599",NA,NA,NA,NA
"50c9509d-22c7-4a22-a47d-8c48425ef4a7","HUMAN_OBSERVATION","PRESENT","Pelophylax chosenicus",36.952648,126.804706,"ASIA","Gyeonggi-do",2019,5,4,"cdc,cdround","https://www.inaturalist.org/observations/25101503","http://creativecommons.org/licenses/by-nc/4.0/legalcode","WGS84","2242985934","25101503",NA,NA,NA,NA
"50c9509d-22c7-4a22-a47d-8c48425ef4a7","HUMAN_OBSERVATION","PRESENT","Pelophylax chosenicus",36.345839,126.904382,"ASIA","Chungcheongnam-do",2019,5,14,"cdc,cdround","https://www.inaturalist.org/observations/25109845","http://creativecommons.org/licenses/by-nc/4.0/legalcode","WGS84","2242986728","25109845",NA,NA,NA,NA
"50c9509d-22c7-4a22-a47d-8c48425ef4a7","HUMAN_OBSERVATION","PRESENT","Pelophylax chosenicus",36.36758,126.958089,"ASIA","Chungcheongnam-do",2019,5,14,"cdc,cdround","https://www.inaturalist.org/observations/25109877","http://creativecommons.org/licenses/by-nc/4.0/legalcode","WGS84","2242984183","25109877",NA,NA,NA,NA
"50c9509d-22c7-4a22-a47d-8c48425ef4a7","HUMAN_OBSERVATION","PRESENT","Pelophylax chosenicus",36.263642,126.906368,"ASIA","Chungcheongnam-do",2019,5,14,"cdc,cdround","https://www.inaturalist.org/observations/25109962","http://creativecommons.org/licenses/by-nc/4.0/legalcode","WGS84","2242985334","25109962",NA,NA,NA,NA
"50c9509d-22c7-4a22-a47d-8c48425ef4a7","HUMAN_OBSERVATION","PRESENT","Pelophylax chosenicus",36.320329,126.899079,"ASIA","Chungcheongnam-do",2019,5,14,"cdc,cdround","https://www.inaturalist.org/observations/25110964","http://creativecommons.org/licenses/by-nc/4.0/legalcode","WGS84","2242986014","25110964",NA,NA,NA,NA
"50c9509d-22c7-4a22-a47d-8c48425ef4a7","HUMAN_OBSERVATION","PRESENT","Pelophylax chosenicus",36.3818,126.871095,"ASIA","Chungcheongnam-do",2019,5,15,"cdc,cdround","https://www.inaturalist.org/observations/25111071","http://creativecommons.org/licenses/by-nc/4.0/legalcode","WGS84","2242987029","25111071",NA,NA,NA,NA
"50c9509d-22c7-4a22-a47d-8c48425ef4a7","HUMAN_OBSERVATION","PRESENT","Pelophylax chosenicus",36.819486,126.887092,"ASIA","Chungcheongnam-do",2019,5,15,"cdc,cdround","https://www.inaturalist.org/observations/25154058","http://creativecommons.org/licenses/by-nc/4.0/legalcode","WGS84","2242999653","25154058",NA,NA,NA,NA
"50c9509d-22c7-4a22-a47d-8c48425ef4a7","HUMAN_OBSERVATION","PRESENT","Pelophylax chosenicus",36.977189,126.979059,"ASIA","Chungcheongnam-do",2019,5,15,"cdc,cdround","https://www.inaturalist.org/observations/25154077","http://creativecommons.org/licenses/by-nc/4.0/legalcode","WGS84","2242998799","25154077",NA,NA,NA,NA
"50c9509d-22c7-4a22-a47d-8c48425ef4a7","HUMAN_OBSERVATION","PRESENT","Pelophylax chosenicus",36.598649,127.349705,"ASIA","Sejong",2019,5,15,"cdc,cdround","https://www.inaturalist.org/observations/25156823","http://creativecommons.org/licenses/by-nc/4.0/legalcode","WGS84","2244221797","25156823",NA,NA,NA,NA
"50c9509d-22c7-4a22-a47d-8c48425ef4a7","HUMAN_OBSERVATION","PRESENT","Pelophylax chosenicus",36.200788,126.499408,"ASIA","Chungcheongnam-do",2019,5,15,"cdc,cdround","https://www.inaturalist.org/observations/25157254","http://creativecommons.org/licenses/by/4.0/legalcode","WGS84","2242999391","25157254",NA,NA,NA,NA
"50c9509d-22c7-4a22-a47d-8c48425ef4a7","HUMAN_OBSERVATION","PRESENT","Pelophylax chosenicus",36.276761,126.504812,"ASIA","Chungcheongnam-do",2019,5,15,"cdc,cdround","https://www.inaturalist.org/observations/25157258","http://creativecommons.org/licenses/by/4.0/legalcode","WGS84","2242998644","25157258",NA,NA,NA,NA
"50c9509d-22c7-4a22-a47d-8c48425ef4a7","HUMAN_OBSERVATION","PRESENT","Pelophylax chosenicus",36.333295,126.579071,"ASIA","Chungcheongnam-do",2019,5,15,"cdc,cdround","https://www.inaturalist.org/observations/25157261","http://creativecommons.org/licenses/by/4.0/legalcode","WGS84","2242999781","25157261",NA,NA,NA,NA
"50c9509d-22c7-4a22-a47d-8c48425ef4a7","HUMAN_OBSERVATION","PRESENT","Pelophylax chosenicus",36.25063,126.570968,"ASIA","Chungcheongnam-do",2019,5,15,"cdc,cdround","https://www.inaturalist.org/observations/25157263","http://creativecommons.org/licenses/by/4.0/legalcode","WGS84","2243000701","25157263",NA,NA,NA,NA
"50c9509d-22c7-4a22-a47d-8c48425ef4a7","HUMAN_OBSERVATION","PRESENT","Pelophylax chosenicus",36.264545,126.480924,"ASIA","Chungcheongnam-do",2019,5,15,"cdc,cdround","https://www.inaturalist.org/observations/25157277","http://creativecommons.org/licenses/by/4.0/legalcode","WGS84","2242998899","25157277",NA,NA,NA,NA
"50c9509d-22c7-4a22-a47d-8c48425ef4a7","HUMAN_OBSERVATION","PRESENT","Pelophylax chosenicus",36.244658,126.434697,"ASIA","Chungcheongnam-do",2019,5,15,"cdc,cdround","https://www.inaturalist.org/observations/25157281","http://creativecommons.org/licenses/by/4.0/legalcode","WGS84","2242999531","25157281",NA,NA,NA,NA
"50c9509d-22c7-4a22-a47d-8c48425ef4a7","HUMAN_OBSERVATION","PRESENT","Pelophylax chosenicus",36.263023,126.440594,NA,"Chungcheongnam-do",2019,5,15,"cdround","https://www.inaturalist.org/observations/25157282","http://creativecommons.org/licenses/by/4.0/legalcode","WGS84","2242999342","25157282",NA,NA,NA,NA
"50c9509d-22c7-4a22-a47d-8c48425ef4a7","HUMAN_OBSERVATION","PRESENT","Pelophylax chosenicus",36.768445,126.476497,"ASIA","Chungcheongnam-do",2019,5,15,"cdc,cdround","https://www.inaturalist.org/observations/25157292","http://creativecommons.org/licenses/by/4.0/legalcode","WGS84","2242999959","25157292",NA,NA,NA,NA
"50c9509d-22c7-4a22-a47d-8c48425ef4a7","HUMAN_OBSERVATION","PRESENT","Pelophylax chosenicus",36.722642,126.599638,"ASIA","Chungcheongnam-do",2019,5,15,"cdc,cdround","https://www.inaturalist.org/observations/25157293","http://creativecommons.org/licenses/by/4.0/legalcode","WGS84","2242998266","25157293",NA,NA,NA,NA
"50c9509d-22c7-4a22-a47d-8c48425ef4a7","HUMAN_OBSERVATION","PRESENT","Pelophylax chosenicus",36.762363,126.459235,"ASIA","Chungcheongnam-do",2019,5,15,"cdc,cdround","https://www.inaturalist.org/observations/25157294","http://creativecommons.org/licenses/by/4.0/legalcode","WGS84","2242999042","25157294",NA,NA,NA,NA
"50c9509d-22c7-4a22-a47d-8c48425ef4a7","HUMAN_OBSERVATION","PRESENT","Pelophylax chosenicus",36.728059,126.403104,"ASIA","Chungcheongnam-do",2019,5,15,"cdc,cdround","https://www.inaturalist.org/observations/25157295","http://creativecommons.org/licenses/by/4.0/legalcode","WGS84","2242998918","25157295",NA,NA,NA,NA
"50c9509d-22c7-4a22-a47d-8c48425ef4a7","HUMAN_OBSERVATION","PRESENT","Pelophylax chosenicus",36.34283,126.573912,"ASIA","Chungcheongnam-do",2019,5,15,"cdc,cdround","https://www.inaturalist.org/observations/25157301","http://creativecommons.org/licenses/by/4.0/legalcode","WGS84","2609074741","25157301",NA,NA,NA,NA
"50c9509d-22c7-4a22-a47d-8c48425ef4a7","HUMAN_OBSERVATION","PRESENT","Pelophylax chosenicus",36.213975,126.540367,"ASIA","Chungcheongnam-do",2019,5,18,"cdc,cdround","https://www.inaturalist.org/observations/25316943","http://creativecommons.org/licenses/by/4.0/legalcode","WGS84","2283018206","25316943",NA,NA,NA,NA
"50c9509d-22c7-4a22-a47d-8c48425ef4a7","HUMAN_OBSERVATION","PRESENT","Pelophylax chosenicus",36.886196,126.843688,"ASIA","Chungcheongnam-do",2019,5,19,"cdc,cdround","https://www.inaturalist.org/observations/25352883","http://creativecommons.org/licenses/by/4.0/legalcode","WGS84","2244253955","25352883",NA,NA,NA,NA
"50c9509d-22c7-4a22-a47d-8c48425ef4a7","HUMAN_OBSERVATION","PRESENT","Pelophylax chosenicus",36.82117,126.96962,"ASIA","Chungcheongnam-do",2019,5,19,"cdc,cdround","https://www.inaturalist.org/observations/25352884","http://creativecommons.org/licenses/by/4.0/legalcode","WGS84","2244254385","25352884",NA,NA,NA,NA
"50c9509d-22c7-4a22-a47d-8c48425ef4a7","HUMAN_OBSERVATION","PRESENT","Pelophylax chosenicus",36.846368,126.841324,"ASIA","Chungcheongnam-do",2019,5,19,"cdc,cdround","https://www.inaturalist.org/observations/25352885","http://creativecommons.org/licenses/by/4.0/legalcode","WGS84","2244254313","25352885",NA,NA,NA,NA
"50c9509d-22c7-4a22-a47d-8c48425ef4a7","HUMAN_OBSERVATION","PRESENT","Pelophylax chosenicus",36.931328,126.823277,"ASIA","Chungcheongnam-do",2019,5,19,"cdc,cdround","https://www.inaturalist.org/observations/25352889","http://creativecommons.org/licenses/by/4.0/legalcode","WGS84","2244253171","25352889",NA,NA,NA,NA
"50c9509d-22c7-4a22-a47d-8c48425ef4a7","HUMAN_OBSERVATION","PRESENT","Pelophylax chosenicus",36.774811,126.439753,"ASIA","Chungcheongnam-do",2019,5,19,"cdc,cdround","https://www.inaturalist.org/observations/25363947","http://creativecommons.org/licenses/by/4.0/legalcode","WGS84","2244257521","25363947",NA,NA,NA,NA
"50c9509d-22c7-4a22-a47d-8c48425ef4a7","HUMAN_OBSERVATION","PRESENT","Pelophylax chosenicus",36.758959,126.551631,"ASIA","Chungcheongnam-do",2019,5,19,"cdc,cdround","https://www.inaturalist.org/observations/25363979","http://creativecommons.org/licenses/by/4.0/legalcode","WGS84","2244257703","25363979",NA,NA,NA,NA
"50c9509d-22c7-4a22-a47d-8c48425ef4a7","HUMAN_OBSERVATION","PRESENT","Pelophylax chosenicus",36.837212,126.878642,"ASIA","Chungcheongnam-do",2019,5,19,"cdc,cdround","https://www.inaturalist.org/observations/25371295","http://creativecommons.org/licenses/by/4.0/legalcode","WGS84","2244259080","25371295",NA,NA,NA,NA
"50c9509d-22c7-4a22-a47d-8c48425ef4a7","HUMAN_OBSERVATION","PRESENT","Pelophylax chosenicus",36.602235,126.590007,"ASIA","Chungcheongnam-do",2019,5,22,"cdc,cdround","https://www.inaturalist.org/observations/25554870","http://creativecommons.org/licenses/by/4.0/legalcode","WGS84","2244310464","25554870",NA,NA,NA,NA
"50c9509d-22c7-4a22-a47d-8c48425ef4a7","HUMAN_OBSERVATION","PRESENT","Pelophylax chosenicus",36.631354,126.513068,"ASIA","Chungcheongnam-do",2019,5,22,"cdc,cdround","https://www.inaturalist.org/observations/25554871","http://creativecommons.org/licenses/by/4.0/legalcode","WGS84","2244311402","25554871",NA,NA,NA,NA
"50c9509d-22c7-4a22-a47d-8c48425ef4a7","HUMAN_OBSERVATION","PRESENT","Pelophylax chosenicus",36.651434,126.528941,"ASIA","Chungcheongnam-do",2019,5,22,"cdc,cdround","https://www.inaturalist.org/observations/25554942","http://creativecommons.org/licenses/by/4.0/legalcode","WGS84","2244310473","25554942",NA,NA,NA,NA
"50c9509d-22c7-4a22-a47d-8c48425ef4a7","HUMAN_OBSERVATION","PRESENT","Pelophylax chosenicus",36.385654,127.05719,"ASIA","Chungcheongnam-do",2019,5,24,"cdc,cdround","https://www.inaturalist.org/observations/25675666","http://creativecommons.org/licenses/by-nc/4.0/legalcode","WGS84","2251865791","25675666",NA,NA,NA,NA
"50c9509d-22c7-4a22-a47d-8c48425ef4a7","HUMAN_OBSERVATION","PRESENT","Pelophylax chosenicus",36.359268,127.138763,"ASIA","Chungcheongnam-do",2019,5,24,"cdc,cdround","https://www.inaturalist.org/observations/25675691","http://creativecommons.org/licenses/by-nc/4.0/legalcode","WGS84","2251867739","25675691",NA,NA,NA,NA
"50c9509d-22c7-4a22-a47d-8c48425ef4a7","HUMAN_OBSERVATION","PRESENT","Pelophylax chosenicus",36.311408,127.183661,"ASIA","Chungcheongnam-do",2019,5,24,"cdc,cdround","https://www.inaturalist.org/observations/25675713","http://creativecommons.org/licenses/by-nc/4.0/legalcode","WGS84","2251863638","25675713",NA,NA,NA,NA
"50c9509d-22c7-4a22-a47d-8c48425ef4a7","HUMAN_OBSERVATION","PRESENT","Pelophylax chosenicus",36.231289,127.134875,"ASIA","Chungcheongnam-do",2019,5,24,"cdc,cdround","https://www.inaturalist.org/observations/25675740","http://creativecommons.org/licenses/by-nc/4.0/legalcode","WGS84","2251864654","25675740",NA,NA,NA,NA
"50c9509d-22c7-4a22-a47d-8c48425ef4a7","HUMAN_OBSERVATION","PRESENT","Pelophylax chosenicus",36.312466,127.043981,"ASIA","Chungcheongnam-do",2019,5,24,"cdc,cdround","https://www.inaturalist.org/observations/25675865","http://creativecommons.org/licenses/by-nc/4.0/legalcode","WGS84","2251865454","25675865",NA,NA,NA,NA
"50c9509d-22c7-4a22-a47d-8c48425ef4a7","HUMAN_OBSERVATION","PRESENT","Pelophylax chosenicus",36.317568,126.918976,"ASIA","Chungcheongnam-do",2019,5,25,"cdc,cdround","https://www.inaturalist.org/observations/25676753","http://creativecommons.org/licenses/by-nc/4.0/legalcode","WGS84","2251866898","25676753",NA,NA,NA,NA
"50c9509d-22c7-4a22-a47d-8c48425ef4a7","HUMAN_OBSERVATION","PRESENT","Pelophylax chosenicus",36.367255,126.913111,"ASIA","Chungcheongnam-do",2019,5,25,"cdc,cdround","https://www.inaturalist.org/observations/25725244","http://creativecommons.org/licenses/by-nc/4.0/legalcode","WGS84","2251880841","25725244",NA,NA,NA,NA
"50c9509d-22c7-4a22-a47d-8c48425ef4a7","HUMAN_OBSERVATION","PRESENT","Pelophylax chosenicus",36.354155,126.800886,"ASIA","Chungcheongnam-do",2019,5,25,"cdc,cdround","https://www.inaturalist.org/observations/25726944","http://creativecommons.org/licenses/by-nc/4.0/legalcode","WGS84","2251881895","25726944",NA,NA,NA,NA
"50c9509d-22c7-4a22-a47d-8c48425ef4a7","HUMAN_OBSERVATION","PRESENT","Pelophylax chosenicus",36.329323,126.852093,"ASIA","Chungcheongnam-do",2019,5,25,"cdc,cdround","https://www.inaturalist.org/observations/25726962","http://creativecommons.org/licenses/by-nc/4.0/legalcode","WGS84","2251880300","25726962",NA,NA,NA,NA
"50c9509d-22c7-4a22-a47d-8c48425ef4a7","HUMAN_OBSERVATION","PRESENT","Pelophylax chosenicus",36.827594,126.803689,"ASIA","Chungcheongnam-do",2019,5,25,"cdc,cdround","https://www.inaturalist.org/observations/25728141","http://creativecommons.org/licenses/by-nc/4.0/legalcode","WGS84","2251880245","25728141",NA,NA,NA,NA
"50c9509d-22c7-4a22-a47d-8c48425ef4a7","HUMAN_OBSERVATION","PRESENT","Pelophylax chosenicus",36.868862,127.308665,"ASIA","Gyeonggi-do",2019,5,25,"cdc,cdround","https://www.inaturalist.org/observations/25729624","http://creativecommons.org/licenses/by-nc/4.0/legalcode","WGS84","2251880398","25729624",NA,NA,NA,NA
"50c9509d-22c7-4a22-a47d-8c48425ef4a7","HUMAN_OBSERVATION","PRESENT","Pelophylax chosenicus",36.634226,126.53234,"ASIA","Chungcheongnam-do",2019,5,25,"cdc,cdround","https://www.inaturalist.org/observations/25732151","http://creativecommons.org/licenses/by/4.0/legalcode","WGS84","2251882803","25732151",NA,NA,NA,NA
"50c9509d-22c7-4a22-a47d-8c48425ef4a7","HUMAN_OBSERVATION","PRESENT","Pelophylax chosenicus",36.265309,127.013832,"ASIA","Chungcheongnam-do",2019,5,28,"cdc,cdround","https://www.inaturalist.org/observations/25946027","http://creativecommons.org/licenses/by-nc/4.0/legalcode","WGS84","2609075241","25946027",NA,NA,NA,NA
"50c9509d-22c7-4a22-a47d-8c48425ef4a7","HUMAN_OBSERVATION","PRESENT","Pelophylax chosenicus",36.318821,126.931766,"ASIA","Chungcheongnam-do",2019,5,28,"cdc,cdround","https://www.inaturalist.org/observations/25948106","http://creativecommons.org/licenses/by-nc/4.0/legalcode","WGS84","2574125978","25948106",NA,NA,NA,NA
"50c9509d-22c7-4a22-a47d-8c48425ef4a7","HUMAN_OBSERVATION","PRESENT","Pelophylax chosenicus",36.38873,126.957077,"ASIA","Chungcheongnam-do",2019,5,29,"cdc,cdround","https://www.inaturalist.org/observations/25948299","http://creativecommons.org/licenses/by-nc/4.0/legalcode","WGS84","2251941782","25948299",NA,NA,NA,NA
"50c9509d-22c7-4a22-a47d-8c48425ef4a7","HUMAN_OBSERVATION","PRESENT","Pelophylax chosenicus",36.211582,126.912906,"ASIA","Chungcheongnam-do",2019,5,29,"cdc,cdround","https://www.inaturalist.org/observations/25948478","http://creativecommons.org/licenses/by-nc/4.0/legalcode","WGS84","2251942793","25948478",NA,NA,NA,NA
"50c9509d-22c7-4a22-a47d-8c48425ef4a7","HUMAN_OBSERVATION","PRESENT","Pelophylax chosenicus",35.853953,126.822267,"ASIA","Jeollabuk-do",2019,6,1,"cdc,cdround","https://www.inaturalist.org/observations/169366310","http://creativecommons.org/licenses/by-nc/4.0/legalcode","WGS84","4138450179","169366310",NA,NA,NA,NA
"50c9509d-22c7-4a22-a47d-8c48425ef4a7","HUMAN_OBSERVATION","PRESENT","Pelophylax chosenicus",37.537816,126.677366,"ASIA","Gyeonggi-do",2019,6,1,"cdc,cdround","https://www.inaturalist.org/observations/26214713","http://creativecommons.org/licenses/by/4.0/legalcode","WGS84","2252008329","26214713",NA,NA,NA,NA
"50c9509d-22c7-4a22-a47d-8c48425ef4a7","HUMAN_OBSERVATION","PRESENT","Pelophylax chosenicus",37.446097,126.739243,"ASIA","Gyeonggi-do",2019,6,1,"cdc,cdround","https://www.inaturalist.org/observations/26214714","http://creativecommons.org/licenses/by/4.0/legalcode","WGS84","2252008332","26214714",NA,NA,NA,NA
"50c9509d-22c7-4a22-a47d-8c48425ef4a7","HUMAN_OBSERVATION","PRESENT","Pelophylax chosenicus",37.472102,126.612136,"ASIA","Gyeonggi-do",2019,6,1,"cdc,cdround","https://www.inaturalist.org/observations/26214718","http://creativecommons.org/licenses/by/4.0/legalcode","WGS84","2252007746","26214718",NA,NA,NA,NA
"50c9509d-22c7-4a22-a47d-8c48425ef4a7","HUMAN_OBSERVATION","PRESENT","Pelophylax chosenicus",37.467355,126.686906,"ASIA","Gyeonggi-do",2019,6,1,"cdc,cdround","https://www.inaturalist.org/observations/26214734","http://creativecommons.org/licenses/by/4.0/legalcode","WGS84","2252007908","26214734",NA,NA,NA,NA
"50c9509d-22c7-4a22-a47d-8c48425ef4a7","HUMAN_OBSERVATION","PRESENT","Pelophylax chosenicus",37.425453,126.705882,"ASIA","Gyeonggi-do",2019,6,1,"cdc,cdround","https://www.inaturalist.org/observations/26214759","http://creativecommons.org/licenses/by/4.0/legalcode","WGS84","2252005755","26214759",NA,NA,NA,NA
"50c9509d-22c7-4a22-a47d-8c48425ef4a7","HUMAN_OBSERVATION","PRESENT","Pelophylax chosenicus",37.548869,126.79083,"ASIA","Gyeonggi-do",2019,6,1,"cdc,cdround","https://www.inaturalist.org/observations/26214790","http://creativecommons.org/licenses/by/4.0/legalcode","WGS84","2252006972","26214790",NA,NA,NA,NA
"50c9509d-22c7-4a22-a47d-8c48425ef4a7","HUMAN_OBSERVATION","PRESENT","Pelophylax chosenicus",37.403128,126.603004,"ASIA","Gyeonggi-do",2019,6,1,"cdc,cdround","https://www.inaturalist.org/observations/26214794","http://creativecommons.org/licenses/by/4.0/legalcode","WGS84","2252006700","26214794",NA,NA,NA,NA
"50c9509d-22c7-4a22-a47d-8c48425ef4a7","HUMAN_OBSERVATION","PRESENT","Pelophylax chosenicus",37.550286,126.719474,"ASIA","Gyeonggi-do",2019,6,1,"cdc,cdround","https://www.inaturalist.org/observations/26214795","http://creativecommons.org/licenses/by/4.0/legalcode","WGS84","2252005247","26214795",NA,NA,NA,NA
"50c9509d-22c7-4a22-a47d-8c48425ef4a7","HUMAN_OBSERVATION","PRESENT","Pelophylax chosenicus",37.481512,126.761316,"ASIA","Gyeonggi-do",2019,6,1,"cdc,cdround","https://www.inaturalist.org/observations/26214797","http://creativecommons.org/licenses/by/4.0/legalcode","WGS84","2252008146","26214797",NA,NA,NA,NA
"50c9509d-22c7-4a22-a47d-8c48425ef4a7","HUMAN_OBSERVATION","PRESENT","Pelophylax chosenicus",37.76496,126.565166,"ASIA","Incheon",2019,6,6,"cdc,cdround","https://www.inaturalist.org/observations/26495488","http://creativecommons.org/licenses/by-nc/4.0/legalcode","WGS84","2252076918","26495488",NA,NA,NA,NA
"50c9509d-22c7-4a22-a47d-8c48425ef4a7","HUMAN_OBSERVATION","PRESENT","Pelophylax chosenicus",36.619773,126.528741,"ASIA","Chungcheongnam-do",2019,6,16,"cdc,cdround","https://www.inaturalist.org/observations/27076226","http://creativecommons.org/licenses/by/4.0/legalcode","WGS84","2269261842","27076226",NA,NA,NA,NA
"50c9509d-22c7-4a22-a47d-8c48425ef4a7","HUMAN_OBSERVATION","PRESENT","Pelophylax chosenicus",36.770191,126.562119,"ASIA","Chungcheongnam-do",2019,6,16,"cdc,cdround","https://www.inaturalist.org/observations/27076227","http://creativecommons.org/licenses/by/4.0/legalcode","WGS84","2269261593","27076227",NA,NA,NA,NA
"50c9509d-22c7-4a22-a47d-8c48425ef4a7","HUMAN_OBSERVATION","PRESENT","Pelophylax chosenicus",36.775738,126.437747,"ASIA","Chungcheongnam-do",2019,6,30,"cdc,cdround","https://www.inaturalist.org/observations/27914127","http://creativecommons.org/licenses/by/4.0/legalcode","WGS84","2283079363","27914127",NA,NA,NA,NA
"50c9509d-22c7-4a22-a47d-8c48425ef4a7","HUMAN_OBSERVATION","PRESENT","Pelophylax chosenicus",38.196826,127.043956,"ASIA","Gyeonggi-do",2019,6,30,"cdc,cdround","https://www.inaturalist.org/observations/27990924","http://creativecommons.org/licenses/by-nc/4.0/legalcode","WGS84","2283101577","27990924",NA,NA,NA,NA
"50c9509d-22c7-4a22-a47d-8c48425ef4a7","HUMAN_OBSERVATION","PRESENT","Pelophylax chosenicus",38.108905,127.028752,"ASIA","Gyeonggi-do",2019,6,30,"cdc,cdround","https://www.inaturalist.org/observations/27991045","http://creativecommons.org/licenses/by-nc/4.0/legalcode","WGS84","2283102641","27991045",NA,NA,NA,NA
"50c9509d-22c7-4a22-a47d-8c48425ef4a7","HUMAN_OBSERVATION","PRESENT","Pelophylax chosenicus",38.079282,127.016904,"ASIA","Gyeonggi-do",2019,6,30,"cdc,cdround","https://www.inaturalist.org/observations/27991090","http://creativecommons.org/licenses/by-nc/4.0/legalcode","WGS84","2283102329","27991090",NA,NA,NA,NA
"50c9509d-22c7-4a22-a47d-8c48425ef4a7","HUMAN_OBSERVATION","PRESENT","Pelophylax chosenicus",39.063338,125.758618,"ASIA","P'yongan-namdo",2019,6,14,"cdc,cdround","https://www.inaturalist.org/observations/38179633","http://creativecommons.org/licenses/by-nc/4.0/legalcode","WGS84","2573838652","38179633",NA,NA,NA,NA
"50c9509d-22c7-4a22-a47d-8c48425ef4a7","HUMAN_OBSERVATION","PRESENT","Pelophylax chosenicus",38.920113,125.219506,"ASIA","P'yongan-namdo",2019,6,15,"cdc,cdround","https://www.inaturalist.org/observations/38180094","http://creativecommons.org/licenses/by-nc/4.0/legalcode","WGS84","2574281755","38180094",NA,NA,NA,NA
"50c9509d-22c7-4a22-a47d-8c48425ef4a7","HUMAN_OBSERVATION","PRESENT","Pelophylax chosenicus",39.064544,125.688292,"ASIA","P'yongan-namdo",2019,6,14,"cdc,cdround","https://www.inaturalist.org/observations/38753052","http://creativecommons.org/licenses/by-nc/4.0/legalcode","WGS84","2574242393","38753052",NA,NA,NA,NA
"50c9509d-22c7-4a22-a47d-8c48425ef4a7","HUMAN_OBSERVATION","PRESENT","Pelophylax chosenicus",39.117516,125.74566,"ASIA","P'yongan-namdo",2019,6,14,"cdc,cdround","https://www.inaturalist.org/observations/38753053","http://creativecommons.org/licenses/by-nc/4.0/legalcode","WGS84","2574250398","38753053",NA,NA,NA,NA
"50c9509d-22c7-4a22-a47d-8c48425ef4a7","HUMAN_OBSERVATION","PRESENT","Pelophylax chosenicus",39.116283,125.677733,"ASIA","P'yongan-namdo",2019,6,14,"cdc,cdround","https://www.inaturalist.org/observations/38753055","http://creativecommons.org/licenses/by-nc/4.0/legalcode","WGS84","2574260480","38753055",NA,NA,NA,NA
"50c9509d-22c7-4a22-a47d-8c48425ef4a7","HUMAN_OBSERVATION","PRESENT","Pelophylax chosenicus",39.008387,125.771593,"ASIA","P'yongan-namdo",2019,6,14,"cdc,cdround","https://www.inaturalist.org/observations/38753071","http://creativecommons.org/licenses/by-nc/4.0/legalcode","WGS84","2573944311","38753071",NA,NA,NA,NA
"50c9509d-22c7-4a22-a47d-8c48425ef4a7","HUMAN_OBSERVATION","PRESENT","Pelophylax chosenicus",38.859427,125.229715,"ASIA","P'yongan-namdo",2019,6,15,"cdc,cdround","https://www.inaturalist.org/observations/38753136","http://creativecommons.org/licenses/by-nc/4.0/legalcode","WGS84","2574234420","38753136",NA,NA,NA,NA
"50c9509d-22c7-4a22-a47d-8c48425ef4a7","HUMAN_OBSERVATION","PRESENT","Pelophylax chosenicus",38.96191,125.269212,"ASIA","P'yongan-namdo",2019,6,15,"cdc,cdround","https://www.inaturalist.org/observations/38753139","http://creativecommons.org/licenses/by-nc/4.0/legalcode","WGS84","2574257433","38753139",NA,NA,NA,NA
"50c9509d-22c7-4a22-a47d-8c48425ef4a7","HUMAN_OBSERVATION","PRESENT","Pelophylax chosenicus",38.836592,125.294842,"ASIA","P'yongan-namdo",2019,6,15,"cdc,cdround","https://www.inaturalist.org/observations/38753158","http://creativecommons.org/licenses/by-nc/4.0/legalcode","WGS84","2573854275","38753158",NA,NA,NA,NA
"50c9509d-22c7-4a22-a47d-8c48425ef4a7","HUMAN_OBSERVATION","PRESENT","Pelophylax chosenicus",37.541046,126.957272,"ASIA","Gyeonggi-do",2019,7,2,"cdc,cdround","https://www.inaturalist.org/observations/28598196","http://creativecommons.org/licenses/by-nc/4.0/legalcode","WGS84","2397483617","28598196",NA,NA,NA,NA
"50c9509d-22c7-4a22-a47d-8c48425ef4a7","HUMAN_OBSERVATION","PRESENT","Pelophylax chosenicus",36.67784,126.545198,"ASIA","Chungcheongnam-do",2019,7,16,"cdc,cdround","https://www.inaturalist.org/observations/28929410","http://creativecommons.org/licenses/by/4.0/legalcode","WGS84","2294526301","28929410",NA,NA,NA,NA
"50c9509d-22c7-4a22-a47d-8c48425ef4a7","HUMAN_OBSERVATION","PRESENT","Pelophylax chosenicus",36.696544,126.426024,"ASIA","Chungcheongnam-do",2019,7,16,"cdc,cdround","https://www.inaturalist.org/observations/28929464","http://creativecommons.org/licenses/by/4.0/legalcode","WGS84","2294526943","28929464",NA,NA,NA,NA
"50c9509d-22c7-4a22-a47d-8c48425ef4a7","HUMAN_OBSERVATION","PRESENT","Pelophylax chosenicus",36.702589,126.571824,"ASIA","Chungcheongnam-do",2019,7,16,"cdc,cdround","https://www.inaturalist.org/observations/28929466","http://creativecommons.org/licenses/by/4.0/legalcode","WGS84","2294526302","28929466",NA,NA,NA,NA
"50c9509d-22c7-4a22-a47d-8c48425ef4a7","HUMAN_OBSERVATION","PRESENT","Pelophylax chosenicus",36.639417,126.550369,"ASIA","Chungcheongnam-do",2019,7,20,"cdc,cdround","https://www.inaturalist.org/observations/29228479","http://creativecommons.org/licenses/by/4.0/legalcode","WGS84","2294604135","29228479",NA,NA,NA,NA
"8e899b6f-ef8b-480d-a8c1-b36218908a8f","PRESERVED_SPECIMEN","PRESENT","Pelophylax chosenicus",37.662041,126.352213,"ASIA","<U+C778><U+CC9C><U+AD11><U+C5ED><U+C2DC>",2019,8,28,"cdc,gass84,inmano",NA,"http://creativecommons.org/licenses/by-nc/4.0/legalcode","WGS84","2861060977","YPIM-AR-190300051","<U+C0BC><U+C0B0><U+BA74>","<U+AC15><U+D654><U+AD70>",NA,NA
"50c9509d-22c7-4a22-a47d-8c48425ef4a7","HUMAN_OBSERVATION","PRESENT","Pelophylax chosenicus",37.570797,126.830562,"ASIA","Gyeonggi-do",2018,5,14,"cdc,cdround","https://www.inaturalist.org/observations/16518173","http://creativecommons.org/licenses/by-nc/4.0/legalcode","WGS84","1990452551","16518173",NA,NA,NA,NA
"50c9509d-22c7-4a22-a47d-8c48425ef4a7","HUMAN_OBSERVATION","PRESENT","Pelophylax chosenicus",35.969831,127.06726,"ASIA","Jeollabuk-do",2018,5,12,"cdc,cdround","https://www.inaturalist.org/observations/16518187","http://creativecommons.org/licenses/by-nc/4.0/legalcode","WGS84","1990452540","16518187",NA,NA,NA,NA
"50c9509d-22c7-4a22-a47d-8c48425ef4a7","HUMAN_OBSERVATION","PRESENT","Pelophylax chosenicus",36.183112,126.733577,"ASIA","Chungcheongnam-do",2018,5,12,"cdc,cdround","https://www.inaturalist.org/observations/16518188","http://creativecommons.org/licenses/by-nc/4.0/legalcode","WGS84","1990452549","16518188",NA,NA,NA,NA
"50c9509d-22c7-4a22-a47d-8c48425ef4a7","HUMAN_OBSERVATION","PRESENT","Pelophylax chosenicus",36.23931,126.804058,"ASIA","Chungcheongnam-do",2018,5,13,"cdc,cdround","https://www.inaturalist.org/observations/16518196","http://creativecommons.org/licenses/by-nc/4.0/legalcode","WGS84","1990452542","16518196",NA,NA,NA,NA
"50c9509d-22c7-4a22-a47d-8c48425ef4a7","HUMAN_OBSERVATION","PRESENT","Pelophylax chosenicus",37.914242,124.632936,"ASIA","Hwanghae-namdo",2018,5,8,"cdc,cdround","https://www.inaturalist.org/observations/17533007","http://creativecommons.org/licenses/by-nc/4.0/legalcode","WGS84","1949983509","17533007",NA,NA,NA,NA
"50c9509d-22c7-4a22-a47d-8c48425ef4a7","HUMAN_OBSERVATION","PRESENT","Pelophylax chosenicus",37.840207,124.753031,"ASIA","Hwanghae-namdo",2018,5,8,"cdc,cdround","https://www.inaturalist.org/observations/17533012","http://creativecommons.org/licenses/by-nc/4.0/legalcode","WGS84","2573793157","17533012",NA,NA,NA,NA
"50c9509d-22c7-4a22-a47d-8c48425ef4a7","HUMAN_OBSERVATION","PRESENT","Pelophylax chosenicus",36.88842,126.992526,"ASIA","Chungcheongnam-do",2018,8,7,"cdc,cdround","https://www.inaturalist.org/observations/15211955","http://creativecommons.org/licenses/by-nc/4.0/legalcode","WGS84","1914312733","15211955",NA,NA,NA,NA
"50c9509d-22c7-4a22-a47d-8c48425ef4a7","HUMAN_OBSERVATION","PRESENT","Pelophylax chosenicus",36.941029,126.924345,"ASIA","Chungcheongnam-do",2018,8,7,"cdc,cdround","https://www.inaturalist.org/observations/15211957","http://creativecommons.org/licenses/by-nc/4.0/legalcode","WGS84","1914312734","15211957",NA,NA,NA,NA
"50c9509d-22c7-4a22-a47d-8c48425ef4a7","HUMAN_OBSERVATION","PRESENT","Pelophylax chosenicus",36.436964,126.710856,"ASIA","Chungcheongnam-do",2018,8,9,"cdc,cdround","https://www.inaturalist.org/observations/15256929","http://creativecommons.org/licenses/by-nc/4.0/legalcode","WGS84","2294401209","15256929",NA,NA,NA,NA
"50c9509d-22c7-4a22-a47d-8c48425ef4a7","HUMAN_OBSERVATION","PRESENT","Pelophylax chosenicus",36.217899,126.924026,"ASIA","Chungcheongnam-do",2017,5,4,"cdc,cdround","https://www.inaturalist.org/observations/6097880","http://creativecommons.org/licenses/by-nc/4.0/legalcode","WGS84","1500354374","6097880",NA,NA,NA,NA
"50c9509d-22c7-4a22-a47d-8c48425ef4a7","HUMAN_OBSERVATION","PRESENT","Pelophylax chosenicus",37.765095,126.366055,"ASIA","Incheon",2017,5,11,"cdc,cdround","https://www.inaturalist.org/observations/6168990","http://creativecommons.org/licenses/by-nc/4.0/legalcode","WGS84","1802619618","6168990",NA,NA,NA,NA
"50c9509d-22c7-4a22-a47d-8c48425ef4a7","HUMAN_OBSERVATION","PRESENT","Pelophylax chosenicus",36.039331,127.057248,"ASIA","Chungcheongnam-do",2017,5,16,"cdc,cdround","https://www.inaturalist.org/observations/6234031","http://creativecommons.org/licenses/by-nc/4.0/legalcode","WGS84","1802620011","6234031",NA,NA,NA,NA
"50c9509d-22c7-4a22-a47d-8c48425ef4a7","HUMAN_OBSERVATION","PRESENT","Pelophylax chosenicus",36.392893,126.878959,"ASIA","Chungcheongnam-do",2017,5,22,"cdc,cdround","https://www.inaturalist.org/observations/6318473","http://creativecommons.org/licenses/by-nc/4.0/legalcode","WGS84","1802620460","6318473",NA,NA,NA,NA
"50c9509d-22c7-4a22-a47d-8c48425ef4a7","HUMAN_OBSERVATION","PRESENT","Pelophylax chosenicus",36.851134,127.311664,"ASIA","Gyeonggi-do",2017,5,23,"cdc,cdround","https://www.inaturalist.org/observations/6332562","http://creativecommons.org/licenses/by-nc/4.0/legalcode","WGS84","1563420597","6332562",NA,NA,NA,NA
"50c9509d-22c7-4a22-a47d-8c48425ef4a7","HUMAN_OBSERVATION","PRESENT","Pelophylax chosenicus",37.457662,126.97371,"ASIA","Gyeonggi-do",2017,5,24,"cdc,cdround","https://www.inaturalist.org/observations/6333658","http://creativecommons.org/licenses/by-nc/4.0/legalcode","WGS84","1802620570","6333658",NA,NA,NA,NA
"50c9509d-22c7-4a22-a47d-8c48425ef4a7","HUMAN_OBSERVATION","PRESENT","Pelophylax chosenicus",37.572835,126.860314,"ASIA","Gyeonggi-do",2017,5,24,"cdc,cdround","https://www.inaturalist.org/observations/6333695","http://creativecommons.org/licenses/by-nc/4.0/legalcode","WGS84","1802620566","6333695",NA,NA,NA,NA
"50c9509d-22c7-4a22-a47d-8c48425ef4a7","HUMAN_OBSERVATION","PRESENT","Pelophylax chosenicus",36.873299,126.988658,"ASIA","Chungcheongnam-do",2017,5,24,"cdc,cdround","https://www.inaturalist.org/observations/6356306","http://creativecommons.org/licenses/by-nc/4.0/legalcode","WGS84","1563421216","6356306",NA,NA,NA,NA
"50c9509d-22c7-4a22-a47d-8c48425ef4a7","HUMAN_OBSERVATION","PRESENT","Pelophylax chosenicus",36.866078,126.857941,"ASIA","Chungcheongnam-do",2017,5,25,"cdc,cdround","https://www.inaturalist.org/observations/6356317","http://creativecommons.org/licenses/by-nc/4.0/legalcode","WGS84","1563421207","6356317",NA,NA,NA,NA
"50c9509d-22c7-4a22-a47d-8c48425ef4a7","HUMAN_OBSERVATION","PRESENT","Pelophylax chosenicus",36.971924,126.871076,"ASIA","Chungcheongnam-do",2017,5,29,"cdc,cdround","https://www.inaturalist.org/observations/6570596","http://creativecommons.org/licenses/by-nc/4.0/legalcode","WGS84","1802622095","6570596",NA,NA,NA,NA
"50c9509d-22c7-4a22-a47d-8c48425ef4a7","HUMAN_OBSERVATION","PRESENT","Pelophylax chosenicus",37.522489,126.767331,"ASIA","Gyeonggi-do",2017,8,21,"cdc,cdround","https://www.inaturalist.org/observations/7645556","http://creativecommons.org/licenses/by-nc/4.0/legalcode","WGS84","1802631256","7645556",NA,NA,NA,NA
"50c9509d-22c7-4a22-a47d-8c48425ef4a7","HUMAN_OBSERVATION","PRESENT","Pelophylax chosenicus",37.541655,126.95363,"ASIA","Gyeonggi-do",2017,8,21,"cdc,cdround","https://www.inaturalist.org/observations/7645557","http://creativecommons.org/licenses/by-nc/4.0/legalcode","WGS84","1802631263","7645557",NA,NA,NA,NA
"50c9509d-22c7-4a22-a47d-8c48425ef4a7","HUMAN_OBSERVATION","PRESENT","Pelophylax chosenicus",37.588696,126.993995,"ASIA","Gyeonggi-do",2017,8,21,"cdc,cdround","https://www.inaturalist.org/observations/7645558","http://creativecommons.org/licenses/by-nc/4.0/legalcode","WGS84","1802631257","7645558",NA,NA,NA,NA
"50c9509d-22c7-4a22-a47d-8c48425ef4a7","HUMAN_OBSERVATION","PRESENT","Pelophylax chosenicus",37.559174,126.909505,"ASIA","Gyeonggi-do",2017,8,23,"cdc,cdround","https://www.inaturalist.org/observations/7645750","http://creativecommons.org/licenses/by-nc/4.0/legalcode","WGS84","1640050811","7645750",NA,NA,NA,NA
"50c9509d-22c7-4a22-a47d-8c48425ef4a7","HUMAN_OBSERVATION","PRESENT","Pelophylax chosenicus",37.41084,126.803361,"ASIA","Gyeonggi-do",2017,8,23,"cdc,cdround","https://www.inaturalist.org/observations/7645751","http://creativecommons.org/licenses/by-nc/4.0/legalcode","WGS84","1640050870","7645751",NA,NA,NA,NA
"50c9509d-22c7-4a22-a47d-8c48425ef4a7","HUMAN_OBSERVATION","PRESENT","Pelophylax chosenicus",37.491084,126.906764,"ASIA","Gyeonggi-do",2017,8,23,"cdc,cdround","https://www.inaturalist.org/observations/7645753","http://creativecommons.org/licenses/by-nc/4.0/legalcode","WGS84","1802631261","7645753",NA,NA,NA,NA
"50c9509d-22c7-4a22-a47d-8c48425ef4a7","HUMAN_OBSERVATION","PRESENT","Pelophylax chosenicus",37.499673,126.856567,"ASIA","Gyeonggi-do",2017,8,23,"cdc,cdround","https://www.inaturalist.org/observations/7645760","http://creativecommons.org/licenses/by-nc/4.0/legalcode","WGS84","1640050830","7645760",NA,NA,NA,NA
"50c9509d-22c7-4a22-a47d-8c48425ef4a7","HUMAN_OBSERVATION","PRESENT","Pelophylax chosenicus",37.520664,126.872458,"ASIA","Gyeonggi-do",2017,8,21,"cdc,cdround","https://www.inaturalist.org/observations/7711505","http://creativecommons.org/licenses/by-nc/4.0/legalcode","WGS84","1671718812","7711505",NA,NA,NA,NA
"50c9509d-22c7-4a22-a47d-8c48425ef4a7","HUMAN_OBSERVATION","PRESENT","Pelophylax chosenicus",37.957743,126.690351,"ASIA","Gyeonggi-do",2017,9,30,"cdc,cdround","https://www.inaturalist.org/observations/37763662","http://creativecommons.org/licenses/by-nc/4.0/legalcode","WGS84","2563523575","37763662",NA,NA,NA,NA
"50c9509d-22c7-4a22-a47d-8c48425ef4a7","HUMAN_OBSERVATION","PRESENT","Pelophylax chosenicus",37.411472,126.836929,"ASIA","Seoul",2017,9,2,"cdc,cdround","https://www.inaturalist.org/observations/7739155","http://creativecommons.org/licenses/by-nc/4.0/legalcode","WGS84","1802632029","7739155",NA,NA,NA,NA
"50c9509d-22c7-4a22-a47d-8c48425ef4a7","HUMAN_OBSERVATION","PRESENT","Pelophylax chosenicus",37.535992,126.899422,"ASIA","Seoul",2017,9,2,"cdc,cdround","https://www.inaturalist.org/observations/7739191","http://creativecommons.org/licenses/by-nc/4.0/legalcode","WGS84","1640079988","7739191",NA,NA,NA,NA
"50c9509d-22c7-4a22-a47d-8c48425ef4a7","HUMAN_OBSERVATION","PRESENT","Pelophylax chosenicus",37.88312,126.78689,"ASIA","Gyeonggi-do",2017,9,1,"cdc,cdround","https://www.inaturalist.org/observations/7739233","http://creativecommons.org/licenses/by-nc/4.0/legalcode","WGS84","1640080081","7739233",NA,NA,NA,NA
"50c9509d-22c7-4a22-a47d-8c48425ef4a7","HUMAN_OBSERVATION","PRESENT","Pelophylax chosenicus",37.842,126.76584,"ASIA","Gyeonggi-do",2017,9,1,"cdc,cdround","https://www.inaturalist.org/observations/7739305","http://creativecommons.org/licenses/by-nc/4.0/legalcode","WGS84","1802632033","7739305",NA,NA,NA,NA
"50c9509d-22c7-4a22-a47d-8c48425ef4a7","HUMAN_OBSERVATION","PRESENT","Pelophylax chosenicus",36.655042,126.402017,"ASIA","Chungcheongnam-do",2017,10,18,"cdc,cdround","https://www.inaturalist.org/observations/13681015","http://creativecommons.org/licenses/by-nc/4.0/legalcode","WGS84","1914309303","13681015",NA,NA,NA,NA
"50c9509d-22c7-4a22-a47d-8c48425ef4a7","HUMAN_OBSERVATION","PRESENT","Pelophylax chosenicus",36.609024,126.476241,"ASIA","Chungcheongnam-do",2017,10,16,"cdc,cdround","https://www.inaturalist.org/observations/8585103","http://creativecommons.org/licenses/by/4.0/legalcode","WGS84","1802639587","8585103",NA,NA,NA,NA
"50c9509d-22c7-4a22-a47d-8c48425ef4a7","HUMAN_OBSERVATION","PRESENT","Pelophylax chosenicus",36.339664,126.927438,"ASIA","Chungcheongnam-do",2016,5,6,"cdc,cdround","https://www.inaturalist.org/observations/3110226","http://creativecommons.org/licenses/by-nc/4.0/legalcode","WGS84","1269543440","3110226",NA,NA,NA,NA
"50c9509d-22c7-4a22-a47d-8c48425ef4a7","HUMAN_OBSERVATION","PRESENT","Pelophylax chosenicus",35.957385,126.861653,"ASIA","Jeollabuk-do",2016,5,21,"cdc,cdround","https://www.inaturalist.org/observations/3241038","http://creativecommons.org/licenses/by-nc/4.0/legalcode","WGS84","1315048977","3241038",NA,NA,NA,NA
"50c9509d-22c7-4a22-a47d-8c48425ef4a7","HUMAN_OBSERVATION","PRESENT","Pelophylax chosenicus",37.186081,127.385062,"ASIA","Gyeonggi-do",2016,6,3,"cdc,cdround","https://www.inaturalist.org/observations/3370364","http://creativecommons.org/licenses/by-nc/4.0/legalcode","WGS84","1315049433","3370364",NA,NA,NA,NA
"50c9509d-22c7-4a22-a47d-8c48425ef4a7","HUMAN_OBSERVATION","PRESENT","Pelophylax chosenicus",35.91251,126.843751,"ASIA","Jeollabuk-do",2016,6,6,"cdc,cdround","https://www.inaturalist.org/observations/3392837","http://creativecommons.org/licenses/by-nc/4.0/legalcode","WGS84","1272092653","3392837",NA,NA,NA,NA
"50c9509d-22c7-4a22-a47d-8c48425ef4a7","HUMAN_OBSERVATION","PRESENT","Pelophylax chosenicus",35.922188,126.862726,"ASIA","Jeollabuk-do",2016,6,7,"cdc,cdround","https://www.inaturalist.org/observations/3399484","http://creativecommons.org/licenses/by-nc/4.0/legalcode","WGS84","1272095120","3399484",NA,NA,NA,NA
"50c9509d-22c7-4a22-a47d-8c48425ef4a7","HUMAN_OBSERVATION","PRESENT","Pelophylax chosenicus",35.99329,126.825662,"ASIA","Jeollabuk-do",2016,6,7,"cdc,cdround","https://www.inaturalist.org/observations/3400091","http://creativecommons.org/licenses/by-nc/4.0/legalcode","WGS84","1272095250","3400091",NA,NA,NA,NA
"50c9509d-22c7-4a22-a47d-8c48425ef4a7","HUMAN_OBSERVATION","PRESENT","Pelophylax chosenicus",37.147741,127.212789,"ASIA","Gyeonggi-do",2016,6,16,"cdc,cdround","https://www.inaturalist.org/observations/3465881","http://creativecommons.org/licenses/by-nc/4.0/legalcode","WGS84","1273845840","3465881",NA,NA,NA,NA
"50c9509d-22c7-4a22-a47d-8c48425ef4a7","HUMAN_OBSERVATION","PRESENT","Pelophylax chosenicus",37.050432,127.389202,"ASIA","Gyeonggi-do",2016,6,16,"cdc,cdround","https://www.inaturalist.org/observations/3465950","http://creativecommons.org/licenses/by-nc/4.0/legalcode","WGS84","1273845868","3465950",NA,NA,NA,NA
"50c9509d-22c7-4a22-a47d-8c48425ef4a7","HUMAN_OBSERVATION","PRESENT","Pelophylax chosenicus",36.816953,126.817268,"ASIA","Chungcheongnam-do",2016,6,19,"cdc,cdround","https://www.inaturalist.org/observations/3482573","http://creativecommons.org/licenses/by-nc/4.0/legalcode","WGS84","1273850755","3482573",NA,NA,NA,NA
"50c9509d-22c7-4a22-a47d-8c48425ef4a7","HUMAN_OBSERVATION","PRESENT","Pelophylax chosenicus",35.852793,126.967928,"ASIA","Jeollabuk-do",2016,6,23,"cdc,cdround","https://www.inaturalist.org/observations/3507315","http://creativecommons.org/licenses/by-nc/4.0/legalcode","WGS84","1291083930","3507315",NA,NA,NA,NA
"50c9509d-22c7-4a22-a47d-8c48425ef4a7","HUMAN_OBSERVATION","PRESENT","Pelophylax chosenicus",37.95336,126.671683,"ASIA","Gyeonggi-do",2016,8,27,"cdc,cdround","https://www.inaturalist.org/observations/3977575","http://creativecommons.org/licenses/by-nc/4.0/legalcode","WGS84","1306576563","3977575",NA,NA,NA,NA
"50c9509d-22c7-4a22-a47d-8c48425ef4a7","HUMAN_OBSERVATION","PRESENT","Pelophylax chosenicus",37.491509,126.892412,"ASIA","Gyeonggi-do",2016,9,8,"cdc,cdround","https://www.inaturalist.org/observations/4069973","http://creativecommons.org/licenses/by-nc/4.0/legalcode","WGS84","1315055220","4069973",NA,NA,NA,NA
"50c9509d-22c7-4a22-a47d-8c48425ef4a7","HUMAN_OBSERVATION","PRESENT","Pelophylax chosenicus",37.409425,126.977262,"ASIA","Gyeonggi-do",2016,9,8,"cdc,cdround","https://www.inaturalist.org/observations/4070017","http://creativecommons.org/licenses/by-nc/4.0/legalcode","WGS84","1315055227","4070017",NA,NA,NA,NA
"50c9509d-22c7-4a22-a47d-8c48425ef4a7","HUMAN_OBSERVATION","PRESENT","Pelophylax chosenicus",37.462474,126.805066,"ASIA","Gyeonggi-do",2016,9,8,"cdc,cdround","https://www.inaturalist.org/observations/4070018","http://creativecommons.org/licenses/by-nc/4.0/legalcode","WGS84","1315055193","4070018",NA,NA,NA,NA
"50c9509d-22c7-4a22-a47d-8c48425ef4a7","HUMAN_OBSERVATION","PRESENT","Pelophylax chosenicus",36.995379,126.87759,"ASIA","Chungcheongnam-do",2016,9,18,"cdc,cdround","https://www.inaturalist.org/observations/4138154","http://creativecommons.org/licenses/by/4.0/legalcode","WGS84","1802612075","4138154",NA,NA,NA,NA
"50c9509d-22c7-4a22-a47d-8c48425ef4a7","HUMAN_OBSERVATION","PRESENT","Pelophylax chosenicus",36.80492,126.938318,"ASIA","Chungcheongnam-do",2016,9,18,"cdc,cdround","https://www.inaturalist.org/observations/4138156","http://creativecommons.org/licenses/by/4.0/legalcode","WGS84","1453115266","4138156",NA,NA,NA,NA
"50c9509d-22c7-4a22-a47d-8c48425ef4a7","HUMAN_OBSERVATION","PRESENT","Pelophylax chosenicus",36.942291,126.841672,"ASIA","Chungcheongnam-do",2016,9,18,"cdc,cdround","https://www.inaturalist.org/observations/4138157","http://creativecommons.org/licenses/by/4.0/legalcode","WGS84","1453115238","4138157",NA,NA,NA,NA
"50c9509d-22c7-4a22-a47d-8c48425ef4a7","HUMAN_OBSERVATION","PRESENT","Pelophylax chosenicus",36.968611,126.919271,"ASIA","Chungcheongnam-do",2016,9,18,"cdc,cdround","https://www.inaturalist.org/observations/4138158","http://creativecommons.org/licenses/by/4.0/legalcode","WGS84","1453115233","4138158",NA,NA,NA,NA
"50c9509d-22c7-4a22-a47d-8c48425ef4a7","HUMAN_OBSERVATION","PRESENT","Pelophylax chosenicus",36.916189,126.810958,"ASIA","Chungcheongnam-do",2016,9,18,"cdc,cdround","https://www.inaturalist.org/observations/4138159","http://creativecommons.org/licenses/by/4.0/legalcode","WGS84","1453115245","4138159",NA,NA,NA,NA
"50c9509d-22c7-4a22-a47d-8c48425ef4a7","HUMAN_OBSERVATION","PRESENT","Pelophylax chosenicus",37.659435,126.726187,"ASIA","Gyeonggi-do",2015,5,27,"cdc,cdround","https://www.inaturalist.org/observations/8242570","http://creativecommons.org/licenses/by-nc/4.0/legalcode","WGS84","1671720289","8242570",NA,NA,NA,NA
"50c9509d-22c7-4a22-a47d-8c48425ef4a7","HUMAN_OBSERVATION","PRESENT","Pelophylax chosenicus",35.850989,127.147314,"ASIA","Jeollabuk-do",2015,6,6,"cdc,cdround","https://www.inaturalist.org/observations/16182447","http://creativecommons.org/licenses/by-nc/4.0/legalcode","WGS84","1901064557","16182447",NA,NA,NA,NA
"50c9509d-22c7-4a22-a47d-8c48425ef4a7","HUMAN_OBSERVATION","PRESENT","Pelophylax chosenicus",35.97767,127.062861,"ASIA","Jeollabuk-do",2015,6,6,"cdc,cdround","https://www.inaturalist.org/observations/16182448","http://creativecommons.org/licenses/by-nc/4.0/legalcode","WGS84","1901064500","16182448",NA,NA,NA,NA
"50c9509d-22c7-4a22-a47d-8c48425ef4a7","HUMAN_OBSERVATION","PRESENT","Pelophylax chosenicus",35.832622,127.1123,"ASIA","Jeollabuk-do",2015,6,6,"cdc,cdround","https://www.inaturalist.org/observations/3681117","http://creativecommons.org/licenses/by/4.0/legalcode","WGS84","1305123983","3681117",NA,NA,NA,NA
"50c9509d-22c7-4a22-a47d-8c48425ef4a7","HUMAN_OBSERVATION","PRESENT","Pelophylax chosenicus",36.54067,127.262983,"ASIA","Sejong",2014,5,15,"cdc,cdround","https://www.inaturalist.org/observations/4674992","http://creativecommons.org/licenses/by/4.0/legalcode","WGS84","1802613789","4674992",NA,NA,NA,NA
"50c9509d-22c7-4a22-a47d-8c48425ef4a7","HUMAN_OBSERVATION","PRESENT","Pelophylax chosenicus",36.014365,127.197587,"ASIA","Chungcheongnam-do",2014,5,29,"cdc,cdround","https://www.inaturalist.org/observations/4681505","http://creativecommons.org/licenses/by/4.0/legalcode","WGS84","1453259520","4681505",NA,NA,NA,NA
"50c9509d-22c7-4a22-a47d-8c48425ef4a7","HUMAN_OBSERVATION","PRESENT","Pelophylax chosenicus",36.51063,127.371377,"ASIA","Sejong",2014,5,31,"cdc,cdround","https://www.inaturalist.org/observations/4681517","http://creativecommons.org/licenses/by/4.0/legalcode","WGS84","1453259529","4681517",NA,NA,NA,NA
"50c9509d-22c7-4a22-a47d-8c48425ef4a7","HUMAN_OBSERVATION","PRESENT","Pelophylax chosenicus",36.40579,127.302449,"ASIA","Sejong",2014,5,31,"cdc,cdround","https://www.inaturalist.org/observations/4681522","http://creativecommons.org/licenses/by/4.0/legalcode","WGS84","1802613812","4681522",NA,NA,NA,NA
"50c9509d-22c7-4a22-a47d-8c48425ef4a7","HUMAN_OBSERVATION","PRESENT","Pelophylax chosenicus",36.086369,127.052548,"ASIA","Chungcheongnam-do",2014,5,29,"cdc,cdround","https://www.inaturalist.org/observations/706723","http://creativecommons.org/licenses/by-nc/4.0/legalcode","WGS84","1273858601","706723",NA,NA,NA,NA
"50c9509d-22c7-4a22-a47d-8c48425ef4a7","HUMAN_OBSERVATION","PRESENT","Pelophylax chosenicus",36.095402,127.055592,"ASIA","Chungcheongnam-do",2014,5,30,"cdc,cdround","https://www.inaturalist.org/observations/711767","http://creativecommons.org/licenses/by/4.0/legalcode","WGS84","1257418633","711767",NA,NA,NA,NA
"50c9509d-22c7-4a22-a47d-8c48425ef4a7","HUMAN_OBSERVATION","PRESENT","Pelophylax chosenicus",35.942727,127.044417,"ASIA","Jeollabuk-do",2014,6,5,"cdc,cdround","https://www.inaturalist.org/observations/3404434","http://creativecommons.org/licenses/by/4.0/legalcode","WGS84","1272096638","3404434",NA,NA,NA,NA
"50c9509d-22c7-4a22-a47d-8c48425ef4a7","HUMAN_OBSERVATION","PRESENT","Pelophylax chosenicus",35.7376,128.490783,"ASIA","Gyeongsangbuk-do",2014,7,4,"cdc,cdround","https://www.inaturalist.org/observations/3473784","http://creativecommons.org/licenses/by/4.0/legalcode","WGS84","1273847563","3473784",NA,NA,NA,NA
"50c9509d-22c7-4a22-a47d-8c48425ef4a7","HUMAN_OBSERVATION","PRESENT","Pelophylax chosenicus",36.482952,127.310206,"ASIA","Sejong",2014,7,5,"cdc,cdround","https://www.inaturalist.org/observations/4681878","http://creativecommons.org/licenses/by/4.0/legalcode","WGS84","1453259697","4681878",NA,NA,NA,NA
"50c9509d-22c7-4a22-a47d-8c48425ef4a7","HUMAN_OBSERVATION","PRESENT","Pelophylax chosenicus",36.319473,126.812912,"ASIA","Chungcheongnam-do",2014,7,20,"cdc,cdround","https://www.inaturalist.org/observations/4681927","http://creativecommons.org/licenses/by/4.0/legalcode","WGS84","1453259718","4681927",NA,NA,NA,NA
"50c9509d-22c7-4a22-a47d-8c48425ef4a7","HUMAN_OBSERVATION","PRESENT","Pelophylax chosenicus",36.373622,126.961946,"ASIA","Chungcheongnam-do",2014,7,20,"cdc,cdround","https://www.inaturalist.org/observations/4681934","http://creativecommons.org/licenses/by/4.0/legalcode","WGS84","1453259673","4681934",NA,NA,NA,NA
"50c9509d-22c7-4a22-a47d-8c48425ef4a7","HUMAN_OBSERVATION","PRESENT","Pelophylax chosenicus",36.531619,127.25217,"ASIA","Sejong",2013,5,1,"cdc,cdround","https://www.inaturalist.org/observations/4638140","http://creativecommons.org/licenses/by/4.0/legalcode","WGS84","1453242852","4638140",NA,NA,NA,NA
"50c9509d-22c7-4a22-a47d-8c48425ef4a7","HUMAN_OBSERVATION","PRESENT","Pelophylax chosenicus",36.542276,127.339241,"ASIA","Sejong",2013,5,10,"cdc,cdround","https://www.inaturalist.org/observations/4638251","http://creativecommons.org/licenses/by/4.0/legalcode","WGS84","1802613678","4638251",NA,NA,NA,NA
"50c9509d-22c7-4a22-a47d-8c48425ef4a7","HUMAN_OBSERVATION","PRESENT","Pelophylax chosenicus",36.452066,127.203429,"ASIA","Sejong",2013,5,24,"cdc,cdround","https://www.inaturalist.org/observations/4639039","http://creativecommons.org/licenses/by/4.0/legalcode","WGS84","1453243170","4639039",NA,NA,NA,NA
"50c9509d-22c7-4a22-a47d-8c48425ef4a7","HUMAN_OBSERVATION","PRESENT","Pelophylax chosenicus",36.512853,127.317828,"ASIA","Sejong",2013,5,25,"cdc,cdround","https://www.inaturalist.org/observations/4639049","http://creativecommons.org/licenses/by/4.0/legalcode","WGS84","1453243273","4639049",NA,NA,NA,NA
"50c9509d-22c7-4a22-a47d-8c48425ef4a7","HUMAN_OBSERVATION","PRESENT","Pelophylax chosenicus",36.402066,127.321786,"ASIA","Sejong",2013,7,12,"cdc,cdround","https://www.inaturalist.org/observations/334906","http://creativecommons.org/licenses/by/4.0/legalcode","WGS84","1257418363","334906",NA,NA,NA,NA
"50c9509d-22c7-4a22-a47d-8c48425ef4a7","HUMAN_OBSERVATION","PRESENT","Pelophylax chosenicus",36.539228,127.207513,"ASIA","Sejong",2013,7,17,"cdc,cdround","https://www.inaturalist.org/observations/356213","http://creativecommons.org/licenses/by-nc/4.0/legalcode","WGS84","1880664271","356213",NA,NA,NA,NA
"50c9509d-22c7-4a22-a47d-8c48425ef4a7","HUMAN_OBSERVATION","PRESENT","Pelophylax chosenicus",36.469944,127.221907,"ASIA","Sejong",2013,7,13,"cdc,cdround","https://www.inaturalist.org/observations/4639317","http://creativecommons.org/licenses/by/4.0/legalcode","WGS84","1453243336","4639317",NA,NA,NA,NA
"50c9509d-22c7-4a22-a47d-8c48425ef4a7","HUMAN_OBSERVATION","PRESENT","Pelophylax chosenicus",36.410529,127.314311,"ASIA","Sejong",2013,7,13,"cdc,cdround","https://www.inaturalist.org/observations/4639320","http://creativecommons.org/licenses/by/4.0/legalcode","WGS84","1453243363","4639320",NA,NA,NA,NA
"50c9509d-22c7-4a22-a47d-8c48425ef4a7","HUMAN_OBSERVATION","PRESENT","Pelophylax chosenicus",36.450042,127.27542,"ASIA","Sejong",2013,7,13,"cdc,cdround","https://www.inaturalist.org/observations/4639325","http://creativecommons.org/licenses/by/4.0/legalcode","WGS84","1453243294","4639325",NA,NA,NA,NA
"50c9509d-22c7-4a22-a47d-8c48425ef4a7","HUMAN_OBSERVATION","PRESENT","Pelophylax chosenicus",36.640467,126.402945,"ASIA","Chungcheongnam-do",2013,8,23,"cdc,cdround","https://www.inaturalist.org/observations/375341","http://creativecommons.org/licenses/by/4.0/legalcode","WGS84","1453099241","375341",NA,NA,NA,NA
"50c9509d-22c7-4a22-a47d-8c48425ef4a7","HUMAN_OBSERVATION","PRESENT","Pelophylax chosenicus",36.580259,127.236292,"ASIA","Sejong",2013,12,6,"cdc,cdround","https://www.inaturalist.org/observations/4639948","http://creativecommons.org/licenses/by/4.0/legalcode","WGS84","1880665910","4639948",NA,NA,NA,NA
"50c9509d-22c7-4a22-a47d-8c48425ef4a7","HUMAN_OBSERVATION","PRESENT","Pelophylax chosenicus",36.500445,127.328057,"ASIA","Sejong",2013,12,22,"cdc,cdround","https://www.inaturalist.org/observations/4639958","http://creativecommons.org/licenses/by/4.0/legalcode","WGS84","1453243535","4639958",NA,NA,NA,NA
"50c9509d-22c7-4a22-a47d-8c48425ef4a7","HUMAN_OBSERVATION","PRESENT","Pelophylax chosenicus",36.568394,127.361232,"ASIA","Sejong",2013,12,22,"cdc,cdround","https://www.inaturalist.org/observations/4639959","http://creativecommons.org/licenses/by/4.0/legalcode","WGS84","1453243517","4639959",NA,NA,NA,NA
"50c9509d-22c7-4a22-a47d-8c48425ef4a7","HUMAN_OBSERVATION","PRESENT","Pelophylax chosenicus",36.499441,127.23054,"ASIA","Sejong",2012,5,11,"cdc,cdround","https://www.inaturalist.org/observations/4633056","http://creativecommons.org/licenses/by/4.0/legalcode","WGS84","1453241008","4633056",NA,NA,NA,NA
"50c9509d-22c7-4a22-a47d-8c48425ef4a7","HUMAN_OBSERVATION","PRESENT","Pelophylax chosenicus",36.588008,127.293875,"ASIA","Sejong",2012,5,11,"cdc,cdround","https://www.inaturalist.org/observations/4633082","http://creativecommons.org/licenses/by/4.0/legalcode","WGS84","1453241051","4633082",NA,NA,NA,NA
"50c9509d-22c7-4a22-a47d-8c48425ef4a7","HUMAN_OBSERVATION","PRESENT","Pelophylax chosenicus",36.567594,127.276132,"ASIA","Sejong",2012,5,20,"cdc,cdround","https://www.inaturalist.org/observations/4633866","http://creativecommons.org/licenses/by/4.0/legalcode","WGS84","1453241311","4633866",NA,NA,NA,NA
"50c9509d-22c7-4a22-a47d-8c48425ef4a7","HUMAN_OBSERVATION","PRESENT","Pelophylax chosenicus",36.492123,127.344538,"ASIA","Sejong",2012,5,20,"cdc,cdround","https://www.inaturalist.org/observations/4633868","http://creativecommons.org/licenses/by/4.0/legalcode","WGS84","1453241339","4633868",NA,NA,NA,NA
"50c9509d-22c7-4a22-a47d-8c48425ef4a7","HUMAN_OBSERVATION","PRESENT","Pelophylax chosenicus",37.129119,126.411562,"ASIA","Chungcheongnam-do",2012,5,26,"cdc,cdround","https://www.inaturalist.org/observations/4635949","http://creativecommons.org/licenses/by/4.0/legalcode","WGS84","1453242059","4635949",NA,NA,NA,NA
"50c9509d-22c7-4a22-a47d-8c48425ef4a7","HUMAN_OBSERVATION","PRESENT","Pelophylax chosenicus",36.953929,126.89563,"ASIA","Chungcheongnam-do",2012,5,26,"cdc,cdround","https://www.inaturalist.org/observations/4635988","http://creativecommons.org/licenses/by/4.0/legalcode","WGS84","1453242082","4635988",NA,NA,NA,NA
"50c9509d-22c7-4a22-a47d-8c48425ef4a7","HUMAN_OBSERVATION","PRESENT","Pelophylax chosenicus",37.066182,127.302513,"ASIA","Gyeonggi-do",2012,6,1,"cdc,cdround","https://www.inaturalist.org/observations/4636108","http://creativecommons.org/licenses/by/4.0/legalcode","WGS84","1914369808","4636108",NA,NA,NA,NA
"50c9509d-22c7-4a22-a47d-8c48425ef4a7","HUMAN_OBSERVATION","PRESENT","Pelophylax chosenicus",36.515708,127.282934,"ASIA","Sejong",2012,6,4,"cdc,cdround","https://www.inaturalist.org/observations/4636180","http://creativecommons.org/licenses/by/4.0/legalcode","WGS84","1453242149","4636180",NA,NA,NA,NA
"50c9509d-22c7-4a22-a47d-8c48425ef4a7","HUMAN_OBSERVATION","PRESENT","Pelophylax chosenicus",36.590053,127.298014,"ASIA","Sejong",2012,6,12,"cdc,cdround","https://www.inaturalist.org/observations/4636326","http://creativecommons.org/licenses/by/4.0/legalcode","WGS84","1453242124","4636326",NA,NA,NA,NA
"50c9509d-22c7-4a22-a47d-8c48425ef4a7","HUMAN_OBSERVATION","PRESENT","Pelophylax chosenicus",36.585588,127.342123,"ASIA","Sejong",2012,6,22,"cdc,cdround","https://www.inaturalist.org/observations/4636467","http://creativecommons.org/licenses/by/4.0/legalcode","WGS84","1453242232","4636467",NA,NA,NA,NA
"50c9509d-22c7-4a22-a47d-8c48425ef4a7","HUMAN_OBSERVATION","PRESENT","Pelophylax chosenicus",36.326547,126.483278,"ASIA","Chungcheongnam-do",2012,7,11,"cdc,cdround","https://www.inaturalist.org/observations/335085","http://creativecommons.org/licenses/by/4.0/legalcode","WGS84","1453090424","335085",NA,NA,NA,NA
"50c9509d-22c7-4a22-a47d-8c48425ef4a7","HUMAN_OBSERVATION","PRESENT","Pelophylax chosenicus",36.42823,127.302636,"ASIA","Sejong",2012,7,2,"cdc,cdround","https://www.inaturalist.org/observations/4636704","http://creativecommons.org/licenses/by/4.0/legalcode","WGS84","1453242248","4636704",NA,NA,NA,NA
"50c9509d-22c7-4a22-a47d-8c48425ef4a7","HUMAN_OBSERVATION","PRESENT","Pelophylax chosenicus",36.39821,126.55903,"ASIA","Chungcheongnam-do",2012,7,11,"cdc,cdround","https://www.inaturalist.org/observations/4636875","http://creativecommons.org/licenses/by/4.0/legalcode","WGS84","1453242347","4636875",NA,NA,NA,NA
"50c9509d-22c7-4a22-a47d-8c48425ef4a7","HUMAN_OBSERVATION","PRESENT","Pelophylax chosenicus",36.646309,126.025313,"ASIA","Chungcheongnam-do",2011,5,22,"cdc,cdround","https://www.inaturalist.org/observations/2332278","http://creativecommons.org/licenses/by/4.0/legalcode","WGS84","1802604621","2332278",NA,NA,NA,NA
"50c9509d-22c7-4a22-a47d-8c48425ef4a7","HUMAN_OBSERVATION","PRESENT","Pelophylax chosenicus",36.642172,126.025687,"ASIA","Chungcheongnam-do",2011,5,29,"cdc,cdround","https://www.inaturalist.org/observations/26202","http://creativecommons.org/licenses/by/4.0/legalcode","WGS84","1257409000","26202",NA,NA,NA,NA
"50c9509d-22c7-4a22-a47d-8c48425ef4a7","HUMAN_OBSERVATION","PRESENT","Pelophylax chosenicus",36.911822,126.612354,"ASIA","Chungcheongnam-do",2011,7,2,"cdc,cdround","https://www.inaturalist.org/observations/2575193","http://creativecommons.org/licenses/by/4.0/legalcode","WGS84","1305116544","2575193",NA,NA,NA,NA
"50c9509d-22c7-4a22-a47d-8c48425ef4a7","HUMAN_OBSERVATION","PRESENT","Pelophylax chosenicus",36.604905,126.1749,"ASIA","Chungcheongnam-do",2011,8,27,"cdc,cdround","https://www.inaturalist.org/observations/29174","http://creativecommons.org/licenses/by/4.0/legalcode","WGS84","1453079914","29174",NA,NA,NA,NA
"50c9509d-22c7-4a22-a47d-8c48425ef4a7","HUMAN_OBSERVATION","PRESENT","Pelophylax chosenicus",36.660918,126.181838,"ASIA","Chungcheongnam-do",2010,5,15,"cdc,cdround","https://www.inaturalist.org/observations/2507312","http://creativecommons.org/licenses/by/4.0/legalcode","WGS84","1453070477","2507312",NA,NA,NA,NA
"50c9509d-22c7-4a22-a47d-8c48425ef4a7","HUMAN_OBSERVATION","PRESENT","Pelophylax chosenicus",36.761771,126.525186,"ASIA","Chungcheongnam-do",2010,5,17,"cdc,cdround","https://www.inaturalist.org/observations/2507334","http://creativecommons.org/licenses/by/4.0/legalcode","WGS84","1273841887","2507334",NA,NA,NA,NA
"50c9509d-22c7-4a22-a47d-8c48425ef4a7","HUMAN_OBSERVATION","PRESENT","Pelophylax chosenicus",36.616508,126.176161,"ASIA","Chungcheongnam-do",2010,5,19,"cdc,cdround","https://www.inaturalist.org/observations/2507336","http://creativecommons.org/licenses/by/4.0/legalcode","WGS84","1273841879","2507336",NA,NA,NA,NA
"50c9509d-22c7-4a22-a47d-8c48425ef4a7","HUMAN_OBSERVATION","PRESENT","Pelophylax chosenicus",36.665389,126.316216,"ASIA","Chungcheongnam-do",2010,5,20,"cdc,cdround","https://www.inaturalist.org/observations/2507337","http://creativecommons.org/licenses/by/4.0/legalcode","WGS84","1257408863","2507337",NA,NA,NA,NA
"50c9509d-22c7-4a22-a47d-8c48425ef4a7","HUMAN_OBSERVATION","PRESENT","Pelophylax chosenicus",36.64147,126.057684,"ASIA","Chungcheongnam-do",2010,5,29,"cdc,cdround","https://www.inaturalist.org/observations/2507363","http://creativecommons.org/licenses/by/4.0/legalcode","WGS84","1257408862","2507363",NA,NA,NA,NA
"50c9509d-22c7-4a22-a47d-8c48425ef4a7","HUMAN_OBSERVATION","PRESENT","Pelophylax chosenicus",36.675647,126.180095,"ASIA","Chungcheongnam-do",2010,5,29,"cdc,cdround","https://www.inaturalist.org/observations/335258","http://creativecommons.org/licenses/by/4.0/legalcode","WGS84","1273844186","335258",NA,NA,NA,NA
"50c9509d-22c7-4a22-a47d-8c48425ef4a7","HUMAN_OBSERVATION","PRESENT","Pelophylax chosenicus",36.796544,126.151526,"ASIA","Chungcheongnam-do",2010,10,16,"cdc,cdround","https://www.inaturalist.org/observations/2513205","http://creativecommons.org/licenses/by/4.0/legalcode","WGS84","1257408879","2513205",NA,NA,NA,NA
"50c9509d-22c7-4a22-a47d-8c48425ef4a7","HUMAN_OBSERVATION","PRESENT","Pelophylax chosenicus",36.645624,126.90751,"ASIA","Chungcheongnam-do",2009,5,23,"cdc,cdround","https://www.inaturalist.org/observations/2500261","http://creativecommons.org/licenses/by/4.0/legalcode","WGS84","1273841859","2500261",NA,NA,NA,NA
"50c9509d-22c7-4a22-a47d-8c48425ef4a7","HUMAN_OBSERVATION","PRESENT","Pelophylax chosenicus",36.957964,126.976591,"ASIA","Gyeonggi-do",2009,5,28,"cdc,cdround","https://www.inaturalist.org/observations/2500273","http://creativecommons.org/licenses/by/4.0/legalcode","WGS84","1273841864","2500273",NA,NA,NA,NA
"50c9509d-22c7-4a22-a47d-8c48425ef4a7","HUMAN_OBSERVATION","PRESENT","Pelophylax chosenicus",36.806465,126.967153,"ASIA","Gyeonggi-do",2009,5,28,"cdc,cdround","https://www.inaturalist.org/observations/2500277","http://creativecommons.org/licenses/by/4.0/legalcode","WGS84","1273841863","2500277",NA,NA,NA,NA
"50c9509d-22c7-4a22-a47d-8c48425ef4a7","HUMAN_OBSERVATION","PRESENT","Pelophylax chosenicus",36.611281,126.500219,"ASIA","Chungcheongnam-do",2009,6,1,"cdc,cdround","https://www.inaturalist.org/observations/2500302","http://creativecommons.org/licenses/by/4.0/legalcode","WGS84","1273841865","2500302",NA,NA,NA,NA
"50c9509d-22c7-4a22-a47d-8c48425ef4a7","HUMAN_OBSERVATION","PRESENT","Pelophylax chosenicus",36.746501,126.115295,"ASIA","Chungcheongnam-do",2009,6,16,"cdc,cdround","https://www.inaturalist.org/observations/2500337","http://creativecommons.org/licenses/by/4.0/legalcode","WGS84","1273841856","2500337",NA,NA,NA,NA
"50c9509d-22c7-4a22-a47d-8c48425ef4a7","HUMAN_OBSERVATION","PRESENT","Pelophylax chosenicus",35.621629,126.732486,"ASIA","Jeollabuk-do",2009,6,21,"cdc,cdround","https://www.inaturalist.org/observations/2500350","http://creativecommons.org/licenses/by/4.0/legalcode","WGS84","1802605186","2500350",NA,NA,NA,NA
"50c9509d-22c7-4a22-a47d-8c48425ef4a7","HUMAN_OBSERVATION","PRESENT","Pelophylax chosenicus",36.792657,126.191001,"ASIA","Chungcheongnam-do",2009,7,4,"cdc,cdround","https://www.inaturalist.org/observations/2500557","http://creativecommons.org/licenses/by/4.0/legalcode","WGS84","1257408854","2500557",NA,NA,NA,NA
"50c9509d-22c7-4a22-a47d-8c48425ef4a7","HUMAN_OBSERVATION","PRESENT","Pelophylax chosenicus",36.779685,126.176959,"ASIA","Chungcheongnam-do",2009,7,11,"cdc,cdround","https://www.inaturalist.org/observations/2500603","http://creativecommons.org/licenses/by/4.0/legalcode","WGS84","1453070396","2500603",NA,NA,NA,NA
"50c9509d-22c7-4a22-a47d-8c48425ef4a7","HUMAN_OBSERVATION","PRESENT","Pelophylax chosenicus",36.179433,126.964053,"ASIA","Jeollabuk-do",2008,5,11,"cdc,cdround","https://www.inaturalist.org/observations/2492878","http://creativecommons.org/licenses/by/4.0/legalcode","WGS84","1273841820","2492878",NA,NA,NA,NA
"50c9509d-22c7-4a22-a47d-8c48425ef4a7","HUMAN_OBSERVATION","PRESENT","Pelophylax chosenicus",36.856279,126.96854,"ASIA","Gyeonggi-do",2008,5,25,"cdc,cdround","https://www.inaturalist.org/observations/2493482","http://creativecommons.org/licenses/by/4.0/legalcode","WGS84","1273841829","2493482",NA,NA,NA,NA
"50c9509d-22c7-4a22-a47d-8c48425ef4a7","HUMAN_OBSERVATION","PRESENT","Pelophylax chosenicus",36.82297,126.841438,"ASIA","Gyeonggi-do",2008,5,29,"cdc,cdround","https://www.inaturalist.org/observations/2493489","http://creativecommons.org/licenses/by/4.0/legalcode","WGS84","1273841831","2493489",NA,NA,NA,NA
"50c9509d-22c7-4a22-a47d-8c48425ef4a7","HUMAN_OBSERVATION","PRESENT","Pelophylax chosenicus",36.982682,126.945653,"ASIA","Gyeonggi-do",2008,5,30,"cdc,cdround","https://www.inaturalist.org/observations/2493490","http://creativecommons.org/licenses/by/4.0/legalcode","WGS84","1273841823","2493490",NA,NA,NA,NA
"50c9509d-22c7-4a22-a47d-8c48425ef4a7","HUMAN_OBSERVATION","PRESENT","Pelophylax chosenicus",36.615292,126.168239,"ASIA","Chungcheongnam-do",2008,6,6,"cdc,cdround","https://www.inaturalist.org/observations/2493522","http://creativecommons.org/licenses/by/4.0/legalcode","WGS84","1453070231","2493522",NA,NA,NA,NA
"50c9509d-22c7-4a22-a47d-8c48425ef4a7","HUMAN_OBSERVATION","PRESENT","Pelophylax chosenicus",36.866737,126.309405,"ASIA","Chungcheongnam-do",2008,6,21,"cdc,cdround","https://www.inaturalist.org/observations/2493590","http://creativecommons.org/licenses/by/4.0/legalcode","WGS84","2619925307","2493590",NA,NA,NA,NA
"50c9509d-22c7-4a22-a47d-8c48425ef4a7","HUMAN_OBSERVATION","PRESENT","Pelophylax chosenicus",35.563096,128.087037,"ASIA","Gyeongsangnam-do",2008,6,14,"cdc,cdround","https://www.inaturalist.org/observations/3473713","http://creativecommons.org/licenses/by/4.0/legalcode","WGS84","1273847528","3473713",NA,NA,NA,NA
"50c9509d-22c7-4a22-a47d-8c48425ef4a7","HUMAN_OBSERVATION","PRESENT","Pelophylax chosenicus",36.631893,126.589659,"ASIA","Chungcheongnam-do",2008,7,12,"cdc,cdround","https://www.inaturalist.org/observations/2493654","http://creativecommons.org/licenses/by/4.0/legalcode","WGS84","1273841832","2493654",NA,NA,NA,NA
"50c9509d-22c7-4a22-a47d-8c48425ef4a7","HUMAN_OBSERVATION","PRESENT","Pelophylax chosenicus",36.830562,126.255855,"ASIA","Chungcheongnam-do",2008,7,31,"cdc,cdround","https://www.inaturalist.org/observations/2493770","http://creativecommons.org/licenses/by/4.0/legalcode","WGS84","1273841825","2493770",NA,NA,NA,NA
"50c9509d-22c7-4a22-a47d-8c48425ef4a7","HUMAN_OBSERVATION","PRESENT","Pelophylax chosenicus",36.88731,126.169452,"ASIA","Chungcheongnam-do",2008,9,16,"cdc,cdround","https://www.inaturalist.org/observations/2495484","http://creativecommons.org/licenses/by/4.0/legalcode","WGS84","1273841841","2495484",NA,NA,NA,NA
"50c9509d-22c7-4a22-a47d-8c48425ef4a7","HUMAN_OBSERVATION","PRESENT","Pelophylax chosenicus",36.977218,126.020693,"ASIA","Chungcheongnam-do",2007,7,20,"cdc,cdround","https://www.inaturalist.org/observations/2484775","http://creativecommons.org/licenses/by/4.0/legalcode","WGS84","2619892303","2484775",NA,NA,NA,NA
"50c9509d-22c7-4a22-a47d-8c48425ef4a7","HUMAN_OBSERVATION","PRESENT","Pelophylax chosenicus",36.888061,126.105071,"ASIA","Chungcheongnam-do",2006,7,2,"cdc,cdround","https://www.inaturalist.org/observations/2466611","http://creativecommons.org/licenses/by/4.0/legalcode","WGS84","1273841750","2466611",NA,NA,NA,NA
"50c9509d-22c7-4a22-a47d-8c48425ef4a7","HUMAN_OBSERVATION","PRESENT","Pelophylax chosenicus",36.976542,126.06477,NA,"Chungcheongnam-do",2006,7,15,"cdround","https://www.inaturalist.org/observations/2466719","http://creativecommons.org/licenses/by/4.0/legalcode","WGS84","1273841753","2466719",NA,NA,NA,NA
"50c9509d-22c7-4a22-a47d-8c48425ef4a7","HUMAN_OBSERVATION","PRESENT","Pelophylax chosenicus",36.673411,126.29376,"ASIA","Chungcheongnam-do",2004,8,4,"cdc,cdround","https://www.inaturalist.org/observations/2444811","http://creativecommons.org/licenses/by/4.0/legalcode","WGS84","1273841701","2444811",NA,NA,NA,NA
"cece4fc2-1fec-4bb5-a335-7252548e3f0b","PRESERVED_SPECIMEN","PRESENT","Pelophylax chosenicus",37.823853,126.826786,"ASIA","Gyeonggi Prov.",1952,5,31,"cdround",NA,"http://creativecommons.org/publicdomain/zero/1.0/legalcode","WGS84","543677933","87080","3 mi SE of Munsan-ni, near village of P'Aiu-ri, about 30 mi N of Seoul",NA,61,"Alcohol"
