"SpeciesSearched","Scientific.Name","OrigOccurrences","Occurrences","StudyArea_Occur","Keys","Class","Family","Genus","Species"
"Bombina orientalis","Bombina orientalis",7604,7268,NA,2423441,"Amphibia","Bombinatoridae","Bombina","Bombina_orientalis"
"Bufo gargarizans","Bufo gargarizans",3499,3375,NA,5217144,"Amphibia","Bufonidae","Bufo","Bufo_gargarizans"
"Bufo stejnegeri","Bufo stejnegeri",705,686,NA,5217164,"Amphibia","Bufonidae","Bufo","Bufo_stejnegeri"
"Dryophytes japonicus","Dryophytes japonicus",10183,9502,NA,10857535,"Amphibia","Hylidae","Dryophytes","Dryophytes_japonicus"
"Dryophytes immaculatus","Dryophytes immaculatus",306,229,NA,10807870,"Amphibia","Hylidae","Dryophytes","Dryophytes_immaculatus"
NA,"Dryophytes flaviventris",0,0,0,11131547,NA,NA,NA,NA
"Glandirana emeljanovi","Glandirana emeljanovi",390,343,NA,2427333,"Amphibia","Ranidae","Glandirana","Glandirana_emeljanovi"
"Hynobius leechii","Hynobius leechii",6864,6183,NA,2431142,"Amphibia","Hynobiidae","Hynobius","Hynobius_leechii"
"Hynobius unisacculus","Hynobius unisacculus",60,60,NA,8780195,"Amphibia","Hynobiidae","Hynobius","Hynobius_unisacculus"
"Hynobius yangi","Hynobius yangi",82,82,NA,2431151,"Amphibia","Hynobiidae","Hynobius","Hynobius_yangi"
"Hynobius quelpaertensis","Hynobius quelpaertensis",329,320,NA,2431133,"Amphibia","Hynobiidae","Hynobius","Hynobius_quelpaertensis"
"Hynobius perplicatus","Hynobius perplicatus",96,86,NA,12211123,"Amphibia","Hynobiidae","Hynobius","Hynobius_perplicatus"
"Hynobius geojeensis","Hynobius geojeensis",68,61,NA,12256496,"Amphibia","Hynobiidae","Hynobius","Hynobius_geojeensis"
"Hynobius notialis","Hynobius notialis",50,43,NA,12203729,"Amphibia","Hynobiidae","Hynobius","Hynobius_notialis"
"Kaloula borealis","Kaloula borealis",725,634,NA,2421640,"Amphibia","Microhylidae","Kaloula","Kaloula_borealis"
"Karsenia koreana","Karsenia koreana",328,306,NA,2431476,"Amphibia","Plethodontidae","Karsenia","Karsenia_koreana"
"Lithobates catesbeianus","Lithobates catesbeianus",3870,3783,NA,2427091,"Amphibia","Ranidae","Lithobates","Lithobates_catesbeianus"
"Onychodactylus koreanus","Onychodactylus koreanus",872,836,NA,10500868,"Amphibia","Hynobiidae","Onychodactylus","Onychodactylus_koreanus"
NA,"Onychodactylus sillanus",0,0,0,NA,NA,NA,NA,NA
"Pelophylax chosenicus","Pelophylax chosenicus",272,271,NA,2426645,"Amphibia","Ranidae","Pelophylax","Pelophylax_chosenicus"
"Pelophylax nigromaculatus","Pelophylax nigromaculatus",10175,9921,NA,2426634,"Amphibia","Ranidae","Pelophylax","Pelophylax_nigromaculatus"
"Rana uenoi","Rana uenoi",1682,1436,NA,8949930,"Amphibia","Ranidae","Rana","Rana_uenoi"
"Rana huanrenensis","Rana huanrenensis",2123,1953,NA,2426797,"Amphibia","Ranidae","Rana","Rana_huanrenensis"
"Rana coreana","Rana coreana",2170,2028,NA,2426794,"Amphibia","Ranidae","Rana","Rana_coreana"
